id,title,description,seller_name,link,image_link,availability,price,sale_price,brand,gtin,mpn,identifier_exists,condition,product_category,item_group_id,color,size,gender,material,age_group,weight,item_weight_unit,additional_image_link,seller_privacy_policy,seller_tos,return_policy,target_countries,store_country
9429893901,"Kill Bill | Pussy Wagon Keychain","Kill Bill | Pussy Wagon KEYCHAIN From the iconic Tarantino movie, Kill Bill, this Pussy Wagon keychain is the perfect way to keep your keys easy to find and looking good! Measurements:  2.5 in. x 1.75 in. (63 mm x 44 mm) Please note: Colour may show lighter due to screen variances. Actual colour is dark pink.  Officially Licensed Product",Beserk,https://www.beserk.com.au/products/kill-bill-pussy-wagon-keychain?variant=34685839309&country=AU,https://cdn.shopify.com/s/files/1/0836/9167/files/collectables-kill-bill-pussy-wagon-keychain-3.jpg?v=1720533425,in_stock,"14.95 AUD",,"Quentin Tarantino",,BMF-NEC33500A,yes,new,KEYCHAINS,,,,,,,0.055,kg,"https://cdn.shopify.com/s/files/1/0836/9167/files/collectables-kill-bill-pussy-wagon-keychain-1.jpg?v=1720533425,https://cdn.shopify.com/s/files/1/0836/9167/files/collectables-kill-bill-pussy-wagon-keychain-2.jpg?v=1720533423,https://cdn.shopify.com/s/files/1/0836/9167/files/collectables-kill-bill-pussy-wagon-keychain-4.jpg?v=1689541271",https://www.beserk.com.au/pages/privacy-policy,https://www.beserk.com.au/pages/terms-and-conditions,https://www.beserk.com.au/pages/beserk-returns,AU,AU
9429899789,"Pulp Fiction [Brown] | Bad Mother F - Wallet","As used in the Pulp Fiction movie, ""It's the one that says bad mother f#%*er on it!"". Wanna be like Jules Winnfield (Samuel L Jackson)? Now you can with this wallet. And it also comes with your very own California State Driver's License, in the name of  Jules Winnfield ! On the back is written the infamous fictional bible verse of  Ezekiel 25:17. Colour : Brown  Measurements : 117mm x 94mm (4.6"" x 3.7"")   Materials: Genuine Leather Officially Licensed Product",Beserk,https://www.beserk.com.au/products/pulp-fiction-bad-mother-f-wallet?variant=34685899917&country=AU,https://cdn.shopify.com/s/files/1/0836/9167/files/collectables-pulp-fiction-brown-bad-mother-f-wallet-1.jpg?v=1689541272,in_stock,"39.95 AUD",,"Quentin Tarantino",,BMF-WALLET-BR,yes,new,BAGS,,,,,,,0.1,kg,"https://cdn.shopify.com/s/files/1/0836/9167/files/collectables-pulp-fiction-brown-bad-mother-f-wallet-2.jpg?v=1689541274,https://cdn.shopify.com/s/files/1/0836/9167/files/collectables-pulp-fiction-brown-bad-mother-f-wallet-3.jpg?v=1689541273,https://cdn.shopify.com/s/files/1/0836/9167/files/collectables-pulp-fiction-brown-bad-mother-f-wallet-4.jpg?v=1689541273,https://cdn.shopify.com/s/files/1/0836/9167/files/collectables-pulp-fiction-brown-bad-mother-f-wallet-5.jpg?v=1689541273,https://cdn.shopify.com/s/files/1/0836/9167/files/collectables-pulp-fiction-brown-bad-mother-f-wallet-6.jpg?v=1689541274",https://www.beserk.com.au/pages/privacy-policy,https://www.beserk.com.au/pages/terms-and-conditions,https://www.beserk.com.au/pages/beserk-returns,AU,AU
9429914317,"Love+ | Pressed Eyeshadow`","That impossible-to-find, bright matte red! Not for the faint-hearted. From the Addicted to Pretty collection. Net Weight: 3.5 grams /.12 oz. Please Note:  We recommend that you patch test any new product before its continued usage. If any redness or itching occurs do not continue use.  SUGARPILL",Beserk,https://www.beserk.com.au/products/love-plus-pressed-eyeshadow?variant=34686024269&country=AU,https://cdn.shopify.com/s/files/1/0836/9167/files/Capture_0babfde8-a236-4925-ad4b-20dea75277d5.jpg?v=1703616342,out_of_stock,"22.95 AUD",,Sugarpill,,SPP20,yes,new,MAKEUP,,,,,,,0.025,kg,"https://cdn.shopify.com/s/files/1/0836/9167/files/Capture2_ca6a7953-4d2a-4165-b07f-09daae8277a0.jpg?v=1703616341,https://cdn.shopify.com/s/files/1/0836/9167/files/Capture3_01918448-02fe-4dfb-9948-00bc52aaac01.jpg?v=1703616340",https://www.beserk.com.au/pages/privacy-policy,https://www.beserk.com.au/pages/terms-and-conditions,https://www.beserk.com.au/pages/beserk-returns,AU,AU
9429914765,"Bulletproof | Pressed Eyeshadow","Deepest matte black with extraordinary pigmentation and lasting wear. From the Addicted to Pretty collection. Net Weight: 3.5 grams /.12 oz. 100% Vegan & Cruelty-Free! Please Note:  We recommend that you patch test any new product before its continued usage. If any redness or itching occurs do not continue use.  SUGARPILL",Beserk,https://www.beserk.com.au/products/bulletproof-pressed-eyeshadow?variant=34686024909&country=AU,https://cdn.shopify.com/s/files/1/0836/9167/files/bulletproof-or-pressed-eyeshadow-beserk-all-beserkstaple-black-clickfrenzy15-2023-cosmetics-discountapp-eyes-eyeshadow-eyeshadow-pressed-fp-gothic-halloween-halloween-makeup-labelvega.jpg?v=1687775783,in_stock,"22.95 AUD",,Sugarpill,,SPP25,yes,new,MAKEUP,,,,,,,0.025,kg,https://cdn.shopify.com/s/files/1/0836/9167/files/bulletproof-or-pressed-eyeshadow-beserk-all-beserkstaple-black-clickfrenzy15-2023-cosmetics-discountapp-eyes-eyeshadow-eyeshadow-pressed-fp-gothic-halloween-halloween-makeup-labelvega_be9428b8-a85e-47f5-a09c-b48c04f626ae.jpg?v=1687775785,https://www.beserk.com.au/pages/privacy-policy,https://www.beserk.com.au/pages/terms-and-conditions,https://www.beserk.com.au/pages/beserk-returns,AU,AU
9429934925,"After Midnight | Classic Colour","As a deep and brooding shade of blue, After Midnight resembles the dark sky on a clear and starry night.  After Midnight  is our deepest, darkest blue hair dye with green undertones. This colour can add dark blue highlights to virgin, unbleached hair, but for best results, we recommend lightening hair to a very light level 9 blonde or lighter and toning hair that has yellow tones before use to avoid undesired hues. Cream Formula Semi-Permanent Hair Colour. Vegan Formula colours and conditions hair. Manic Panic Hair Colour is a conditioning semi-permanent hair colour fortified with a herbal & protein complex. It does not damage the hair but actually, has restorative properties adding moisture and ""fill"" to processed hair. Manic Panic contains no animal by-products, is not tested on animals & is 100% Vegan. WEIGHT: 4 fl. oz / 118ml *Photos are from the Manic Panic Website  Please Note: We recommend that you patch test any new product before its continued usage. If any redness or itching occurs do not continue use.  MANIC PANIC  Shop all  Blue Hair Colour",Beserk,https://www.beserk.com.au/products/after-midnight-classic-colour?variant=34686205581&country=AU,https://cdn.shopify.com/s/files/1/0836/9167/files/after-midnight-or-classic-colour-beserk-all-blue-clickfrenzy15-2023-cosmetics-cpgstinc-dark-blue-discountapp-dye-ebaymp-fp-goth-hair-blue-hair-colour-hair-dye-labelvegan-manic-panic-m.jpg?v=1687775797,in_stock,"29.95 AUD",,"Manic Panic",,MP-HCR22001,yes,new,HAIR,,Blue,,,,,0.16,kg,"https://cdn.shopify.com/s/files/1/0836/9167/files/after-midnight-or-classic-colour-beserk-all-blue-clickfrenzy15-2023-cosmetics-cpgstinc-dark-blue-discountapp-dye-ebaymp-fp-goth-hair-blue-hair-colour-hair-dye-labelvegan-manic-panic-m_9b06a41d-a061-4047-bb3a-d915125727c1.jpg?v=1687775799,https://cdn.shopify.com/s/files/1/0836/9167/files/after-midnight-or-classic-colour-beserk-all-blue-clickfrenzy15-2023-cosmetics-cpgstinc-dark-blue-discountapp-dye-ebaymp-fp-goth-hair-blue-hair-colour-hair-dye-labelvegan-manic-panic-m_076b998e-e8f1-4d4c-af6f-49d0b577978c.jpg?v=1687775801,https://cdn.shopify.com/s/files/1/0836/9167/files/after-midnight-or-classic-colour-beserk-all-blue-clickfrenzy15-2023-cosmetics-cpgstinc-dark-blue-discountapp-dye-ebaymp-fp-goth-hair-blue-hair-colour-hair-dye-labelvegan-manic-panic-m_6d539694-ecbd-4f3a-944c-e76fbc255d97.jpg?v=1687775804,https://cdn.shopify.com/s/files/1/0836/9167/files/after-midnight-or-classic-colour-beserk-all-blue-clickfrenzy15-2023-cosmetics-cpgstinc-dark-blue-discountapp-dye-ebaymp-fp-goth-hair-blue-hair-colour-hair-dye-labelvegan-manic-panic-m_efa8b320-7a57-4137-b2a5-4e3a60d43fad.jpg?v=1687775806,https://cdn.shopify.com/s/files/1/0836/9167/files/after-midnight-or-classic-colour-beserk-all-blue-clickfrenzy15-2023-cosmetics-cpgstinc-dark-blue-discountapp-dye-ebaymp-fp-goth-hair-blue-hair-colour-hair-dye-labelvegan-manic-panic-m_3046338f-d27e-494d-a552-d0bc9a57915a.jpg?v=1687775808,https://cdn.shopify.com/s/files/1/0836/9167/files/after-midnight-or-classic-colour-beserk-all-blue-clickfrenzy15-2023-cosmetics-cpgstinc-dark-blue-discountapp-dye-ebaymp-fp-goth-hair-blue-hair-colour-hair-dye-labelvegan-manic-panic-m_c23cf742-5846-44b6-a47f-1fd83da2204a.jpg?v=1687775810,https://cdn.shopify.com/s/files/1/0836/9167/files/after-midnight-or-classic-colour-beserk-all-blue-clickfrenzy15-2023-cosmetics-cpgstinc-dark-blue-discountapp-dye-ebaymp-fp-goth-hair-blue-hair-colour-hair-dye-labelvegan-manic-panic-m_5135a2bc-ad84-47bf-a6d2-3db550d734be.jpg?v=1687775813",https://www.beserk.com.au/pages/privacy-policy,https://www.beserk.com.au/pages/terms-and-conditions,https://www.beserk.com.au/pages/beserk-returns,AU,AU
9429935373,"Virgin Snow | Classic Colour","This product is actually a violet-based toner, not a semi-permanent dye. For the whitest tint of platinum blonde, or to tone the yellow out of your hair before dyeing, our Virgin Snow is an absolute must-have. After applied to pre-bleached hair, the color will come out as white and unadulterated as freshly fallen snow Cream Formula Semi-Permanent Hair Color. Vegan Formula colors and conditions hair. Manic Panic Hair Color is a conditioning semi-permanent hair colour fortified with a herbal & protein complex. It does not damage the hair but actually, has restorative properties adding moisture and ""fill"" to processed hair. Manic Panic contains no animal by-products, is not tested on animals & is 100% Vegan. WEIGHT : 4 fl. oz / 118ml *Photos are from the Manic Panic Website Please Note: We recommend that you patch test any new product before its continued usage. If any redness or itching occurs do not continue use.  MANIC PANIC ",Beserk,https://www.beserk.com.au/products/virgin-snow-classic-colour?variant=34686209549&country=AU,https://cdn.shopify.com/s/files/1/0836/9167/files/virgin-snow-or-classic-colour-beserk-all-clickfrenzy15-2023-cosmetics-cpgstinc-discountapp-dye-ebaymp-fp-hair-colour-hair-dye-hair-products-hair-toner-labelvegan-manic-panic-manic-pan.jpg?v=1687775797,in_stock,"29.95 AUD",,"Manic Panic",,"MP-HCR11033 MANC038",yes,new,HAIR,,White,,,,,0.16,kg,"https://cdn.shopify.com/s/files/1/0836/9167/files/virgin-snow-or-classic-colour-beserk-all-clickfrenzy15-2023-cosmetics-cpgstinc-discountapp-dye-ebaymp-fp-hair-colour-hair-dye-hair-products-hair-toner-labelvegan-manic-panic-manic-pan_42f44f0b-b840-46d6-84b9-4b6b07a7f989.jpg?v=1687775799,https://cdn.shopify.com/s/files/1/0836/9167/files/virgin-snow-or-classic-colour-beserk-all-clickfrenzy15-2023-cosmetics-cpgstinc-discountapp-dye-ebaymp-fp-hair-colour-hair-dye-hair-products-hair-toner-labelvegan-manic-panic-manic-pan_6dac271d-518a-4e6c-adab-6597c07197c8.jpg?v=1687775801,https://cdn.shopify.com/s/files/1/0836/9167/files/virgin-snow-or-classic-colour-beserk-all-clickfrenzy15-2023-cosmetics-cpgstinc-discountapp-dye-ebaymp-fp-hair-colour-hair-dye-hair-products-hair-toner-labelvegan-manic-panic-manic-pan_904c8cc2-54f9-4c0e-b6f1-6fafdb8e2335.jpg?v=1687775803,https://cdn.shopify.com/s/files/1/0836/9167/files/virgin-snow-or-classic-colour-beserk-all-clickfrenzy15-2023-cosmetics-cpgstinc-discountapp-dye-ebaymp-fp-hair-colour-hair-dye-hair-products-hair-toner-labelvegan-manic-panic-manic-pan_9f10d94a-5dd4-4220-a695-82a0e79ef434.jpg?v=1687775805,https://cdn.shopify.com/s/files/1/0836/9167/files/virgin-snow-or-classic-colour-beserk-all-clickfrenzy15-2023-cosmetics-cpgstinc-discountapp-dye-ebaymp-fp-hair-colour-hair-dye-hair-products-hair-toner-labelvegan-manic-panic-manic-pan_fb4d361b-4d15-49d6-b1d0-395d5dc1e867.jpg?v=1687775808",https://www.beserk.com.au/pages/privacy-policy,https://www.beserk.com.au/pages/terms-and-conditions,https://www.beserk.com.au/pages/beserk-returns,AU,AU
9429935501,"Cotton Candy | Classic Colour","One of the most popular Manic Panic colours, Neon Cotton Candy Pink is a lovely, bright cool-toned pink hair dye. This shade glows under a black light, so we recommend using Cotton Candy Pink on hair that's been lightened to a very light level 9 blonde. Cream Formula Semi-Permanent Hair Colour. Vegan Formula colors and conditions hair. Manic Panic Hair Colour is a conditioning semi-permanent hair colour fortified with a herbal & protein complex. It does not damage the hair but actually has restorative properties adding moisture and ""fill"" to processed hair. Manic Panic contains no animal by-products, is not tested on animals & is 100% Vegan. WEIGHT: 4 fl. oz / 118ml *Photos are from the Manic Panic Website Please Note: We recommend that you patch test any new product before its continued usage. If any redness or itching occurs do not continue use.  MANIC PANIC  Shop all  Manic Panic Shop all  Pink Hair Colour",Beserk,https://www.beserk.com.au/products/cotton-candy-classic-colour?variant=34686211469&country=AU,https://cdn.shopify.com/s/files/1/0836/9167/files/cotton-candy-or-classic-colour-beserk-all-bright-clickfrenzy15-2023-cosmetics-cpgstinc-discountapp-dye-ebaymp-fp-hair-colour-hair-dye-hair-pink-labeluvreactive-labelvegan-manic-panic.jpg?v=1687775797,in_stock,"29.95 AUD",,"Manic Panic",,MP-HCR22004,yes,new,HAIR,,Pink,,,,,0.16,kg,"https://cdn.shopify.com/s/files/1/0836/9167/files/cotton-candy-or-classic-colour-beserk-all-bright-clickfrenzy15-2023-cosmetics-cpgstinc-discountapp-dye-ebaymp-fp-hair-colour-hair-dye-hair-pink-labeluvreactive-labelvegan-manic-panic_2e1f7485-addf-4e08-9ba8-7a56f9d01275.jpg?v=1687775799,https://cdn.shopify.com/s/files/1/0836/9167/files/cotton-candy-or-classic-colour-beserk-all-bright-clickfrenzy15-2023-cosmetics-cpgstinc-discountapp-dye-ebaymp-fp-hair-colour-hair-dye-hair-pink-labeluvreactive-labelvegan-manic-panic_cc7de7b6-b74d-4166-9b55-2723f49a9a3f.jpg?v=1687775801,https://cdn.shopify.com/s/files/1/0836/9167/files/cotton-candy-or-classic-colour-beserk-all-bright-clickfrenzy15-2023-cosmetics-cpgstinc-discountapp-dye-ebaymp-fp-hair-colour-hair-dye-hair-pink-labeluvreactive-labelvegan-manic-panic_5053ad63-5beb-429f-b464-5a8ec7b0ac8f.jpg?v=1687775803,https://cdn.shopify.com/s/files/1/0836/9167/files/cotton-candy-or-classic-colour-beserk-all-bright-clickfrenzy15-2023-cosmetics-cpgstinc-discountapp-dye-ebaymp-fp-hair-colour-hair-dye-hair-pink-labeluvreactive-labelvegan-manic-panic_b7883bd7-90e9-46df-a801-f38777528f7c.jpg?v=1687775805,https://cdn.shopify.com/s/files/1/0836/9167/files/cotton-candy-or-classic-colour-beserk-all-bright-clickfrenzy15-2023-cosmetics-cpgstinc-discountapp-dye-ebaymp-fp-hair-colour-hair-dye-hair-pink-labeluvreactive-labelvegan-manic-panic_aba6a590-bafe-4af2-b4cd-4928e3f876e4.jpg?v=1687775808,https://cdn.shopify.com/s/files/1/0836/9167/files/cotton-candy-or-classic-colour-beserk-all-bright-clickfrenzy15-2023-cosmetics-cpgstinc-discountapp-dye-ebaymp-fp-hair-colour-hair-dye-hair-pink-labeluvreactive-labelvegan-manic-panic_b26e1cc3-116f-42f4-bd37-34a7fd8f8612.jpg?v=1687775810",https://www.beserk.com.au/pages/privacy-policy,https://www.beserk.com.au/pages/terms-and-conditions,https://www.beserk.com.au/pages/beserk-returns,AU,AU
9429935693,"Hot Hot Pink | Classic Colour","This shade of pink is so hot, we had to say it twice. This  hot pink hair dye It is a bright punch of a gorgeous magenta colour, and will be sure to cause a scene. Bleaching is recommended before dyeing for the best results, and this colour also glows under black light. ~ Cream Formula Semi-Permanent Hair Colour ~ Vegan Formula colours and conditions hair Manic Panic Hair Colour is a conditioning semi-permanent hair colour fortified with a herbal & protein complex. It does not damage the hair but actually, has restorative properties adding moisture and ""fill"" to processed hair. Manic Panic contains no animal by-products, is not tested on animals & is 100% Vegan. WEIGHT: 4 fl. oz / 118ml *Photos are from the Manic Panic Website Please Note: We recommend that you patch test any new product before its continued usage. If any redness or itching occurs do not continue use.  MANIC PANIC  Shop all  Manic Panic",Beserk,https://www.beserk.com.au/products/hot-hot-pink-classic-colour?variant=34686211853&country=AU,https://cdn.shopify.com/s/files/1/0836/9167/files/hot-hot-pink-or-classic-colour-beserk-all-clickfrenzy15-2023-cosmetics-cpgstinc-discountapp-dye-ebaymp-fp-hair-hair-colour-hair-dye-hair-pink-labeluvreactive-labelvegan-manic-panic-ma.jpg?v=1687775797,in_stock,"29.95 AUD",,"Manic Panic",,MP-HCR22015,yes,new,HAIR,,Pink,,,,,0.16,kg,"https://cdn.shopify.com/s/files/1/0836/9167/files/hot-hot-pink-or-classic-colour-beserk-all-clickfrenzy15-2023-cosmetics-cpgstinc-discountapp-dye-ebaymp-fp-hair-hair-colour-hair-dye-hair-pink-labeluvreactive-labelvegan-manic-panic-ma_86d1a05d-058d-44cd-a521-2235f2b7465c.jpg?v=1687775799,https://cdn.shopify.com/s/files/1/0836/9167/files/hot-hot-pink-or-classic-colour-beserk-all-clickfrenzy15-2023-cosmetics-cpgstinc-discountapp-dye-ebaymp-fp-hair-hair-colour-hair-dye-hair-pink-labeluvreactive-labelvegan-manic-panic-ma_69e947c2-43e6-4691-b47f-a3f3b7a7e7b2.jpg?v=1687775801,https://cdn.shopify.com/s/files/1/0836/9167/files/hot-hot-pink-or-classic-colour-beserk-all-clickfrenzy15-2023-cosmetics-cpgstinc-discountapp-dye-ebaymp-fp-hair-hair-colour-hair-dye-hair-pink-labeluvreactive-labelvegan-manic-panic-ma_54bd9ec8-aeb7-4f88-9270-b2556e56d8b3.jpg?v=1687775803,https://cdn.shopify.com/s/files/1/0836/9167/files/hot-hot-pink-or-classic-colour-beserk-all-clickfrenzy15-2023-cosmetics-cpgstinc-discountapp-dye-ebaymp-fp-hair-hair-colour-hair-dye-hair-pink-labeluvreactive-labelvegan-manic-panic-ma_df4bb3f1-5dbe-4868-a47f-ad7cf917228e.jpg?v=1687775806,https://cdn.shopify.com/s/files/1/0836/9167/files/hot-hot-pink-or-classic-colour-beserk-all-clickfrenzy15-2023-cosmetics-cpgstinc-discountapp-dye-ebaymp-fp-hair-hair-colour-hair-dye-hair-pink-labeluvreactive-labelvegan-manic-panic-ma_ca19bb1b-2574-49f0-a905-e1cf81627255.jpg?v=1687775808,https://cdn.shopify.com/s/files/1/0836/9167/files/hot-hot-pink-or-classic-colour-beserk-all-clickfrenzy15-2023-cosmetics-cpgstinc-discountapp-dye-ebaymp-fp-hair-hair-colour-hair-dye-hair-pink-labeluvreactive-labelvegan-manic-panic-ma_d66bfb63-8c3c-4bb5-a660-a1f1e5707c1d.jpg?v=1687775810",https://www.beserk.com.au/pages/privacy-policy,https://www.beserk.com.au/pages/terms-and-conditions,https://www.beserk.com.au/pages/beserk-returns,AU,AU
9429935821,"Purple Haze | Classic Colour","As a bright and warm hue of violet, Purple Haze is named after a Jimi Hendrix song, and is very popular among Dye Hard fans. For the Met Ball in 2014, celebrity stylist Ted Gibson used this dye to tint the locks of Oscar-winner Lupita Nyong. The color can add beautiful highlights to darker shades of hair. Cream Formula Semi-Permanent Hair Color. Vegan Formula colors and conditions hair. Manic Panic Hair Color is a conditioning semi-permanent hair colour fortified with a herbal & protein complex. It does not damage the hair but actually, has restorative properties adding moisture and ""fill"" to processed hair. Manic Panic contains no animal by-products, is not tested on animals & is 100% Vegan. WEIGHT : 4 fl. oz / 118ml *Photos are from the Manic Panic Website Please Note: We recommend that you patch test any new product before its continued usage. If any redness or itching occurs do not continue use.  MANIC PANIC ",Beserk,https://www.beserk.com.au/products/purple-haze-classic-colour?variant=34686212045&country=AU,https://cdn.shopify.com/s/files/1/0836/9167/files/purple-haze-or-classic-colour-beserk-all-clickfrenzy15-2023-cosmetics-cpgstinc-discountapp-dye-ebaymp-fp-hair-colour-hair-dye-hair-purple-labelvegan-manic-panic-manic-panic-hair-merma.jpg?v=1687775797,in_stock,"29.95 AUD",,"Manic Panic",,MP-HCR11024,yes,new,HAIR,,Purple,,,,,0.16,kg,"https://cdn.shopify.com/s/files/1/0836/9167/files/purple-haze-or-classic-colour-beserk-all-clickfrenzy15-2023-cosmetics-cpgstinc-discountapp-dye-ebaymp-fp-hair-colour-hair-dye-hair-purple-labelvegan-manic-panic-manic-panic-hair-merma_4698b363-b574-43c2-afc9-382b9380ce69.jpg?v=1687775799,https://cdn.shopify.com/s/files/1/0836/9167/files/purple-haze-or-classic-colour-beserk-all-clickfrenzy15-2023-cosmetics-cpgstinc-discountapp-dye-ebaymp-fp-hair-colour-hair-dye-hair-purple-labelvegan-manic-panic-manic-panic-hair-merma_a886e4a2-dc83-4a99-894a-bec4d16aed12.jpg?v=1687775801,https://cdn.shopify.com/s/files/1/0836/9167/files/purple-haze-or-classic-colour-beserk-all-clickfrenzy15-2023-cosmetics-cpgstinc-discountapp-dye-ebaymp-fp-hair-colour-hair-dye-hair-purple-labelvegan-manic-panic-manic-panic-hair-merma_4edc31f2-9a74-4774-87c2-29ad5dc86363.jpg?v=1687775804,https://cdn.shopify.com/s/files/1/0836/9167/files/purple-haze-or-classic-colour-beserk-all-clickfrenzy15-2023-cosmetics-cpgstinc-discountapp-dye-ebaymp-fp-hair-colour-hair-dye-hair-purple-labelvegan-manic-panic-manic-panic-hair-merma_9938f4e5-9f8b-4ecf-a2e4-007eec859f95.jpg?v=1687775806,https://cdn.shopify.com/s/files/1/0836/9167/files/purple-haze-or-classic-colour-beserk-all-clickfrenzy15-2023-cosmetics-cpgstinc-discountapp-dye-ebaymp-fp-hair-colour-hair-dye-hair-purple-labelvegan-manic-panic-manic-panic-hair-merma_51fb3751-d103-4fbb-9d74-4719084ba98d.jpg?v=1687775809,https://cdn.shopify.com/s/files/1/0836/9167/files/purple-haze-or-classic-colour-beserk-all-clickfrenzy15-2023-cosmetics-cpgstinc-discountapp-dye-ebaymp-fp-hair-colour-hair-dye-hair-purple-labelvegan-manic-panic-manic-panic-hair-merma_0800ada1-6da8-442c-b90a-5eb8ec7c0458.jpg?v=1687775811,https://cdn.shopify.com/s/files/1/0836/9167/files/purple-haze-or-classic-colour-beserk-all-clickfrenzy15-2023-cosmetics-cpgstinc-discountapp-dye-ebaymp-fp-hair-colour-hair-dye-hair-purple-labelvegan-manic-panic-manic-panic-hair-merma_fa5069a0-7503-427a-a2b1-14d1c1b0a78e.jpg?v=1687775813",https://www.beserk.com.au/pages/privacy-policy,https://www.beserk.com.au/pages/terms-and-conditions,https://www.beserk.com.au/pages/beserk-returns,AU,AU
9429943949,"Enchanted Forest | Classic Colour","Enchanted Forest  is a deep teal green dye with blue undertones that gives hair dark, earthy tones. This color can give virgin, unbleached hair green tones, but for best results we recommend lightening hair to medium level 7 blonde or lighter before use. Cream Formula Semi-Permanent Hair Color. Vegan Formula colors and conditions hair. Manic Panic Hair Color is a conditioning semi-permanent hair colour fortified with a herbal & protein complex. It does not damage the hair but actually, has restorative properties adding moisture and ""fill"" to processed hair. Manic Panic contains no animal by-products, is not tested on animals & is 100% Vegan. WEIGHT : 4 fl. oz / 118ml *Photos are from the Manic Panic Website  Please Note: We recommend that you patch test any new product before its continued usage. If any redness or itching occurs do not continue use.  MANIC PANIC ",Beserk,https://www.beserk.com.au/products/enchanted-forest-classic-colour?variant=34686283021&country=AU,https://cdn.shopify.com/s/files/1/0836/9167/files/enchanted-forest-or-classic-colour-beserk-420sale-all-clickfrenzy15-2023-cosmetics-cpgstinc-discountapp-dye-ebaymp-fp-goth-green-hair-hair-colour-hair-dye-hair-green-labelvegan-manic.jpg?v=1687775815,in_stock,"29.95 AUD",,"Manic Panic",,MP-HCR11009,yes,new,HAIR,,Blue,,,,,0.16,kg,"https://cdn.shopify.com/s/files/1/0836/9167/files/enchanted-forest-or-classic-colour-beserk-420sale-all-clickfrenzy15-2023-cosmetics-cpgstinc-discountapp-dye-ebaymp-fp-goth-green-hair-hair-colour-hair-dye-hair-green-labelvegan-manic_f7c7bb11-0c6d-4d65-acb0-ba548b000e62.jpg?v=1687775818,https://cdn.shopify.com/s/files/1/0836/9167/files/enchanted-forest-or-classic-colour-beserk-420sale-all-clickfrenzy15-2023-cosmetics-cpgstinc-discountapp-dye-ebaymp-fp-goth-green-hair-hair-colour-hair-dye-hair-green-labelvegan-manic_c4ec4ab4-9cd6-4f5d-8d6d-c81656867667.jpg?v=1687775820,https://cdn.shopify.com/s/files/1/0836/9167/files/enchanted-forest-or-classic-colour-beserk-420sale-all-clickfrenzy15-2023-cosmetics-cpgstinc-discountapp-dye-ebaymp-fp-goth-green-hair-hair-colour-hair-dye-hair-green-labelvegan-manic_12f89608-e5c8-48e1-a8a0-435c4fc1c691.jpg?v=1687775822,https://cdn.shopify.com/s/files/1/0836/9167/files/enchanted-forest-or-classic-colour-beserk-420sale-all-clickfrenzy15-2023-cosmetics-cpgstinc-discountapp-dye-ebaymp-fp-goth-green-hair-hair-colour-hair-dye-hair-green-labelvegan-manic_d140291b-2cd6-4d2b-b269-c0617fe1c196.jpg?v=1687775824,https://cdn.shopify.com/s/files/1/0836/9167/files/enchanted-forest-or-classic-colour-beserk-420sale-all-clickfrenzy15-2023-cosmetics-cpgstinc-discountapp-dye-ebaymp-fp-goth-green-hair-hair-colour-hair-dye-hair-green-labelvegan-manic_7a1434d8-75b2-43e4-beb1-86d2b47d4855.jpg?v=1687775827,https://cdn.shopify.com/s/files/1/0836/9167/files/enchanted-forest-or-classic-colour-beserk-420sale-all-clickfrenzy15-2023-cosmetics-cpgstinc-discountapp-dye-ebaymp-fp-goth-green-hair-hair-colour-hair-dye-hair-green-labelvegan-manic_97bc0cd4-5eeb-4c44-9f58-ca7755741d09.jpg?v=1687775829,https://cdn.shopify.com/s/files/1/0836/9167/files/enchanted-forest-or-classic-colour-beserk-420sale-all-clickfrenzy15-2023-cosmetics-cpgstinc-discountapp-dye-ebaymp-fp-goth-green-hair-hair-colour-hair-dye-hair-green-labelvegan-manic_05881305-d317-4ee3-8e2b-f86e150b5720.jpg?v=1687775831",https://www.beserk.com.au/pages/privacy-policy,https://www.beserk.com.au/pages/terms-and-conditions,https://www.beserk.com.au/pages/beserk-returns,AU,AU
9429944141,"Green Envy | Classic Colour","It's no accident that this color is named Green Envy; having hair this ""money"" is sure to make anybody jealous. As one of our deepest shades of green, this dye adds some dimensional highlights to darker hair colors Cream Formula Semi-Permanent Hair Color. Vegan Formula colors and conditions hair. Manic Panic Hair Color is a conditioning semi-permanent hair colour fortified with a herbal & protein complex. It does not damage the hair but actually, has restorative properties adding moisture and ""fill"" to processed hair. Manic Panic contains no animal by-products, is not tested on animals & is 100% Vegan. WEIGHT : 4 fl. oz / 118ml *Photos are from the Manic Panic Website  Please Note: We recommend that you patch test any new product before its continued usage. If any redness or itching occurs do not continue use.  MANIC PANIC ",Beserk,https://www.beserk.com.au/products/green-envy-classic-colour?variant=34686283597&country=AU,https://cdn.shopify.com/s/files/1/0836/9167/files/green-envy-or-classic-colour-beserk-420sale-all-clickfrenzy15-2023-cosmetics-cpgstinc-discountapp-dye-ebaymp-fp-goth-green-hair-hair-colour-hair-dye-hair-green-labelvegan-manic-panic.jpg?v=1687775816,in_stock,"29.95 AUD",,"Manic Panic",,MP-HCR11014,yes,new,HAIR,,Green,,,,,0.16,kg,"https://cdn.shopify.com/s/files/1/0836/9167/files/green-envy-or-classic-colour-beserk-420sale-all-clickfrenzy15-2023-cosmetics-cpgstinc-discountapp-dye-ebaymp-fp-goth-green-hair-hair-colour-hair-dye-hair-green-labelvegan-manic-panic_a3be4fe7-075e-4116-a997-e4dec75db9f2.jpg?v=1687775818,https://cdn.shopify.com/s/files/1/0836/9167/files/green-envy-or-classic-colour-beserk-420sale-all-clickfrenzy15-2023-cosmetics-cpgstinc-discountapp-dye-ebaymp-fp-goth-green-hair-hair-colour-hair-dye-hair-green-labelvegan-manic-panic_69128892-d485-45d2-b63a-e202d4bdda14.jpg?v=1687775820,https://cdn.shopify.com/s/files/1/0836/9167/files/green-envy-or-classic-colour-beserk-420sale-all-clickfrenzy15-2023-cosmetics-cpgstinc-discountapp-dye-ebaymp-fp-goth-green-hair-hair-colour-hair-dye-hair-green-labelvegan-manic-panic_4d767fe3-64fb-457b-897c-47bd8a80dc53.jpg?v=1687775822,https://cdn.shopify.com/s/files/1/0836/9167/files/green-envy-or-classic-colour-beserk-420sale-all-clickfrenzy15-2023-cosmetics-cpgstinc-discountapp-dye-ebaymp-fp-goth-green-hair-hair-colour-hair-dye-hair-green-labelvegan-manic-panic_c21e490b-2d91-4e17-a7e3-73101060eaf3.jpg?v=1687775825,https://cdn.shopify.com/s/files/1/0836/9167/files/green-envy-or-classic-colour-beserk-420sale-all-clickfrenzy15-2023-cosmetics-cpgstinc-discountapp-dye-ebaymp-fp-goth-green-hair-hair-colour-hair-dye-hair-green-labelvegan-manic-panic_6b92abf8-7648-4854-8230-c46b205f59dd.jpg?v=1687775828,https://cdn.shopify.com/s/files/1/0836/9167/files/green-envy-or-classic-colour-beserk-420sale-all-clickfrenzy15-2023-cosmetics-cpgstinc-discountapp-dye-ebaymp-fp-goth-green-hair-hair-colour-hair-dye-hair-green-labelvegan-manic-panic_94c5bd96-bdd2-495f-8c5b-33db039be36e.jpg?v=1687775830",https://www.beserk.com.au/pages/privacy-policy,https://www.beserk.com.au/pages/terms-and-conditions,https://www.beserk.com.au/pages/beserk-returns,AU,AU
9429944205,"Atomic Turquoise | Classic Colour","If you want bright aqua tresses that conjure visions of a serene Caribbean Sea, this is the perfect dye for you. Atomic Turquoise is a favorite of Red Hot Chili Peppers bassist Flea and musician/muse Sharaya J!  Atomic Turquoise  is a bright, neon, radiant aqua blue hair dye with green undertones. This colour can add turquoise tones to virgin, unbleached hair, but looks brightest when hair is lightened to the lightest level 10 blonde. We recommend toning hair that has yellow tones before use to avoid undesired hues. Cream Formula Semi-Permanent Hair Color. Vegan Formula colors and conditions hair. Manic Panic Hair Color is a conditioning semi-permanent hair colour fortified with a herbal & protein complex. It does not damage the hair but actually, has restorative properties adding moisture and ""fill"" to processed hair. Manic Panic contains no animal by-products, is not tested on animals & is 100% Vegan. WEIGHT : 4 fl. oz / 118ml *Photos are from the Manic Panic Website  Please Note: We recommend that you patch test any new product before its continued usage. If any redness or itching occurs do not continue use.  MANIC PANIC  Shop all  Hair Colour",Beserk,https://www.beserk.com.au/products/atomic-turquoise-classic-colour?variant=34686283725&country=AU,https://cdn.shopify.com/s/files/1/0836/9167/files/atomic-turquoise-or-classic-colour-beserk-420sale-all-clickfrenzy15-2023-cosmetics-cpgstinc-discountapp-dye-ebaymp-fp-hair-blue-hair-colour-hair-dye-hair-green-labelvegan-manic-panic.jpg?v=1687775815,in_stock,"29.95 AUD",,"Manic Panic",,"MP-HCR11002 HCR22002",yes,new,HAIR,,Turquoise,,,,,0.16,kg,"https://cdn.shopify.com/s/files/1/0836/9167/files/atomic-turquoise-or-classic-colour-beserk-420sale-all-clickfrenzy15-2023-cosmetics-cpgstinc-discountapp-dye-ebaymp-fp-hair-blue-hair-colour-hair-dye-hair-green-labelvegan-manic-panic_b6c1fbc0-8d9c-4b0c-9b63-b306a89ef0c1.jpg?v=1687775817,https://cdn.shopify.com/s/files/1/0836/9167/files/atomic-turquoise-or-classic-colour-beserk-420sale-all-clickfrenzy15-2023-cosmetics-cpgstinc-discountapp-dye-ebaymp-fp-hair-blue-hair-colour-hair-dye-hair-green-labelvegan-manic-panic_9aaa0921-2af5-4859-a230-ef6b49bf3dae.jpg?v=1687775820,https://cdn.shopify.com/s/files/1/0836/9167/files/atomic-turquoise-or-classic-colour-beserk-420sale-all-clickfrenzy15-2023-cosmetics-cpgstinc-discountapp-dye-ebaymp-fp-hair-blue-hair-colour-hair-dye-hair-green-labelvegan-manic-panic_51ee75d8-bbf1-43fb-be56-7590420bd4a1.jpg?v=1687775822,https://cdn.shopify.com/s/files/1/0836/9167/files/atomic-turquoise-or-classic-colour-beserk-420sale-all-clickfrenzy15-2023-cosmetics-cpgstinc-discountapp-dye-ebaymp-fp-hair-blue-hair-colour-hair-dye-hair-green-labelvegan-manic-panic_fe547922-16a9-4c52-8448-2f1af854317d.jpg?v=1687775824,https://cdn.shopify.com/s/files/1/0836/9167/files/atomic-turquoise-or-classic-colour-beserk-420sale-all-clickfrenzy15-2023-cosmetics-cpgstinc-discountapp-dye-ebaymp-fp-hair-blue-hair-colour-hair-dye-hair-green-labelvegan-manic-panic_398d54df-af43-4d5a-b6fa-f0709cafdd5a.jpg?v=1687775826,https://cdn.shopify.com/s/files/1/0836/9167/files/atomic-turquoise-or-classic-colour-beserk-420sale-all-clickfrenzy15-2023-cosmetics-cpgstinc-discountapp-dye-ebaymp-fp-hair-blue-hair-colour-hair-dye-hair-green-labelvegan-manic-panic_0f452ccf-2ae8-4351-9dc7-54a3d1507dff.jpg?v=1687775829,https://cdn.shopify.com/s/files/1/0836/9167/files/atomic-turquoise-or-classic-colour-beserk-420sale-all-clickfrenzy15-2023-cosmetics-cpgstinc-discountapp-dye-ebaymp-fp-hair-blue-hair-colour-hair-dye-hair-green-labelvegan-manic-panic_390dce61-d2f9-4dfa-8cc9-24194b50cd60.jpg?v=1687775831,https://cdn.shopify.com/s/files/1/0836/9167/files/atomic-turquoise-or-classic-colour-beserk-420sale-all-clickfrenzy15-2023-cosmetics-cpgstinc-discountapp-dye-ebaymp-fp-hair-blue-hair-colour-hair-dye-hair-green-labelvegan-manic-panic_d84071ce-a1e7-4f0b-83c6-c16dfd665e00.jpg?v=1687775833",https://www.beserk.com.au/pages/privacy-policy,https://www.beserk.com.au/pages/terms-and-conditions,https://www.beserk.com.au/pages/beserk-returns,AU,AU
9429944269,"Vampire Red | Classic Colour","As a deep and sanguine shade of burgundy, this dye could attract the interest of a bloodthirsty vampire. The color adds stunning highlights to darker shades of hair Cream Formula Semi-Permanent Hair Color. Vegan Formula colors and conditions hair. Manic Panic Hair Color is a conditioning semi-permanent hair colour fortified with a herbal & protein complex. It does not damage the hair but actually, has restorative properties adding moisture and ""fill"" to processed hair. Manic Panic contains no animal by-products, is not tested on animals & is 100% Vegan. WEIGHT : 4 fl. oz / 118ml *Photos are from the Manic Panic Website Please Note: We recommend that you patch test any new product before its continued usage. If any redness or itching occurs do not continue use.  MANIC PANIC  Shop all  Hair Colour",Beserk,https://www.beserk.com.au/products/vampire-red-classic-colour?variant=34686283661&country=AU,https://cdn.shopify.com/s/files/1/0836/9167/files/vampire-red-or-classic-colour-beserk-all-clickfrenzy15-2023-cosmetics-cpgstinc-discountapp-dye-ebaymp-fp-hair-colour-hair-dye-hair-products-hair-red-labelvegan-manic-panic-manic-panic.jpg?v=1687775815,out_of_stock,"29.95 AUD",,"Manic Panic",,MP-HCR11032,yes,new,HAIR,,Red,,,,,0.16,kg,"https://cdn.shopify.com/s/files/1/0836/9167/files/vampire-red-or-classic-colour-beserk-all-clickfrenzy15-2023-cosmetics-cpgstinc-discountapp-dye-ebaymp-fp-hair-colour-hair-dye-hair-products-hair-red-labelvegan-manic-panic-manic-panic_b50781b5-c311-438d-a5b7-cb9153b2c176.jpg?v=1687775818,https://cdn.shopify.com/s/files/1/0836/9167/files/vampire-red-or-classic-colour-beserk-all-clickfrenzy15-2023-cosmetics-cpgstinc-discountapp-dye-ebaymp-fp-hair-colour-hair-dye-hair-products-hair-red-labelvegan-manic-panic-manic-panic_7cc51671-ed39-4f51-b224-4d53f5a2c018.jpg?v=1687775820,https://cdn.shopify.com/s/files/1/0836/9167/files/vampire-red-or-classic-colour-beserk-all-clickfrenzy15-2023-cosmetics-cpgstinc-discountapp-dye-ebaymp-fp-hair-colour-hair-dye-hair-products-hair-red-labelvegan-manic-panic-manic-panic_6a0e0c9f-64ee-4af7-b2c6-68b49ba1a589.jpg?v=1687775822,https://cdn.shopify.com/s/files/1/0836/9167/files/vampire-red-or-classic-colour-beserk-all-clickfrenzy15-2023-cosmetics-cpgstinc-discountapp-dye-ebaymp-fp-hair-colour-hair-dye-hair-products-hair-red-labelvegan-manic-panic-manic-panic_4f729a49-ab08-461e-a344-8558501cd11c.jpg?v=1687775825,https://cdn.shopify.com/s/files/1/0836/9167/files/vampire-red-or-classic-colour-beserk-all-clickfrenzy15-2023-cosmetics-cpgstinc-discountapp-dye-ebaymp-fp-hair-colour-hair-dye-hair-products-hair-red-labelvegan-manic-panic-manic-panic_7a375686-3ff4-47c7-8e86-6dc83c6bf3f6.jpg?v=1687775827,https://cdn.shopify.com/s/files/1/0836/9167/files/vampire-red-or-classic-colour-beserk-all-clickfrenzy15-2023-cosmetics-cpgstinc-discountapp-dye-ebaymp-fp-hair-colour-hair-dye-hair-products-hair-red-labelvegan-manic-panic-manic-panic_1b42f115-3657-4a83-9aa9-6acf0c1b8297.jpg?v=1687775829",https://www.beserk.com.au/pages/privacy-policy,https://www.beserk.com.au/pages/terms-and-conditions,https://www.beserk.com.au/pages/beserk-returns,AU,AU
9429944589,"Fuschia Shock | Classic Colour","Fuschia Shock is a gorgeous magenta that explodes with color like the juices of a ripe boysenberry. Bleaching hair prior to dyeing will achieve the most vivid color, and this shade will add highlights to darker shades of hair. Cream Formula Semi-Permanent Hair Color. Vegan Formula colors and conditions hair. Manic Panic Hair Color is a conditioning semi-permanent hair colour fortified with a herbal & protein complex. It does not damage the hair but actually, has restorative properties adding moisture and ""fill"" to processed hair. Manic Panic contains no animal by-products, is not tested on animals & is 100% Vegan. WEIGHT : 4 fl. oz / 118ml *Photos are from the Manic Panic Website  Please Note: We recommend that you patch test any new product before its continued usage. If any redness or itching occurs do not continue use.  MANIC PANIC ",Beserk,https://www.beserk.com.au/products/fuschia-shock-classic-colour?variant=34686284941&country=AU,https://cdn.shopify.com/s/files/1/0836/9167/files/fuschia-shock-or-classic-colour-beserk-all-clickfrenzy15-2023-cosmetics-cpgstinc-dark-purple-discountapp-dye-ebaymp-fp-goth-hair-hair-colour-hair-dye-hair-purple-labelvegan-manic-pani.jpg?v=1687775815,in_stock,"29.95 AUD",,"Manic Panic",,MP-HCR11013,yes,new,HAIR,,Red,,,,,0.16,kg,"https://cdn.shopify.com/s/files/1/0836/9167/files/fuschia-shock-or-classic-colour-beserk-all-clickfrenzy15-2023-cosmetics-cpgstinc-dark-purple-discountapp-dye-ebaymp-fp-goth-hair-hair-colour-hair-dye-hair-purple-labelvegan-manic-pani_944615ba-250b-48cc-bbcf-3bbe0ee63d51.jpg?v=1687775818,https://cdn.shopify.com/s/files/1/0836/9167/files/fuschia-shock-or-classic-colour-beserk-all-clickfrenzy15-2023-cosmetics-cpgstinc-dark-purple-discountapp-dye-ebaymp-fp-goth-hair-hair-colour-hair-dye-hair-purple-labelvegan-manic-pani_7a6242ca-7e13-4f6b-a07f-554751ecfe06.jpg?v=1687775820,https://cdn.shopify.com/s/files/1/0836/9167/files/fuschia-shock-or-classic-colour-beserk-all-clickfrenzy15-2023-cosmetics-cpgstinc-dark-purple-discountapp-dye-ebaymp-fp-goth-hair-hair-colour-hair-dye-hair-purple-labelvegan-manic-pani_c98147b9-45fa-47db-aad2-8f14d6c5b36f.jpg?v=1687775822,https://cdn.shopify.com/s/files/1/0836/9167/files/fuschia-shock-or-classic-colour-beserk-all-clickfrenzy15-2023-cosmetics-cpgstinc-dark-purple-discountapp-dye-ebaymp-fp-goth-hair-hair-colour-hair-dye-hair-purple-labelvegan-manic-pani_303d80ec-bf1f-4460-b716-e01d121363af.jpg?v=1687775825,https://cdn.shopify.com/s/files/1/0836/9167/files/fuschia-shock-or-classic-colour-beserk-all-clickfrenzy15-2023-cosmetics-cpgstinc-dark-purple-discountapp-dye-ebaymp-fp-goth-hair-hair-colour-hair-dye-hair-purple-labelvegan-manic-pani_c6eb46ac-fc98-410c-877e-b7fe4b12b37b.jpg?v=1687775827,https://cdn.shopify.com/s/files/1/0836/9167/files/fuschia-shock-or-classic-colour-beserk-all-clickfrenzy15-2023-cosmetics-cpgstinc-dark-purple-discountapp-dye-ebaymp-fp-goth-hair-hair-colour-hair-dye-hair-purple-labelvegan-manic-pani_9d98d1df-cff1-48e8-b14e-a3edb0ac0598.jpg?v=1687775829",https://www.beserk.com.au/pages/privacy-policy,https://www.beserk.com.au/pages/terms-and-conditions,https://www.beserk.com.au/pages/beserk-returns,AU,AU
9429944653,"Shocking Blue | Classic Colour","Lighter than After Midnight, but darker than Rockabilly Blue, this dye looks like the deepest depths of a sprawling ocean. Bleaching thoroughly to a level 9 or 10 before dyeing is recommended for the best results. Vibrant color results are best achieved by applying to hair that has been pre-lightened with Manic Panic Flash Lightning Bleach Kits Cream Formula Semi-Permanent Hair Color. Vegan Formula colors and conditions hair. Manic Panic Hair Color is a conditioning semi-permanent hair colour fortified with a herbal & protein complex. It does not damage the hair but actually, has restorative properties adding moisture and ""fill"" to processed hair. Manic Panic contains no animal by-products, is not tested on animals & is 100% Vegan. WEIGHT : 4 fl. oz / 118ml *Photos are from the Manic Panic Website Please Note: We recommend that you patch test any new product before its continued usage. If any redness or itching occurs do not continue use.  MANIC PANIC ",Beserk,https://www.beserk.com.au/products/shocking-blue-classic-colour?variant=34686285005&country=AU,https://cdn.shopify.com/s/files/1/0836/9167/files/shocking-blue-or-classic-colour-beserk-all-blue-clickfrenzy15-2023-cosmetics-cpgstinc-discountapp-dye-ebaymp-fp-hair-hair-blue-hair-colour-hair-dye-labelvegan-manic-panic-manic-panic.jpg?v=1687775835,in_stock,"29.95 AUD",,"Manic Panic",,MP-ACR91028,yes,new,HAIR,,Blue,,,,,0.16,kg,"https://cdn.shopify.com/s/files/1/0836/9167/files/shocking-blue-or-classic-colour-beserk-all-blue-clickfrenzy15-2023-cosmetics-cpgstinc-discountapp-dye-ebaymp-fp-hair-hair-blue-hair-colour-hair-dye-labelvegan-manic-panic-manic-panic_2e2f7fa7-f705-4087-ab4e-64c2f0a2bd71.jpg?v=1687775837,https://cdn.shopify.com/s/files/1/0836/9167/files/shocking-blue-or-classic-colour-beserk-all-blue-clickfrenzy15-2023-cosmetics-cpgstinc-discountapp-dye-ebaymp-fp-hair-hair-blue-hair-colour-hair-dye-labelvegan-manic-panic-manic-panic_b8e978fc-ccc9-431e-b3be-f8481a136d7d.jpg?v=1687775840,https://cdn.shopify.com/s/files/1/0836/9167/files/shocking-blue-or-classic-colour-beserk-all-blue-clickfrenzy15-2023-cosmetics-cpgstinc-discountapp-dye-ebaymp-fp-hair-hair-blue-hair-colour-hair-dye-labelvegan-manic-panic-manic-panic_e25f6c4c-04f4-4d77-8f54-291ecedb5bea.jpg?v=1687775842,https://cdn.shopify.com/s/files/1/0836/9167/files/shocking-blue-or-classic-colour-beserk-all-blue-clickfrenzy15-2023-cosmetics-cpgstinc-discountapp-dye-ebaymp-fp-hair-hair-blue-hair-colour-hair-dye-labelvegan-manic-panic-manic-panic_23f9f3c5-6c95-44a5-ade6-1147c967fd9e.jpg?v=1687775844,https://cdn.shopify.com/s/files/1/0836/9167/files/shocking-blue-or-classic-colour-beserk-all-blue-clickfrenzy15-2023-cosmetics-cpgstinc-discountapp-dye-ebaymp-fp-hair-hair-blue-hair-colour-hair-dye-labelvegan-manic-panic-manic-panic_977fc716-bc4b-45b3-91e4-34852f5035c9.jpg?v=1687775846,https://cdn.shopify.com/s/files/1/0836/9167/files/shocking-blue-or-classic-colour-beserk-all-blue-clickfrenzy15-2023-cosmetics-cpgstinc-discountapp-dye-ebaymp-fp-hair-hair-blue-hair-colour-hair-dye-labelvegan-manic-panic-manic-panic_674923f4-b15c-4e32-9167-96f084de1de3.jpg?v=1687775849,https://cdn.shopify.com/s/files/1/0836/9167/files/shocking-blue-or-classic-colour-beserk-all-blue-clickfrenzy15-2023-cosmetics-cpgstinc-discountapp-dye-ebaymp-fp-hair-hair-blue-hair-colour-hair-dye-labelvegan-manic-panic-manic-panic_0ab5d71a-443e-46f0-af18-47eb72e8f9db.jpg?v=1687775851",https://www.beserk.com.au/pages/privacy-policy,https://www.beserk.com.au/pages/terms-and-conditions,https://www.beserk.com.au/pages/beserk-returns,AU,AU
9429944717,"Electric Lizard | Classic Colour","Electric Lizard  is a bright, neon green dye that looks as electric as it sounds. With vibrant, lime green hues, this shade glows brightly under black lights! For best results, we recommend lightening your hair to the lightest level 10 blonde before use. Cream Formula Semi-Permanent Hair Color. Vegan Formula colors and conditions hair. Manic Panic Hair Color is a conditioning semi-permanent hair colour fortified with a herbal & protein complex. It does not damage the hair but actually, has restorative properties adding moisture and ""fill"" to processed hair. Manic Panic contains no animal by-products, is not tested on animals & is 100% Vegan. WEIGHT : 4 fl. oz / 118ml *Photos are from the Manic Panic Website  Please Note: We recommend that you patch test any new product before its continued usage. If any redness or itching occurs do not continue use.  MANIC PANIC ",Beserk,https://www.beserk.com.au/products/electric-lizard-classic-colour?variant=34686285069&country=AU,https://cdn.shopify.com/s/files/1/0836/9167/files/electric-lizard-or-classic-colour-beserk-420sale-all-clickfrenzy15-2023-cosmetics-cpgstinc-discountapp-dye-ebaymp-fp-green-hair-hair-colour-hair-dye-hair-green-labeluvreactive-labelve.jpg?v=1687775835,in_stock,"29.95 AUD",,"Manic Panic",,MP-HCR22029,yes,new,HAIR,,Green,Green,,,,0.16,kg,"https://cdn.shopify.com/s/files/1/0836/9167/files/electric-lizard-or-classic-colour-beserk-420sale-all-clickfrenzy15-2023-cosmetics-cpgstinc-discountapp-dye-ebaymp-fp-green-hair-hair-colour-hair-dye-hair-green-labeluvreactive-labelve_75b7d395-701b-412f-bd6c-91f736ad9e77.jpg?v=1687775837,https://cdn.shopify.com/s/files/1/0836/9167/files/electric-lizard-or-classic-colour-beserk-420sale-all-clickfrenzy15-2023-cosmetics-cpgstinc-discountapp-dye-ebaymp-fp-green-hair-hair-colour-hair-dye-hair-green-labeluvreactive-labelve_6f059b2c-df98-4846-894c-5c415f6d1ee5.jpg?v=1687775839,https://cdn.shopify.com/s/files/1/0836/9167/files/electric-lizard-or-classic-colour-beserk-420sale-all-clickfrenzy15-2023-cosmetics-cpgstinc-discountapp-dye-ebaymp-fp-green-hair-hair-colour-hair-dye-hair-green-labeluvreactive-labelve_f06bdb0a-300a-44fd-bb99-e51ad74af988.jpg?v=1687775842,https://cdn.shopify.com/s/files/1/0836/9167/files/electric-lizard-or-classic-colour-beserk-420sale-all-clickfrenzy15-2023-cosmetics-cpgstinc-discountapp-dye-ebaymp-fp-green-hair-hair-colour-hair-dye-hair-green-labeluvreactive-labelve_1bda098c-ba09-4d6d-8b92-64533ee75693.jpg?v=1687775844,https://cdn.shopify.com/s/files/1/0836/9167/files/electric-lizard-or-classic-colour-beserk-420sale-all-clickfrenzy15-2023-cosmetics-cpgstinc-discountapp-dye-ebaymp-fp-green-hair-hair-colour-hair-dye-hair-green-labeluvreactive-labelve_2b16897f-dfbc-4fad-942e-4ee17ba2d918.jpg?v=1687775846,https://cdn.shopify.com/s/files/1/0836/9167/files/electric-lizard-or-classic-colour-beserk-420sale-all-clickfrenzy15-2023-cosmetics-cpgstinc-discountapp-dye-ebaymp-fp-green-hair-hair-colour-hair-dye-hair-green-labeluvreactive-labelve_b83f45d1-1f8f-43b8-bd2d-7fa8e9f1d2f6.jpg?v=1687775848",https://www.beserk.com.au/pages/privacy-policy,https://www.beserk.com.au/pages/terms-and-conditions,https://www.beserk.com.au/pages/beserk-returns,AU,AU
9429945037,"Lie Locks | Classic Colour","As a light tint of indigo, this dye recalls the vibrant color of beautiful hydrangea flowers. Bleaching to a level 9 or 10 before dyeing is definitely suggested to achieve the perfect results. Cream Formula Semi-Permanent Hair Color. Vegan Formula colors and conditions hair. Manic Panic Hair Color is a conditioning semi-permanent hair colour fortified with a herbal & protein complex. It does not damage the hair but actually, has restorative properties adding moisture and ""fill"" to processed hair. Manic Panic contains no animal by-products, is not tested on animals & is 100% Vegan. WEIGHT : 4 fl. oz / 118ml *Photos are from the Manic Panic Website Please Note: We recommend that you patch test any new product before its continued usage. If any redness or itching occurs do not continue use.  MANIC PANIC ",Beserk,https://www.beserk.com.au/products/lie-locks-classic-colour?variant=34686286093&country=AU,https://cdn.shopify.com/s/files/1/0836/9167/files/lie-locks-or-classic-colour-beserk-all-blue-clickfrenzy15-2023-cosmetics-cpgstinc-discountapp-dye-ebaymp-fp-goth-hair-blue-hair-colour-hair-dye-labelvegan-manic-panic-manic-panic-hair.jpg?v=1687775835,in_stock,"29.95 AUD",,"Manic Panic",,MP-HCR11019,yes,new,HAIR,,Blue,118ml,unisex,,,0.16,kg,"https://cdn.shopify.com/s/files/1/0836/9167/files/lie-locks-or-classic-colour-beserk-all-blue-clickfrenzy15-2023-cosmetics-cpgstinc-discountapp-dye-ebaymp-fp-goth-hair-blue-hair-colour-hair-dye-labelvegan-manic-panic-manic-panic-hair_1af6340f-a298-44f4-9976-3922a5f13a48.jpg?v=1687775837,https://cdn.shopify.com/s/files/1/0836/9167/files/lie-locks-or-classic-colour-beserk-all-blue-clickfrenzy15-2023-cosmetics-cpgstinc-discountapp-dye-ebaymp-fp-goth-hair-blue-hair-colour-hair-dye-labelvegan-manic-panic-manic-panic-hair_b9fe5f59-22f3-4aec-baa6-31615922c065.jpg?v=1687775840,https://cdn.shopify.com/s/files/1/0836/9167/files/lie-locks-or-classic-colour-beserk-all-blue-clickfrenzy15-2023-cosmetics-cpgstinc-discountapp-dye-ebaymp-fp-goth-hair-blue-hair-colour-hair-dye-labelvegan-manic-panic-manic-panic-hair_f22541b9-63e7-4c43-8b30-9d040ea0ccc3.jpg?v=1687775842,https://cdn.shopify.com/s/files/1/0836/9167/files/lie-locks-or-classic-colour-beserk-all-blue-clickfrenzy15-2023-cosmetics-cpgstinc-discountapp-dye-ebaymp-fp-goth-hair-blue-hair-colour-hair-dye-labelvegan-manic-panic-manic-panic-hair_8cbf8380-7db7-4797-b231-24f7e77e4327.jpg?v=1687775844,https://cdn.shopify.com/s/files/1/0836/9167/files/lie-locks-or-classic-colour-beserk-all-blue-clickfrenzy15-2023-cosmetics-cpgstinc-discountapp-dye-ebaymp-fp-goth-hair-blue-hair-colour-hair-dye-labelvegan-manic-panic-manic-panic-hair_6e0a0591-3c9d-4b3a-8ab1-0e9d4b8125a0.jpg?v=1687775846,https://cdn.shopify.com/s/files/1/0836/9167/files/lie-locks-or-classic-colour-beserk-all-blue-clickfrenzy15-2023-cosmetics-cpgstinc-discountapp-dye-ebaymp-fp-goth-hair-blue-hair-colour-hair-dye-labelvegan-manic-panic-manic-panic-hair_d39d2e34-73cb-45ff-8498-65a104f3a516.jpg?v=1687775849,https://cdn.shopify.com/s/files/1/0836/9167/files/lie-locks-or-classic-colour-beserk-all-blue-clickfrenzy15-2023-cosmetics-cpgstinc-discountapp-dye-ebaymp-fp-goth-hair-blue-hair-colour-hair-dye-labelvegan-manic-panic-manic-panic-hair_644dad60-deda-4b13-8274-fc0a72512170.jpg?v=1687775851",https://www.beserk.com.au/pages/privacy-policy,https://www.beserk.com.au/pages/terms-and-conditions,https://www.beserk.com.au/pages/beserk-returns,AU,AU
9429954381,"Infra Red | Classic Colour","As Vampire Red's warmer twin, Infra Red is a glorious mahogany color, and would be a great fit for your alternative wardrobe. The dye could add some beautiful highlights to darker shades of hair. Cream Formula Semi-Permanent Hair Color. Vegan Formula colors and conditions hair. Manic Panic Hair Color is a conditioning semi-permanent hair colour fortified with a herbal & protein complex. It does not damage the hair but actually, has restorative properties adding moisture and ""fill"" to processed hair. Manic Panic contains no animal by-products, is not tested on animals & is 100% Vegan. WEIGHT : 4 fl. oz / 118ml *Photos are from the Manic Panic Website Please Note: We recommend that you patch test any new product before its continued usage. If any redness or itching occurs do not continue use.  MANIC PANIC ",Beserk,https://www.beserk.com.au/products/infra-red-classic-colour?variant=34686369293&country=AU,https://cdn.shopify.com/s/files/1/0836/9167/files/infra-red-or-classic-colour-beserk-all-clickfrenzy15-2023-cosmetics-cpgstinc-discountapp-dye-ebaymp-fp-hair-colour-hair-dye-hair-red-labelvegan-manic-panic-manic-panic-hair-red-vegan.jpg?v=1687775853,in_stock,"29.95 AUD",,"Manic Panic",,MP-HCR11016,yes,new,HAIR,,Red,,,,,0.16,kg,"https://cdn.shopify.com/s/files/1/0836/9167/files/infra-red-or-classic-colour-beserk-all-clickfrenzy15-2023-cosmetics-cpgstinc-discountapp-dye-ebaymp-fp-hair-colour-hair-dye-hair-red-labelvegan-manic-panic-manic-panic-hair-red-vegan_c62b55d3-cd1f-411f-86f5-a682819b68f3.jpg?v=1687775855,https://cdn.shopify.com/s/files/1/0836/9167/files/infra-red-or-classic-colour-beserk-all-clickfrenzy15-2023-cosmetics-cpgstinc-discountapp-dye-ebaymp-fp-hair-colour-hair-dye-hair-red-labelvegan-manic-panic-manic-panic-hair-red-vegan_eaa15457-201b-4fe0-bead-e81bca242ed2.jpg?v=1687775858,https://cdn.shopify.com/s/files/1/0836/9167/files/infra-red-or-classic-colour-beserk-all-clickfrenzy15-2023-cosmetics-cpgstinc-discountapp-dye-ebaymp-fp-hair-colour-hair-dye-hair-red-labelvegan-manic-panic-manic-panic-hair-red-vegan_afe87d84-3559-4cd8-a7bb-57028ae5c4f2.jpg?v=1687775860,https://cdn.shopify.com/s/files/1/0836/9167/files/infra-red-or-classic-colour-beserk-all-clickfrenzy15-2023-cosmetics-cpgstinc-discountapp-dye-ebaymp-fp-hair-colour-hair-dye-hair-red-labelvegan-manic-panic-manic-panic-hair-red-vegan_dc36dd09-2c3b-4cf1-bfb6-420fbba9d417.jpg?v=1687775862,https://cdn.shopify.com/s/files/1/0836/9167/files/infra-red-or-classic-colour-beserk-all-clickfrenzy15-2023-cosmetics-cpgstinc-discountapp-dye-ebaymp-fp-hair-colour-hair-dye-hair-red-labelvegan-manic-panic-manic-panic-hair-red-vegan_1a7362be-a370-4502-b177-4112154f39be.jpg?v=1687775864",https://www.beserk.com.au/pages/privacy-policy,https://www.beserk.com.au/pages/terms-and-conditions,https://www.beserk.com.au/pages/beserk-returns,AU,AU
9429954445,"Rock N' Roll Red | Classic Colour","Bring out your inner Rock Goddess with this vibrant hue of crimson. Bleaching before dyeing is an absolute must to achieve the most vibrant outcome. Vibrant color results are best achieved by applying to hair that has been pre-lightened with Manic Panic Flash Lightning Bleach Kits. Cream Formula Semi-Permanent Hair Color. Vegan Formula colors and conditions hair. Manic Panic Hair Color is a conditioning semi-permanent hair colour fortified with a herbal & protein complex. It does not damage the hair but actually, has restorative properties adding moisture and ""fill"" to processed hair. Manic Panic contains no animal by-products, is not tested on animals & is 100% Vegan. WEIGHT : 4 fl. oz / 118ml *Photos are from the Manic Panic Website Please Note: We recommend that you patch test any new product before its continued usage. If any redness or itching occurs do not continue use.  MANIC PANIC  Shop all  Red Hair Dye",Beserk,https://www.beserk.com.au/products/rock-n-roll-red-classic-colour?variant=34686369549&country=AU,https://cdn.shopify.com/s/files/1/0836/9167/files/rock-n-roll-red-or-classic-colour-beserk-all-clickfrenzy15-2023-cosmetics-cpgstinc-discountapp-dye-ebaymp-fp-hair-hair-colour-hair-dye-hair-red-labelvegan-manic-panic-manic-panic-hair.jpg?v=1687775853,in_stock,"29.95 AUD",,"Manic Panic",,MP-HCR22035,yes,new,HAIR,,Red,,,,,0.16,kg,"https://cdn.shopify.com/s/files/1/0836/9167/files/rock-n-roll-red-or-classic-colour-beserk-all-clickfrenzy15-2023-cosmetics-cpgstinc-discountapp-dye-ebaymp-fp-hair-hair-colour-hair-dye-hair-red-labelvegan-manic-panic-manic-panic-hair_e7eb793c-71b1-449a-8cb8-6248264e7a8d.jpg?v=1687775856,https://cdn.shopify.com/s/files/1/0836/9167/files/rock-n-roll-red-or-classic-colour-beserk-all-clickfrenzy15-2023-cosmetics-cpgstinc-discountapp-dye-ebaymp-fp-hair-hair-colour-hair-dye-hair-red-labelvegan-manic-panic-manic-panic-hair_e90a31a4-a7b1-4280-931c-9defee130aa1.jpg?v=1687775858,https://cdn.shopify.com/s/files/1/0836/9167/files/rock-n-roll-red-or-classic-colour-beserk-all-clickfrenzy15-2023-cosmetics-cpgstinc-discountapp-dye-ebaymp-fp-hair-hair-colour-hair-dye-hair-red-labelvegan-manic-panic-manic-panic-hair_79fa29fe-e909-4c5a-9012-53a07152b51a.jpg?v=1687775860,https://cdn.shopify.com/s/files/1/0836/9167/files/rock-n-roll-red-or-classic-colour-beserk-all-clickfrenzy15-2023-cosmetics-cpgstinc-discountapp-dye-ebaymp-fp-hair-hair-colour-hair-dye-hair-red-labelvegan-manic-panic-manic-panic-hair_d66cbdb7-6864-419a-bcfa-d0c670146203.jpg?v=1687775862,https://cdn.shopify.com/s/files/1/0836/9167/files/rock-n-roll-red-or-classic-colour-beserk-all-clickfrenzy15-2023-cosmetics-cpgstinc-discountapp-dye-ebaymp-fp-hair-hair-colour-hair-dye-hair-red-labelvegan-manic-panic-manic-panic-hair_1de6a188-748c-4645-bda8-798744d5198c.jpg?v=1687775865,https://cdn.shopify.com/s/files/1/0836/9167/files/rock-n-roll-red-or-classic-colour-beserk-all-clickfrenzy15-2023-cosmetics-cpgstinc-discountapp-dye-ebaymp-fp-hair-hair-colour-hair-dye-hair-red-labelvegan-manic-panic-manic-panic-hair_1df31da3-d1d6-4a80-9014-faf274f3afbe.jpg?v=1687775867",https://www.beserk.com.au/pages/privacy-policy,https://www.beserk.com.au/pages/terms-and-conditions,https://www.beserk.com.au/pages/beserk-returns,AU,AU
9429954573,"Electric Banana | Classic Colour","Electric Banana is a bright, neon yellow  hair   dye that reflects slightly green in sunlight and glows under blacklight! For the most vibrant results, we recommend lightening your hair to the lightest level 10 blonde before use. Cream Formula Semi-Permanent Hair Color. Vegan Formula colors and conditions hair. Manic Panic Hair Color is a conditioning semi-permanent hair colour fortified with a herbal & protein complex. It does not damage the hair but actually, has restorative properties adding moisture and ""fill"" to processed hair. Manic Panic contains no animal by-products, is not tested on animals & is 100% Vegan. WEIGHT : 4 fl. oz / 118ml *Photos are from the Manic Panic Website  Please Note: We recommend that you patch test any new product before its continued usage. If any redness or itching occurs do not continue use.  MANIC PANIC ",Beserk,https://www.beserk.com.au/products/electric-banana-classic-colour?variant=34686369741&country=AU,https://cdn.shopify.com/s/files/1/0836/9167/files/electric-banana-or-classic-colour-beserk-all-clickfrenzy15-2023-cosmetics-cpgstinc-discountapp-dye-ebaymp-fp-hair-hair-colour-hair-dye-hair-yellow-labeluvreactive-labelvegan-manic-pan.jpg?v=1687775853,in_stock,"29.95 AUD",,"Manic Panic",,MP-HCR11012,yes,new,HAIR,,Green,,,,,0.16,kg,"https://cdn.shopify.com/s/files/1/0836/9167/files/electric-banana-or-classic-colour-beserk-all-clickfrenzy15-2023-cosmetics-cpgstinc-discountapp-dye-ebaymp-fp-hair-hair-colour-hair-dye-hair-yellow-labeluvreactive-labelvegan-manic-pan_320f07b5-877c-43cb-8290-577c9d7c9557.jpg?v=1687775856,https://cdn.shopify.com/s/files/1/0836/9167/files/electric-banana-or-classic-colour-beserk-all-clickfrenzy15-2023-cosmetics-cpgstinc-discountapp-dye-ebaymp-fp-hair-hair-colour-hair-dye-hair-yellow-labeluvreactive-labelvegan-manic-pan_c4945fd1-33a4-48a1-ab97-dad7b26a57fa.jpg?v=1687775858,https://cdn.shopify.com/s/files/1/0836/9167/files/electric-banana-or-classic-colour-beserk-all-clickfrenzy15-2023-cosmetics-cpgstinc-discountapp-dye-ebaymp-fp-hair-hair-colour-hair-dye-hair-yellow-labeluvreactive-labelvegan-manic-pan_e9cd59bb-5440-4d17-8921-11126f9610ea.jpg?v=1687775860,https://cdn.shopify.com/s/files/1/0836/9167/files/electric-banana-or-classic-colour-beserk-all-clickfrenzy15-2023-cosmetics-cpgstinc-discountapp-dye-ebaymp-fp-hair-hair-colour-hair-dye-hair-yellow-labeluvreactive-labelvegan-manic-pan_db0b66cb-13a8-47fb-abf8-ae3a88a9cea0.jpg?v=1687775862,https://cdn.shopify.com/s/files/1/0836/9167/files/electric-banana-or-classic-colour-beserk-all-clickfrenzy15-2023-cosmetics-cpgstinc-discountapp-dye-ebaymp-fp-hair-hair-colour-hair-dye-hair-yellow-labeluvreactive-labelvegan-manic-pan_4efceefa-3bb1-4853-ba39-e5014b171495.jpg?v=1687775864,https://cdn.shopify.com/s/files/1/0836/9167/files/electric-banana-or-classic-colour-beserk-all-clickfrenzy15-2023-cosmetics-cpgstinc-discountapp-dye-ebaymp-fp-hair-hair-colour-hair-dye-hair-yellow-labeluvreactive-labelvegan-manic-pan_89bb89e9-1986-448d-96a7-bc620601e930.jpg?v=1687775867",https://www.beserk.com.au/pages/privacy-policy,https://www.beserk.com.au/pages/terms-and-conditions,https://www.beserk.com.au/pages/beserk-returns,AU,AU
9429954893,"Red Passion | Classic Colour","This stunning shade of deep cranberry is warmer than New Rose, but cooler than Rock 'N' Roll Red. Bleaching before use is strongly recommended to get the best outcome, and this color will glow under black light. Cream Formula Semi-Permanent Hair Color. Vegan Formula colors and conditions hair. Manic Panic Hair Color is a conditioning semi-permanent hair colour fortified with a herbal & protein complex. It does not damage the hair but actually, has restorative properties adding moisture and ""fill"" to processed hair. Manic Panic contains no animal by-products, is not tested on animals & is 100% Vegan. WEIGHT : 4 fl. oz / 118ml *Photos are from the Manic Panic Website Please Note: We recommend that you patch test any new product before its continued usage. If any redness or itching occurs do not continue use.  MANIC PANIC ",Beserk,https://www.beserk.com.au/products/red-passion-classic-colour?variant=34686371661&country=AU,https://cdn.shopify.com/s/files/1/0836/9167/files/red-passion-or-classic-colour-beserk-all-clickfrenzy15-2023-cosmetics-cpgstinc-discountapp-dye-ebaymp-fp-hair-hair-colour-hair-dye-hair-red-labeluvreactive-labelvegan-manic-panic-mani.jpg?v=1687775853,in_stock,"29.95 AUD",,"Manic Panic",,MP-HCR22050,yes,new,HAIR,,Red,,,,,0.16,kg,"https://cdn.shopify.com/s/files/1/0836/9167/files/red-passion-or-classic-colour-beserk-all-clickfrenzy15-2023-cosmetics-cpgstinc-discountapp-dye-ebaymp-fp-hair-hair-colour-hair-dye-hair-red-labeluvreactive-labelvegan-manic-panic-mani_2bfcef40-ea72-4962-a16c-0fc571379acf.jpg?v=1687775856,https://cdn.shopify.com/s/files/1/0836/9167/files/red-passion-or-classic-colour-beserk-all-clickfrenzy15-2023-cosmetics-cpgstinc-discountapp-dye-ebaymp-fp-hair-hair-colour-hair-dye-hair-red-labeluvreactive-labelvegan-manic-panic-mani_4fa59c0f-71e0-4d1a-aeea-6dfe0b35924f.jpg?v=1687775858,https://cdn.shopify.com/s/files/1/0836/9167/files/red-passion-or-classic-colour-beserk-all-clickfrenzy15-2023-cosmetics-cpgstinc-discountapp-dye-ebaymp-fp-hair-hair-colour-hair-dye-hair-red-labeluvreactive-labelvegan-manic-panic-mani_8097a321-ed12-4015-ba7c-fa9c2a6bf3f2.jpg?v=1687775860,https://cdn.shopify.com/s/files/1/0836/9167/files/red-passion-or-classic-colour-beserk-all-clickfrenzy15-2023-cosmetics-cpgstinc-discountapp-dye-ebaymp-fp-hair-hair-colour-hair-dye-hair-red-labeluvreactive-labelvegan-manic-panic-mani_8c9af035-9ce2-46dd-8648-d136b7408b29.jpg?v=1687775863,https://cdn.shopify.com/s/files/1/0836/9167/files/red-passion-or-classic-colour-beserk-all-clickfrenzy15-2023-cosmetics-cpgstinc-discountapp-dye-ebaymp-fp-hair-hair-colour-hair-dye-hair-red-labeluvreactive-labelvegan-manic-panic-mani_8cea20fd-1826-4b39-9ebd-8cef0760924a.jpg?v=1687775865",https://www.beserk.com.au/pages/privacy-policy,https://www.beserk.com.au/pages/terms-and-conditions,https://www.beserk.com.au/pages/beserk-returns,AU,AU
9429955021,"Ultra Violet | Classic Colour","Darker than Lie Locks, but lighter and bluer than Violet Night, this purple is a royal shade of deep indigo. Bleaching first to a level 9 or 10 is suggested to get the hue at its brightest Cream Formula Semi-Permanent Hair Color. Vegan Formula colors and conditions hair. Manic Panic Hair Color is a conditioning semi-permanent hair colour fortified with a herbal & protein complex. It does not damage the hair but actually, has restorative properties adding moisture and ""fill"" to processed hair. Manic Panic contains no animal by-products, is not tested on animals & is 100% Vegan. WEIGHT : 4 fl. oz / 118ml *Photos are from the Manic Panic Website Please Note: We recommend that you patch test any new product before its continued usage. If any redness or itching occurs do not continue use.  MANIC PANIC  Shop all  Blue Hair Colour",Beserk,https://www.beserk.com.au/products/ultra-violet-classic-colour?variant=34686371981&country=AU,https://cdn.shopify.com/s/files/1/0836/9167/files/ultra-violet-or-classic-colour-beserk-all-blue-clickfrenzy15-2023-cosmetics-cpgstinc-discountapp-dye-ebaymp-fp-hair-blue-hair-colour-hair-dye-hair-products-labelvegan-manic-panic-mani.jpg?v=1687775869,in_stock,"29.95 AUD",,"Manic Panic",,MP-HCR11031,yes,new,HAIR,,Purple,,,,,0.16,kg,"https://cdn.shopify.com/s/files/1/0836/9167/files/ultra-violet-or-classic-colour-beserk-all-blue-clickfrenzy15-2023-cosmetics-cpgstinc-discountapp-dye-ebaymp-fp-hair-blue-hair-colour-hair-dye-hair-products-labelvegan-manic-panic-mani_a5ef2313-42e6-4d8a-b3b3-b9f0e9cdbe29.jpg?v=1687775871,https://cdn.shopify.com/s/files/1/0836/9167/files/ultra-violet-or-classic-colour-beserk-all-blue-clickfrenzy15-2023-cosmetics-cpgstinc-discountapp-dye-ebaymp-fp-hair-blue-hair-colour-hair-dye-hair-products-labelvegan-manic-panic-mani_830aa7dc-4c66-4321-8b20-259ca093c0f2.jpg?v=1687775874,https://cdn.shopify.com/s/files/1/0836/9167/files/ultra-violet-or-classic-colour-beserk-all-blue-clickfrenzy15-2023-cosmetics-cpgstinc-discountapp-dye-ebaymp-fp-hair-blue-hair-colour-hair-dye-hair-products-labelvegan-manic-panic-mani_73834df2-072d-40f7-b8e0-76da6eab696c.jpg?v=1687775876,https://cdn.shopify.com/s/files/1/0836/9167/files/ultra-violet-or-classic-colour-beserk-all-blue-clickfrenzy15-2023-cosmetics-cpgstinc-discountapp-dye-ebaymp-fp-hair-blue-hair-colour-hair-dye-hair-products-labelvegan-manic-panic-mani_a90513d5-0340-4257-bd0c-482b349357df.jpg?v=1687775878,https://cdn.shopify.com/s/files/1/0836/9167/files/ultra-violet-or-classic-colour-beserk-all-blue-clickfrenzy15-2023-cosmetics-cpgstinc-discountapp-dye-ebaymp-fp-hair-blue-hair-colour-hair-dye-hair-products-labelvegan-manic-panic-mani_2d55abe1-fa18-42b4-843e-ecdf4f70fea2.jpg?v=1687775880,https://cdn.shopify.com/s/files/1/0836/9167/files/ultra-violet-or-classic-colour-beserk-all-blue-clickfrenzy15-2023-cosmetics-cpgstinc-discountapp-dye-ebaymp-fp-hair-blue-hair-colour-hair-dye-hair-products-labelvegan-manic-panic-mani_dd3cc819-d26f-43c0-9718-ec0d2ee38032.jpg?v=1687775882",https://www.beserk.com.au/pages/privacy-policy,https://www.beserk.com.au/pages/terms-and-conditions,https://www.beserk.com.au/pages/beserk-returns,AU,AU
9429959693,"Raven | Classic Colour","Our Raven has all the dark ferocity that any black color should, yet it is less likely to stain your hair like most other dyes. Additionally, unlike most black hair dyes on the market, our Raven does not contain the allergen PPD. Will you be buying other brands after trying this out? ""Quoth the raven, 'nevermore'."" Cream Formula Semi-Permanent Hair Color. Vegan Formula colors and conditions hair. Manic Panic Hair Color is a conditioning semi-permanent hair colour fortified with a herbal & protein complex. It does not damage the hair but actually, has restorative properties adding moisture and ""fill"" to processed hair. Manic Panic contains no animal by-products, is not tested on animals & is 100% Vegan. WEIGHT : 4 fl. oz / 118ml *Photos are from the Manic Panic Website Please Note: We recommend that you patch test any new product before its continued usage. If any redness or itching occurs do not continue use.  MANIC PANIC ",Beserk,https://www.beserk.com.au/products/raven-classic-colour?variant=34686412493&country=AU,https://cdn.shopify.com/s/files/1/0836/9167/files/raven-or-classic-colour-beserk-all-black-clickfrenzy15-2023-cosmetics-cpgstinc-discountapp-dye-ebaymp-fp-goth-hair-black-hair-colour-hair-dye-labelvegan-manic-panic-manic-panic-hair-v.jpg?v=1687775869,in_stock,"29.95 AUD",,"Manic Panic",,MP-HCR11007,yes,new,HAIR,,Black,,,,,0.16,kg,"https://cdn.shopify.com/s/files/1/0836/9167/files/raven-or-classic-colour-beserk-all-black-clickfrenzy15-2023-cosmetics-cpgstinc-discountapp-dye-ebaymp-fp-goth-hair-black-hair-colour-hair-dye-labelvegan-manic-panic-manic-panic-hair-v_754df38c-5c94-4ee9-9e27-a05306854f0f.jpg?v=1687775871,https://cdn.shopify.com/s/files/1/0836/9167/files/raven-or-classic-colour-beserk-all-black-clickfrenzy15-2023-cosmetics-cpgstinc-discountapp-dye-ebaymp-fp-goth-hair-black-hair-colour-hair-dye-labelvegan-manic-panic-manic-panic-hair-v_5aae30da-5cb2-4ea3-a196-578a00561cf2.jpg?v=1687775874,https://cdn.shopify.com/s/files/1/0836/9167/files/raven-or-classic-colour-beserk-all-black-clickfrenzy15-2023-cosmetics-cpgstinc-discountapp-dye-ebaymp-fp-goth-hair-black-hair-colour-hair-dye-labelvegan-manic-panic-manic-panic-hair-v_f329d3be-d53e-49f0-abd7-40e678845dc4.jpg?v=1687775876,https://cdn.shopify.com/s/files/1/0836/9167/files/raven-or-classic-colour-beserk-all-black-clickfrenzy15-2023-cosmetics-cpgstinc-discountapp-dye-ebaymp-fp-goth-hair-black-hair-colour-hair-dye-labelvegan-manic-panic-manic-panic-hair-v_eaec37f5-023f-4d2e-9e70-3404f934017a.jpg?v=1687775878,https://cdn.shopify.com/s/files/1/0836/9167/files/raven-or-classic-colour-beserk-all-black-clickfrenzy15-2023-cosmetics-cpgstinc-discountapp-dye-ebaymp-fp-goth-hair-black-hair-colour-hair-dye-labelvegan-manic-panic-manic-panic-hair-v_1d69761b-ac2e-48bb-afba-a803d73d73af.jpg?v=1687775880",https://www.beserk.com.au/pages/privacy-policy,https://www.beserk.com.au/pages/terms-and-conditions,https://www.beserk.com.au/pages/beserk-returns,AU,AU
9429959821,"Cotton Candy | Amplified Colour","One of the most popular Manic Panic colours, Neon Cotton Candy Pink is a lovely, bright cool-toned pink hair dye. This shade glows under a black light, so we recommend using Cotton Candy Pink on hair that's been lightened to a very light level 9 blonde. The Amplified formula is a semi-permanent hair color that lasts 30% longer than High Voltage Classic colour! This stronger and longer-lasting formula is available in many of Manic Panic's best selling shades. Manic Panic Hair Colour is a conditioning semi-permanent hair colour fortified with a herbal & protein complex. It does not damage the hair but actually has restorative properties adding moisture and ""fill"" to processed hair. Manic Panic contains no animal by-products, is not tested on animals & is 100% Vegan. 100% Vegan & Cruelty-Free! WEIGHT: 4 fl. oz / 118ml Please Note: We recommend that you patch test any new product before its continued usage. If any redness or itching occurs do not continue use.  MANIC PANIC  Shop all  Pink Hair Colour",Beserk,https://www.beserk.com.au/products/cotton-candy-amplified-colour?variant=34686412749&country=AU,https://cdn.shopify.com/s/files/1/0836/9167/files/cotton-candy-or-amplified-colour-beserk-all-bright-clickfrenzy15-2023-cosmetics-cpgstinc-discountapp-dye-ebaymp-fp-hair-colour-hair-dye-hair-pink-labeluvreactive-labelvegan-manic-pani.jpg?v=1687775869,in_stock,"34.95 AUD",,"Manic Panic",,MP-ACR71004,yes,new,HAIR,,Pink,,,,,0.14,kg,"https://cdn.shopify.com/s/files/1/0836/9167/files/cotton-candy-or-amplified-colour-beserk-all-bright-clickfrenzy15-2023-cosmetics-cpgstinc-discountapp-dye-ebaymp-fp-hair-colour-hair-dye-hair-pink-labeluvreactive-labelvegan-manic-pani_f193c92f-4e98-490c-90d8-c3b871aa804c.jpg?v=1687775872,https://cdn.shopify.com/s/files/1/0836/9167/files/cotton-candy-or-amplified-colour-beserk-all-bright-clickfrenzy15-2023-cosmetics-cpgstinc-discountapp-dye-ebaymp-fp-hair-colour-hair-dye-hair-pink-labeluvreactive-labelvegan-manic-pani_31e86588-0cfa-4dae-ab9d-4f35a9c2991e.jpg?v=1687775874,https://cdn.shopify.com/s/files/1/0836/9167/files/cotton-candy-or-amplified-colour-beserk-all-bright-clickfrenzy15-2023-cosmetics-cpgstinc-discountapp-dye-ebaymp-fp-hair-colour-hair-dye-hair-pink-labeluvreactive-labelvegan-manic-pani_3358f94f-c6a8-44d1-b129-b9b22ceaf334.jpg?v=1687775876,https://cdn.shopify.com/s/files/1/0836/9167/files/cotton-candy-or-amplified-colour-beserk-all-bright-clickfrenzy15-2023-cosmetics-cpgstinc-discountapp-dye-ebaymp-fp-hair-colour-hair-dye-hair-pink-labeluvreactive-labelvegan-manic-pani_b03962e2-f602-4b51-9c3b-bd9e0ea2e3f8.jpg?v=1687775878,https://cdn.shopify.com/s/files/1/0836/9167/files/cotton-candy-or-amplified-colour-beserk-all-bright-clickfrenzy15-2023-cosmetics-cpgstinc-discountapp-dye-ebaymp-fp-hair-colour-hair-dye-hair-pink-labeluvreactive-labelvegan-manic-pani_b3328e75-8843-4f76-b961-cbb93487db09.jpg?v=1687775881,https://cdn.shopify.com/s/files/1/0836/9167/files/cotton-candy-or-amplified-colour-beserk-all-bright-clickfrenzy15-2023-cosmetics-cpgstinc-discountapp-dye-ebaymp-fp-hair-colour-hair-dye-hair-pink-labeluvreactive-labelvegan-manic-pani_d7bbe592-aa84-485c-a621-efe1485ae406.jpg?v=1687775883",https://www.beserk.com.au/pages/privacy-policy,https://www.beserk.com.au/pages/terms-and-conditions,https://www.beserk.com.au/pages/beserk-returns,AU,AU
9429959949,"Atomic Turquoise | Amplified Colour","If you want bright aqua tresses that conjure visions of a serene Caribbean Sea, this is the perfect dye for you. Atomic Turquoise is a favorite of Red Hot Chili Peppers bassist Flea and musician/muse Sharaya J! Atomic Turquoise  is a bright, neon, radiant aqua blue hair dye with green undertones. This colour can add turquoise tones to virgin, unbleached hair, but looks brightest when hair is lightened to the lightest level 10 blonde. We recommend toning hair that has yellow tones before use to avoid undesired hues. The Amplified formula is a semi-permanent hair color that lasts 30% longer than our High Voltage Classic color! This stronger and longer-lasting formula is available in many of our best selling shades. Cream Formula Semi-Permanent Hair Color. Vegan Formula colors and conditions hair. Manic Panic Hair Color is a conditioning semi-permanent hair color fortified with a herbal & protein complex. It does not damage the hair but actually has restorative properties adding moisture and ""fill"" to processed hair. Manic Panic contains no animal by-products, is not tested on animals & is 100% Vegan. WEIGHT : 4 fl. oz / 118ml *Photos are from the Manic Panic Website Please Note: We recommend that you patch test any new product before its continued usage. If any redness or itching occurs do not continue use.  MANIC PANIC  Shop all  Manic Panic",Beserk,https://www.beserk.com.au/products/atomic-turquoise-amplified-colour?variant=34686413389&country=AU,https://cdn.shopify.com/s/files/1/0836/9167/files/atomic-turquoise-or-amplified-colour-beserk-420sale-all-clickfrenzy15-2023-cosmetics-cpgstinc-discountapp-dye-ebaymp-fp-hair-blue-hair-colour-hair-dye-hair-green-labelvegan-manic-pani.jpg?v=1687775869,out_of_stock,"34.95 AUD",,"Manic Panic",,"MP-ACR71002 MPAAT ACR72002",yes,new,HAIR,,Turquoise,,,,,0.14,kg,"https://cdn.shopify.com/s/files/1/0836/9167/files/atomic-turquoise-or-amplified-colour-beserk-420sale-all-clickfrenzy15-2023-cosmetics-cpgstinc-discountapp-dye-ebaymp-fp-hair-blue-hair-colour-hair-dye-hair-green-labelvegan-manic-pani_c985be21-d8e5-4335-a5b6-4101730fde44.jpg?v=1687775871,https://cdn.shopify.com/s/files/1/0836/9167/files/atomic-turquoise-or-amplified-colour-beserk-420sale-all-clickfrenzy15-2023-cosmetics-cpgstinc-discountapp-dye-ebaymp-fp-hair-blue-hair-colour-hair-dye-hair-green-labelvegan-manic-pani_23a75f52-46ed-45ac-b43b-dead522bbe3d.jpg?v=1687775874,https://cdn.shopify.com/s/files/1/0836/9167/files/atomic-turquoise-or-amplified-colour-beserk-420sale-all-clickfrenzy15-2023-cosmetics-cpgstinc-discountapp-dye-ebaymp-fp-hair-blue-hair-colour-hair-dye-hair-green-labelvegan-manic-pani_bf6f89b3-fd7d-44d8-8f0c-c6b75bc7de58.jpg?v=1687775876,https://cdn.shopify.com/s/files/1/0836/9167/files/atomic-turquoise-or-amplified-colour-beserk-420sale-all-clickfrenzy15-2023-cosmetics-cpgstinc-discountapp-dye-ebaymp-fp-hair-blue-hair-colour-hair-dye-hair-green-labelvegan-manic-pani_6cb7efb6-3379-4e3e-b157-9b5285e1630e.jpg?v=1687775878,https://cdn.shopify.com/s/files/1/0836/9167/files/atomic-turquoise-or-amplified-colour-beserk-420sale-all-clickfrenzy15-2023-cosmetics-cpgstinc-discountapp-dye-ebaymp-fp-hair-blue-hair-colour-hair-dye-hair-green-labelvegan-manic-pani_cb5cc0a1-8b3f-48aa-b882-857317b95140.jpg?v=1687775881,https://cdn.shopify.com/s/files/1/0836/9167/files/atomic-turquoise-or-amplified-colour-beserk-420sale-all-clickfrenzy15-2023-cosmetics-cpgstinc-discountapp-dye-ebaymp-fp-hair-blue-hair-colour-hair-dye-hair-green-labelvegan-manic-pani_564f92bc-288d-4792-bfdf-36ecea8b560f.jpg?v=1687775883,https://cdn.shopify.com/s/files/1/0836/9167/files/atomic-turquoise-or-amplified-colour-beserk-420sale-all-clickfrenzy15-2023-cosmetics-cpgstinc-discountapp-dye-ebaymp-fp-hair-blue-hair-colour-hair-dye-hair-green-labelvegan-manic-pani_7bc25ed2-2227-4d17-8eb3-cb76c40bb2ef.jpg?v=1687775885,https://cdn.shopify.com/s/files/1/0836/9167/files/atomic-turquoise-or-amplified-colour-beserk-420sale-all-clickfrenzy15-2023-cosmetics-cpgstinc-discountapp-dye-ebaymp-fp-hair-blue-hair-colour-hair-dye-hair-green-labelvegan-manic-pani_b30e5f49-bea2-44ed-b894-c256be771937.jpg?v=1687775887",https://www.beserk.com.au/pages/privacy-policy,https://www.beserk.com.au/pages/terms-and-conditions,https://www.beserk.com.au/pages/beserk-returns,AU,AU
9429960269,"Electric Lizard | Amplified Colour","Electric Lizard  is a bright, neon green dye that looks as electric as it sounds. With vibrant, lime green hues, this shade glows brightly under black lights! For best results, we recommend lightening your hair to the lightest level 10 blonde before use. The Amplified formula is a semi-permanent hair color that lasts 30% longer than our High Voltage Classic color! This stronger and longer-lasting formula is available in many of our best selling shades. Cream Formula Semi-Permanent Hair Color. Vegan Formula colors and conditions hair. Manic Panic Hair Color is a conditioning semi-permanent hair color fortified with a herbal & protein complex. It does not damage the hair but actually has restorative properties adding moisture and ""fill"" to processed hair. Manic Panic contains no animal by-products, is not tested on animals & is 100% Vegan. WEIGHT: 4 fl. oz / 118ml *Photos are from the Manic Panic Website Please Note: We recommend that you patch test any new product before its continued usage. If any redness or itching occurs do not continue use.  MANIC PANIC ",Beserk,https://www.beserk.com.au/products/electric-lizard-amplified-colour?variant=34686415565&country=AU,https://cdn.shopify.com/s/files/1/0836/9167/files/electric-lizard-or-amplified-colour-beserk-420sale-all-clickfrenzy15-2023-cosmetics-cpgstinc-discountapp-dye-ebaymp-fp-green-hair-hair-colour-hair-dye-hair-green-labeluvreactive-label.jpg?v=1687775889,in_stock,"34.95 AUD",,"Manic Panic",,"MP-ACR71029 MPAEL ACR72029",yes,new,HAIR,,Green,,,,,0.14,kg,"https://cdn.shopify.com/s/files/1/0836/9167/files/electric-lizard-or-amplified-colour-beserk-420sale-all-clickfrenzy15-2023-cosmetics-cpgstinc-discountapp-dye-ebaymp-fp-green-hair-hair-colour-hair-dye-hair-green-labeluvreactive-label_108fa2c3-8c86-4693-bea2-30aa1f2de6c6.jpg?v=1687775891,https://cdn.shopify.com/s/files/1/0836/9167/files/electric-lizard-or-amplified-colour-beserk-420sale-all-clickfrenzy15-2023-cosmetics-cpgstinc-discountapp-dye-ebaymp-fp-green-hair-hair-colour-hair-dye-hair-green-labeluvreactive-label_a9e17004-4136-4892-9ae4-9a2938e15a75.jpg?v=1687775894,https://cdn.shopify.com/s/files/1/0836/9167/files/electric-lizard-or-amplified-colour-beserk-420sale-all-clickfrenzy15-2023-cosmetics-cpgstinc-discountapp-dye-ebaymp-fp-green-hair-hair-colour-hair-dye-hair-green-labeluvreactive-label_531caa05-9db2-4d6b-bbda-9548fb18c324.jpg?v=1687775896,https://cdn.shopify.com/s/files/1/0836/9167/files/electric-lizard-or-amplified-colour-beserk-420sale-all-clickfrenzy15-2023-cosmetics-cpgstinc-discountapp-dye-ebaymp-fp-green-hair-hair-colour-hair-dye-hair-green-labeluvreactive-label_0e7885d3-3570-4401-b4bf-47869272f369.jpg?v=1687775898,https://cdn.shopify.com/s/files/1/0836/9167/files/electric-lizard-or-amplified-colour-beserk-420sale-all-clickfrenzy15-2023-cosmetics-cpgstinc-discountapp-dye-ebaymp-fp-green-hair-hair-colour-hair-dye-hair-green-labeluvreactive-label_712e29a9-fdd2-4bc1-a4ff-7d6c7658439e.jpg?v=1687775900,https://cdn.shopify.com/s/files/1/0836/9167/files/electric-lizard-or-amplified-colour-beserk-420sale-all-clickfrenzy15-2023-cosmetics-cpgstinc-discountapp-dye-ebaymp-fp-green-hair-hair-colour-hair-dye-hair-green-labeluvreactive-label_5850bf5b-cccd-47c9-9f94-f64c822c4a54.jpg?v=1687775902",https://www.beserk.com.au/pages/privacy-policy,https://www.beserk.com.au/pages/terms-and-conditions,https://www.beserk.com.au/pages/beserk-returns,AU,AU
9429960333,"Vampire Red | Amplified Colour","As a deep and sanguine shade of burgundy, this dye could attract the interest of a bloodthirsty vampire. The color adds stunning highlights to darker shades of hair The Amplified formula is a semi-permanent hair color that lasts 30% longer than our High Voltage Classic color! This stronger and longer-lasting formula is available in many of our best selling shades. Cream Formula Semi-Permanent Hair Color. Vegan Formula colors and conditions hair. Manic Panic Hair Color is a conditioning semi-permanent hair color fortified with a herbal & protein complex. It does not damage the hair but actually has restorative properties adding moisture and ""fill"" to processed hair. Manic Panic contains no animal by-products, is not tested on animals & is 100% Vegan. WEIGHT : 4 fl. oz / 118ml *Photos are from the Manic Panic Website Please Note: We recommend that you patch test any new product before its continued usage. If any redness or itching occurs do not continue use.  MANIC PANIC ",Beserk,https://www.beserk.com.au/products/vampire-red-amplified-colour?variant=34686415693&country=AU,https://cdn.shopify.com/s/files/1/0836/9167/files/vampire-red-or-amplified-colour-beserk-all-clickfrenzy15-2023-cosmetics-cpgstinc-discountapp-dye-ebaymp-fp-hair-colour-hair-dye-hair-products-hair-red-labelvegan-manic-panic-manic-pan.jpg?v=1687775889,in_stock,"34.95 AUD",,"Manic Panic",,MP-ACR71032,yes,new,HAIR,,Red,,,,,0.14,kg,"https://cdn.shopify.com/s/files/1/0836/9167/files/vampire-red-or-amplified-colour-beserk-all-clickfrenzy15-2023-cosmetics-cpgstinc-discountapp-dye-ebaymp-fp-hair-colour-hair-dye-hair-products-hair-red-labelvegan-manic-panic-manic-pan_a3da411b-ee84-48f3-a8ce-92aa66da5ed0.jpg?v=1687775892,https://cdn.shopify.com/s/files/1/0836/9167/files/vampire-red-or-amplified-colour-beserk-all-clickfrenzy15-2023-cosmetics-cpgstinc-discountapp-dye-ebaymp-fp-hair-colour-hair-dye-hair-products-hair-red-labelvegan-manic-panic-manic-pan_60a57e5a-e291-47ac-9df8-64c350425fd7.jpg?v=1687775894,https://cdn.shopify.com/s/files/1/0836/9167/files/vampire-red-or-amplified-colour-beserk-all-clickfrenzy15-2023-cosmetics-cpgstinc-discountapp-dye-ebaymp-fp-hair-colour-hair-dye-hair-products-hair-red-labelvegan-manic-panic-manic-pan_3855da9f-c61b-4ea4-8105-7f44efe70053.jpg?v=1687775896,https://cdn.shopify.com/s/files/1/0836/9167/files/vampire-red-or-amplified-colour-beserk-all-clickfrenzy15-2023-cosmetics-cpgstinc-discountapp-dye-ebaymp-fp-hair-colour-hair-dye-hair-products-hair-red-labelvegan-manic-panic-manic-pan_070fad0b-ed6a-43aa-9cdc-c6d434e4c2f4.jpg?v=1687775899,https://cdn.shopify.com/s/files/1/0836/9167/files/vampire-red-or-amplified-colour-beserk-all-clickfrenzy15-2023-cosmetics-cpgstinc-discountapp-dye-ebaymp-fp-hair-colour-hair-dye-hair-products-hair-red-labelvegan-manic-panic-manic-pan_52c62df9-69cf-4bdd-9356-01efefc1fe2e.jpg?v=1687775901,https://cdn.shopify.com/s/files/1/0836/9167/files/vampire-red-or-amplified-colour-beserk-all-clickfrenzy15-2023-cosmetics-cpgstinc-discountapp-dye-ebaymp-fp-hair-colour-hair-dye-hair-products-hair-red-labelvegan-manic-panic-manic-pan_0b59171b-2155-4104-b291-ac30bfd697a4.jpg?v=1687775903",https://www.beserk.com.au/pages/privacy-policy,https://www.beserk.com.au/pages/terms-and-conditions,https://www.beserk.com.au/pages/beserk-returns,AU,AU
9429960397,"Virgin Snow | Amplified Colour","This product is actually a violet-based toner, not a semi-permanent dye. For the whitest tint of platinum blonde, or to tone the yellow out of your hair before dyeing, our Virgin Snow is an absolute must-have The Amplified formula is a semi-permanent hair color that lasts 30% longer than our High Voltage Classic color! This stronger and longer-lasting formula is available in many of our best selling shades. Cream Formula Semi-Permanent Hair Color. Vegan Formula colors and conditions hair. Manic Panic Hair Color is a conditioning semi-permanent hair color fortified with a herbal & protein complex. It does not damage the hair but actually has restorative properties adding moisture and ""fill"" to processed hair. Manic Panic contains no animal by-products, is not tested on animals & is 100% Vegan. WEIGHT : 4 fl. oz / 118ml *Photos are from the Manic Panic Website Please Note: We recommend that you patch test any new product before its continued usage. If any redness or itching occurs do not continue use.  MANIC PANIC ",Beserk,https://www.beserk.com.au/products/virgin-snow-amplified-colour?variant=34686415821&country=AU,https://cdn.shopify.com/s/files/1/0836/9167/files/virgin-snow-or-amplified-colour-beserk-all-clickfrenzy15-2023-cosmetics-cpgstinc-discountapp-dye-ebaymp-fp-hair-colour-hair-dye-hair-products-hair-toner-labelvegan-manic-panic-manic-p.jpg?v=1687775889,in_stock,"34.95 AUD",,"Manic Panic",,MP-ACR71033,yes,new,HAIR,,White,,,,,0.14,kg,"https://cdn.shopify.com/s/files/1/0836/9167/files/virgin-snow-or-amplified-colour-beserk-all-clickfrenzy15-2023-cosmetics-cpgstinc-discountapp-dye-ebaymp-fp-hair-colour-hair-dye-hair-products-hair-toner-labelvegan-manic-panic-manic-p_90da8faa-168c-443d-bbed-2f92a8c4e384.jpg?v=1687775892,https://cdn.shopify.com/s/files/1/0836/9167/files/virgin-snow-or-amplified-colour-beserk-all-clickfrenzy15-2023-cosmetics-cpgstinc-discountapp-dye-ebaymp-fp-hair-colour-hair-dye-hair-products-hair-toner-labelvegan-manic-panic-manic-p_17196008-ca75-4071-9903-5c39ba308cfa.jpg?v=1687775894,https://cdn.shopify.com/s/files/1/0836/9167/files/virgin-snow-or-amplified-colour-beserk-all-clickfrenzy15-2023-cosmetics-cpgstinc-discountapp-dye-ebaymp-fp-hair-colour-hair-dye-hair-products-hair-toner-labelvegan-manic-panic-manic-p_fe8c01e4-5dea-4921-aadc-9ff63eef67ab.jpg?v=1687775896,https://cdn.shopify.com/s/files/1/0836/9167/files/virgin-snow-or-amplified-colour-beserk-all-clickfrenzy15-2023-cosmetics-cpgstinc-discountapp-dye-ebaymp-fp-hair-colour-hair-dye-hair-products-hair-toner-labelvegan-manic-panic-manic-p_a124661c-5c5f-49f9-8ccf-909717869620.jpg?v=1687775899,https://cdn.shopify.com/s/files/1/0836/9167/files/virgin-snow-or-amplified-colour-beserk-all-clickfrenzy15-2023-cosmetics-cpgstinc-discountapp-dye-ebaymp-fp-hair-colour-hair-dye-hair-products-hair-toner-labelvegan-manic-panic-manic-p_6e083110-062c-4182-8023-dd81bca1d267.jpg?v=1687775901",https://www.beserk.com.au/pages/privacy-policy,https://www.beserk.com.au/pages/terms-and-conditions,https://www.beserk.com.au/pages/beserk-returns,AU,AU
9429960461,"Hot Hot Pink | Amplified Colour","This shade of pink is so hot, we had to say it twice. It is a bright punch of a gorgeous magenta color, and will be sure to cause a scene. Bleaching is recommended before dyeing for the best results, and this color also glows under black light. The Amplified formula is a semi-permanent hair color that lasts 30% longer than our High Voltage Classic color! This stronger and longer-lasting formula is available in many of our best selling shades. Cream Formula Semi-Permanent Hair Color. Vegan Formula colors and conditions hair. Manic Panic Hair Color is a conditioning semi-permanent hair color fortified with a herbal & protein complex. It does not damage the hair but actually has restorative properties adding moisture and ""fill"" to processed hair. Manic Panic contains no animal by-products, is not tested on animals & is 100% Vegan. WEIGHT : 4 fl. oz / 118ml *Photos are from the Manic Panic Website Please Note: We recommend that you patch test any new product before its continued usage. If any redness or itching occurs do not continue use.  MANIC PANIC  Shop all  Manic Panic",Beserk,https://www.beserk.com.au/products/hot-hot-pink-amplified-colour?variant=34686415885&country=AU,https://cdn.shopify.com/s/files/1/0836/9167/files/hot-hot-pink-or-amplified-colour-beserk-all-clickfrenzy15-2023-cosmetics-cpgstinc-discountapp-dye-ebaymp-fp-hair-hair-colour-hair-dye-hair-pink-labeluvreactive-labelvegan-manic-panic.jpg?v=1687775889,out_of_stock,"34.95 AUD",,"Manic Panic",,"MP-ACR71015 ACR72015",yes,new,HAIR,,Pink,,,,,0.14,kg,"https://cdn.shopify.com/s/files/1/0836/9167/files/hot-hot-pink-or-amplified-colour-beserk-all-clickfrenzy15-2023-cosmetics-cpgstinc-discountapp-dye-ebaymp-fp-hair-hair-colour-hair-dye-hair-pink-labeluvreactive-labelvegan-manic-panic_71d437cc-049b-4ad3-95fc-3d3c489bc740.jpg?v=1687775892,https://cdn.shopify.com/s/files/1/0836/9167/files/hot-hot-pink-or-amplified-colour-beserk-all-clickfrenzy15-2023-cosmetics-cpgstinc-discountapp-dye-ebaymp-fp-hair-hair-colour-hair-dye-hair-pink-labeluvreactive-labelvegan-manic-panic_490b9236-eec1-463b-b668-67432084d99f.jpg?v=1687775894,https://cdn.shopify.com/s/files/1/0836/9167/files/hot-hot-pink-or-amplified-colour-beserk-all-clickfrenzy15-2023-cosmetics-cpgstinc-discountapp-dye-ebaymp-fp-hair-hair-colour-hair-dye-hair-pink-labeluvreactive-labelvegan-manic-panic_95a8bebf-df4a-4ca1-bb86-2442c557f9f5.jpg?v=1687775896,https://cdn.shopify.com/s/files/1/0836/9167/files/hot-hot-pink-or-amplified-colour-beserk-all-clickfrenzy15-2023-cosmetics-cpgstinc-discountapp-dye-ebaymp-fp-hair-hair-colour-hair-dye-hair-pink-labeluvreactive-labelvegan-manic-panic_1adc5743-34eb-4673-acaf-1d5718ac872f.jpg?v=1687775899,https://cdn.shopify.com/s/files/1/0836/9167/files/hot-hot-pink-or-amplified-colour-beserk-all-clickfrenzy15-2023-cosmetics-cpgstinc-discountapp-dye-ebaymp-fp-hair-hair-colour-hair-dye-hair-pink-labeluvreactive-labelvegan-manic-panic_50711608-375d-4d47-8c89-0bf74c467774.jpg?v=1687775901,https://cdn.shopify.com/s/files/1/0836/9167/files/hot-hot-pink-or-amplified-colour-beserk-all-clickfrenzy15-2023-cosmetics-cpgstinc-discountapp-dye-ebaymp-fp-hair-hair-colour-hair-dye-hair-pink-labeluvreactive-labelvegan-manic-panic_2ae35531-f601-47b0-ba28-54d8be362c5d.jpg?v=1687775903",https://www.beserk.com.au/pages/privacy-policy,https://www.beserk.com.au/pages/terms-and-conditions,https://www.beserk.com.au/pages/beserk-returns,AU,AU
9429960525,"Purple Haze | Amplified Colour","As a bright and warm hue of violet, Purple Haze is named after a Jimi Hendrix song, and is very popular among Dye Hard fans. For the Met Ball in 2014, celebrity stylist Ted Gibson used this dye to tint the locks of Oscar-winner Lupita Nyong'o. The Amplified formula is a semi-permanent hair color that lasts 30% longer than our High Voltage Classic color! This stronger and longer-lasting formula is available in many of our best selling shades. Cream Formula Semi-Permanent Hair Color. Vegan Formula colors and conditions hair. Manic Panic Hair Color is a conditioning semi-permanent hair color fortified with a herbal & protein complex. It does not damage the hair but actually has restorative properties adding moisture and ""fill"" to processed hair. Manic Panic contains no animal by-products, is not tested on animals & is 100% Vegan. WEIGHT : 4 fl. oz / 118ml *Photos are from the Manic Panic Website Please Note: We recommend that you patch test any new product before its continued usage. If any redness or itching occurs do not continue use.  MANIC PANIC ",Beserk,https://www.beserk.com.au/products/purple-haze-amplified-colour?variant=34686415949&country=AU,https://cdn.shopify.com/s/files/1/0836/9167/files/purple-haze-or-amplified-colour-beserk-all-clickfrenzy15-2023-cosmetics-cpgstinc-discountapp-dye-ebaymp-fp-hair-colour-hair-dye-hair-purple-labelvegan-manic-panic-manic-panic-hair-mer.jpg?v=1687775889,in_stock,"34.95 AUD",,"Manic Panic",,MP-ACR71024,yes,new,HAIR,,Purple,,,,,0.14,kg,"https://cdn.shopify.com/s/files/1/0836/9167/files/purple-haze-or-amplified-colour-beserk-all-clickfrenzy15-2023-cosmetics-cpgstinc-discountapp-dye-ebaymp-fp-hair-colour-hair-dye-hair-purple-labelvegan-manic-panic-manic-panic-hair-mer_170b9520-a72e-41d0-9c07-b8771db403e3.jpg?v=1687775891,https://cdn.shopify.com/s/files/1/0836/9167/files/purple-haze-or-amplified-colour-beserk-all-clickfrenzy15-2023-cosmetics-cpgstinc-discountapp-dye-ebaymp-fp-hair-colour-hair-dye-hair-purple-labelvegan-manic-panic-manic-panic-hair-mer_91965607-7d43-428e-a493-a5b85a081af2.jpg?v=1687775894,https://cdn.shopify.com/s/files/1/0836/9167/files/purple-haze-or-amplified-colour-beserk-all-clickfrenzy15-2023-cosmetics-cpgstinc-discountapp-dye-ebaymp-fp-hair-colour-hair-dye-hair-purple-labelvegan-manic-panic-manic-panic-hair-mer_db6953cf-5c3a-4749-b632-2c0e81655ba7.jpg?v=1687775896,https://cdn.shopify.com/s/files/1/0836/9167/files/purple-haze-or-amplified-colour-beserk-all-clickfrenzy15-2023-cosmetics-cpgstinc-discountapp-dye-ebaymp-fp-hair-colour-hair-dye-hair-purple-labelvegan-manic-panic-manic-panic-hair-mer_3df09e6b-38c2-47cf-acc7-89f2bf5cf4fd.jpg?v=1687775898,https://cdn.shopify.com/s/files/1/0836/9167/files/purple-haze-or-amplified-colour-beserk-all-clickfrenzy15-2023-cosmetics-cpgstinc-discountapp-dye-ebaymp-fp-hair-colour-hair-dye-hair-purple-labelvegan-manic-panic-manic-panic-hair-mer_18319fc4-b883-404f-8e35-52eae63db0f2.jpg?v=1687775901,https://cdn.shopify.com/s/files/1/0836/9167/files/purple-haze-or-amplified-colour-beserk-all-clickfrenzy15-2023-cosmetics-cpgstinc-discountapp-dye-ebaymp-fp-hair-colour-hair-dye-hair-purple-labelvegan-manic-panic-manic-panic-hair-mer_155f3906-9557-44c6-a538-49044c4c04b9.jpg?v=1687775903,https://cdn.shopify.com/s/files/1/0836/9167/files/purple-haze-or-amplified-colour-beserk-all-clickfrenzy15-2023-cosmetics-cpgstinc-discountapp-dye-ebaymp-fp-hair-colour-hair-dye-hair-purple-labelvegan-manic-panic-manic-panic-hair-mer_2f73c195-e123-4efe-aeb4-f00f03e5b681.jpg?v=1687775905",https://www.beserk.com.au/pages/privacy-policy,https://www.beserk.com.au/pages/terms-and-conditions,https://www.beserk.com.au/pages/beserk-returns,AU,AU
9429964685,"Pillarbox Red | Amplified Colour","For the brightest scarlet locks, Pillarbox Red is a natural choice. Named after the post office boxes in the UK, this color is lighter and more chromatic than Rock 'N' Roll Red, but darker and cooler than Wildfire The Amplified formula is a semi-permanent hair color that lasts 30% longer than our High Voltage Classic color! This stronger and longer-lasting formula is available in many of our best selling shades. Cream Formula Semi-Permanent Hair Color. Vegan Formula colors and conditions hair. Manic Panic Hair Color is a conditioning semi-permanent hair color fortified with a herbal & protein complex. It does not damage the hair but actually has restorative properties adding moisture and ""fill"" to processed hair. Manic Panic contains no animal by-products, is not tested on animals & is 100% Vegan. WEIGHT : 4 fl. oz / 118ml *Photos are from the Manic Panic Website Please Note: We recommend that you patch test any new product before its continued usage. If any redness or itching occurs do not continue use.  MANIC PANIC  Shop all Red Hair Dye",Beserk,https://www.beserk.com.au/products/pillarbox-red-amplified-colour?variant=34686451853&country=AU,https://cdn.shopify.com/s/files/1/0836/9167/files/pillarbox-red-or-amplified-colour-beserk-all-clickfrenzy15-2023-cosmetics-cpgstinc-discountapp-dye-ebaymp-fp-hair-colour-hair-dye-hair-red-labelvegan-manic-panic-manic-panic-hair-nak5.jpg?v=1687775907,in_stock,"34.95 AUD",,"Manic Panic",,MP-ACR71020,yes,new,HAIR,,Red,,,,,0.14,kg,"https://cdn.shopify.com/s/files/1/0836/9167/files/pillarbox-red-or-amplified-colour-beserk-all-clickfrenzy15-2023-cosmetics-cpgstinc-discountapp-dye-ebaymp-fp-hair-colour-hair-dye-hair-red-labelvegan-manic-panic-manic-panic-hair-nak5_3eab9e7b-2f5f-441e-999f-d2687db85a58.jpg?v=1687775909,https://cdn.shopify.com/s/files/1/0836/9167/files/pillarbox-red-or-amplified-colour-beserk-all-clickfrenzy15-2023-cosmetics-cpgstinc-discountapp-dye-ebaymp-fp-hair-colour-hair-dye-hair-red-labelvegan-manic-panic-manic-panic-hair-nak5_7fb9cbfa-90ac-4228-9926-9d8567440e55.jpg?v=1687775911,https://cdn.shopify.com/s/files/1/0836/9167/files/pillarbox-red-or-amplified-colour-beserk-all-clickfrenzy15-2023-cosmetics-cpgstinc-discountapp-dye-ebaymp-fp-hair-colour-hair-dye-hair-red-labelvegan-manic-panic-manic-panic-hair-nak5_4361817f-14c0-493e-9bc9-d1eaa96b3357.jpg?v=1687775914,https://cdn.shopify.com/s/files/1/0836/9167/files/pillarbox-red-or-amplified-colour-beserk-all-clickfrenzy15-2023-cosmetics-cpgstinc-discountapp-dye-ebaymp-fp-hair-colour-hair-dye-hair-red-labelvegan-manic-panic-manic-panic-hair-nak5_97c69691-fb97-4efa-b8da-d649c0415978.jpg?v=1687775916,https://cdn.shopify.com/s/files/1/0836/9167/files/pillarbox-red-or-amplified-colour-beserk-all-clickfrenzy15-2023-cosmetics-cpgstinc-discountapp-dye-ebaymp-fp-hair-colour-hair-dye-hair-red-labelvegan-manic-panic-manic-panic-hair-nak5_c2e3818c-1127-48dd-a020-dbbcb67b9053.jpg?v=1687775918,https://cdn.shopify.com/s/files/1/0836/9167/files/pillarbox-red-or-amplified-colour-beserk-all-clickfrenzy15-2023-cosmetics-cpgstinc-discountapp-dye-ebaymp-fp-hair-colour-hair-dye-hair-red-labelvegan-manic-panic-manic-panic-hair-nak5_b2ea9cff-d78f-4d8a-b290-d5a228d6e646.jpg?v=1687775920",https://www.beserk.com.au/pages/privacy-policy,https://www.beserk.com.au/pages/terms-and-conditions,https://www.beserk.com.au/pages/beserk-returns,AU,AU
9429964941,"Virgin White | Pressed Powder","Virgin white pressed powder is popular with those who prefer ""a whiter shade of pale"". Inside the compact are two levels: one compartment has a mirror and the powder, while underneath is a tray that's holds an applicator puff. The packaging comes hand-decorated with rhinestone details and is encased in an organza pouch.  WEIGHT: 11gms 100% Cruelty Free & Vegan! Please Note:  We recommend that you patch test any new product before its continued usage. If any redness or itching occurs do not continue use.  MANIC PANIC",Beserk,https://www.beserk.com.au/products/virgin-white-pressed-powder?variant=34686452173&country=AU,https://cdn.shopify.com/s/files/1/0836/9167/files/virgin-white-or-pressed-powder-beserk-accessories-all-clickfrenzy15-2023-compact-mirror-cosmetics-cosplay-cpgstinc-discountapp-ebaymp-face-fp-halloween-makeup-labelvegan-manic-panic-m.jpg?v=1687775907,in_stock,"34.95 AUD",,"Manic Panic",,MP-PPO38001,yes,new,MAKEUP,,,,,,,0.075,kg,https://cdn.shopify.com/s/files/1/0836/9167/files/virgin-white-or-pressed-powder-beserk-accessories-all-clickfrenzy15-2023-compact-mirror-cosmetics-cosplay-cpgstinc-discountapp-ebaymp-face-fp-halloween-makeup-labelvegan-manic-panic-m_17c96743-f045-42a7-b162-dd0e56ebb764.jpg?v=1687775909,https://www.beserk.com.au/pages/privacy-policy,https://www.beserk.com.au/pages/terms-and-conditions,https://www.beserk.com.au/pages/beserk-returns,AU,AU
9429965005,"Goth White | Cream Foundation`","Goth White cream/powder face make up. Applies like a cream, looks soft like a powder. Also doubles as a base under eyeshadows. This best-selling foundation has a velvety consistency that goes on like a cream but has the potent finish of a powder. Use as a make up base, a white primer under brightly-colored eye shadows, or as an under-eye concealer. This product is a favorite among Goths, cosplayers, and special effects make up artists. Elegantly packaged in a black chiffon pouch with black ribbon drawstring. Paraben Free Non-Comedogenic (won't clog pores!) Net Weight: 5gm 100% Cruelty Free & Vegan Please Note:  We recommend that you patch test any new product before its continued usage. If any redness or itching occurs do not continue use.  MANIC PANIC",Beserk,https://www.beserk.com.au/products/goth-white-cream-foundation?variant=34686452237&country=AU,https://cdn.shopify.com/s/files/1/0836/9167/files/goth-white-or-cream-foundation-beserk-all-clickfrenzy15-2023-concealer-cosmetics-cosplay-cpgstinc-discountapp-ebaymp-face-foundation-fp-gothic-halloween-halloween-makeup-labelpending.jpg?v=1687775907,out_of_stock,"24.95 AUD",,"Manic Panic",,MP-GWH38101,yes,new,MAKEUP,,,,,,,0.03,kg,https://cdn.shopify.com/s/files/1/0836/9167/files/goth-white-or-cream-foundation-beserk-all-clickfrenzy15-2023-concealer-cosmetics-cosplay-cpgstinc-discountapp-ebaymp-face-foundation-fp-gothic-halloween-halloween-makeup-labelpending_92af0ac4-5235-4912-86e9-f73a22ae9b17.jpg?v=1687775909,https://www.beserk.com.au/pages/privacy-policy,https://www.beserk.com.au/pages/terms-and-conditions,https://www.beserk.com.au/pages/beserk-returns,AU,AU
9429969741,"Ultra Violet | Amplified Colour","Darker than Lie Locks, but lighter and bluer than Violet Night, this purple is a royal shade of deep indigo. Bleaching first to a level 9 or 10 is suggested to get the hue at its brightest. The Amplified formula is a semi-permanent hair color that lasts 30% longer than our High Voltage Classic color! This stronger and longer-lasting formula is available in many of our best selling shades. Cream Formula Semi-Permanent Hair Color. Vegan Formula colors and conditions hair. Manic Panic Hair Color is a conditioning semi-permanent hair color fortified with a herbal & protein complex. It does not damage the hair but actually has restorative properties adding moisture and ""fill"" to processed hair. Manic Panic contains no animal by-products, is not tested on animals & is 100% Vegan. WEIGHT : 4 fl. oz / 118ml *Photos are from the Manic Panic Website Please Note: We recommend that you patch test any new product before its continued usage. If any redness or itching occurs do not continue use.  MANIC PANIC ",Beserk,https://www.beserk.com.au/products/ultra-violet-amplified-colour?variant=34686467533&country=AU,https://cdn.shopify.com/s/files/1/0836/9167/files/ultra-violet-or-amplified-colour-beserk-all-blue-clickfrenzy15-2023-cosmetics-cpgstinc-discountapp-dye-ebaymp-fp-hair-blue-hair-colour-hair-dye-hair-products-labelvegan-manic-panic-ma.jpg?v=1687775925,in_stock,"34.95 AUD",,"Manic Panic",,"MP-ACR71031 MPAUV",yes,new,HAIR,,Purple,,,,,0.14,kg,"https://cdn.shopify.com/s/files/1/0836/9167/files/ultra-violet-or-amplified-colour-beserk-all-blue-clickfrenzy15-2023-cosmetics-cpgstinc-discountapp-dye-ebaymp-fp-hair-blue-hair-colour-hair-dye-hair-products-labelvegan-manic-panic-ma_054effe3-f909-4242-bfc3-e9487e3b6d0e.jpg?v=1687775927,https://cdn.shopify.com/s/files/1/0836/9167/files/ultra-violet-or-amplified-colour-beserk-all-blue-clickfrenzy15-2023-cosmetics-cpgstinc-discountapp-dye-ebaymp-fp-hair-blue-hair-colour-hair-dye-hair-products-labelvegan-manic-panic-ma_cbea24ad-1448-4ca7-8c14-51c2aa3906f0.jpg?v=1687775929,https://cdn.shopify.com/s/files/1/0836/9167/files/ultra-violet-or-amplified-colour-beserk-all-blue-clickfrenzy15-2023-cosmetics-cpgstinc-discountapp-dye-ebaymp-fp-hair-blue-hair-colour-hair-dye-hair-products-labelvegan-manic-panic-ma_15ca0d97-83e8-4fc1-942a-b7bed02cff3d.jpg?v=1687775931,https://cdn.shopify.com/s/files/1/0836/9167/files/ultra-violet-or-amplified-colour-beserk-all-blue-clickfrenzy15-2023-cosmetics-cpgstinc-discountapp-dye-ebaymp-fp-hair-blue-hair-colour-hair-dye-hair-products-labelvegan-manic-panic-ma_85d45446-5a98-4058-acb1-459593a03c3e.jpg?v=1687775934,https://cdn.shopify.com/s/files/1/0836/9167/files/ultra-violet-or-amplified-colour-beserk-all-blue-clickfrenzy15-2023-cosmetics-cpgstinc-discountapp-dye-ebaymp-fp-hair-blue-hair-colour-hair-dye-hair-products-labelvegan-manic-panic-ma_1bca9fcc-5048-4be2-b0cb-03f3438b99cd.jpg?v=1687775936,https://cdn.shopify.com/s/files/1/0836/9167/files/ultra-violet-or-amplified-colour-beserk-all-blue-clickfrenzy15-2023-cosmetics-cpgstinc-discountapp-dye-ebaymp-fp-hair-blue-hair-colour-hair-dye-hair-products-labelvegan-manic-panic-ma_1c54e20c-7b4d-4867-8aaf-9be53528bceb.jpg?v=1687775938",https://www.beserk.com.au/pages/privacy-policy,https://www.beserk.com.au/pages/terms-and-conditions,https://www.beserk.com.au/pages/beserk-returns,AU,AU
9430065805,"Fence Net Top | Tights","Make a statement in the Fence Net Top Tights! These are the perfect addition to wear as part of your daily outfit, for a costume, or even as lingerie.  Materials:  88% Nylon, 12% Spandex SIZE CHART:   One size [approximately AU 8-14] ONE SIZE MUSIC LEGS",Beserk,https://www.beserk.com.au/products/fence-net-top-tights?variant=34687414477&country=AU,https://cdn.shopify.com/s/files/1/0836/9167/files/fence-net-top-or-tights-beserk-all-all-clothing-black-bravenkrazy-clickfrenzy15-2023-cosplay-cpgstinc-derby-hosiery-discountapp-fish-net-fishnet-fp-hosiery-hosiery-and-socks-ladies-la.jpg?v=1687775925,in_stock,"16.95 AUD",,"Music Legs",,ML-58080-BK,yes,new,HOSIERY,,,,,,,0.09,kg,"https://cdn.shopify.com/s/files/1/0836/9167/files/fence-net-top-or-tights-beserk-all-all-clothing-black-bravenkrazy-clickfrenzy15-2023-cosplay-cpgstinc-derby-hosiery-discountapp-fish-net-fishnet-fp-hosiery-hosiery-and-socks-ladies-la_c50ce25b-64f9-436c-8d45-3378dc55bec1.jpg?v=1687775927,https://cdn.shopify.com/s/files/1/0836/9167/files/fence-net-top-or-tights-beserk-all-all-clothing-black-bravenkrazy-clickfrenzy15-2023-cosplay-cpgstinc-derby-hosiery-discountapp-fish-net-fishnet-fp-hosiery-hosiery-and-socks-ladies-la_614b8c2e-ace3-42e2-be08-d0e5fb0f40be.jpg?v=1687775929,https://cdn.shopify.com/s/files/1/0836/9167/files/fence-net-top-or-tights-beserk-all-all-clothing-black-bravenkrazy-clickfrenzy15-2023-cosplay-cpgstinc-derby-hosiery-discountapp-fish-net-fishnet-fp-hosiery-hosiery-and-socks-ladies-la_8e1b9f18-67b2-4c01-9274-81faf1c20550.jpg?v=1687775931,https://cdn.shopify.com/s/files/1/0836/9167/files/fence-net-top-or-tights-beserk-all-all-clothing-black-bravenkrazy-clickfrenzy15-2023-cosplay-cpgstinc-derby-hosiery-discountapp-fish-net-fishnet-fp-hosiery-hosiery-and-socks-ladies-la_c9ba997e-bc47-45a5-bca8-24cb84be731b.jpg?v=1687775934",https://www.beserk.com.au/pages/privacy-policy,https://www.beserk.com.au/pages/terms-and-conditions,https://www.beserk.com.au/pages/beserk-returns,AU,AU
9430118669,"Voodoo Blue | Classic Colour","This lovely shade of cyan looks like it was plucked straight from a peacock. We recommend bleaching before use to achieve the purest form of the color. Cream Formula Semi-Permanent Hair Color. Vegan Formula colors and conditions hair. Manic Panic Hair Color is a conditioning semi-permanent hair colour fortified with a herbal & protein complex. It does not damage the hair but actually, has restorative properties adding moisture and ""fill"" to processed hair. Manic Panic contains no animal by-products, is not tested on animals & is 100% Vegan. WEIGHT : 4 fl. oz / 118ml *Photos are from the Manic Panic Website Please Note: We recommend that you patch test any new product before its continued usage. If any redness or itching occurs do not continue use.  MANIC PANIC ",Beserk,https://www.beserk.com.au/products/voodoo-blue-classic-colour?variant=34687947853&country=AU,https://cdn.shopify.com/s/files/1/0836/9167/files/voodoo-blue-or-classic-colour-beserk-all-blue-clickfrenzy15-2023-cosmetics-cpgstinc-discountapp-dye-ebaymp-fp-hair-blue-hair-colour-hair-dye-hair-products-hair-turquoise-labelvegan-ma.jpg?v=1687775940,in_stock,"29.95 AUD",,"Manic Panic",,MP-HCR11038,yes,new,HAIR,,Blue,,,,,0.16,kg,"https://cdn.shopify.com/s/files/1/0836/9167/files/voodoo-blue-or-classic-colour-beserk-all-blue-clickfrenzy15-2023-cosmetics-cpgstinc-discountapp-dye-ebaymp-fp-hair-blue-hair-colour-hair-dye-hair-products-hair-turquoise-labelvegan-ma_cb109f60-7b6a-4467-850b-bde9230efe8b.jpg?v=1687775942,https://cdn.shopify.com/s/files/1/0836/9167/files/voodoo-blue-or-classic-colour-beserk-all-blue-clickfrenzy15-2023-cosmetics-cpgstinc-discountapp-dye-ebaymp-fp-hair-blue-hair-colour-hair-dye-hair-products-hair-turquoise-labelvegan-ma_21c7124c-fa61-495a-8af4-56f92bec0330.jpg?v=1687775945,https://cdn.shopify.com/s/files/1/0836/9167/files/voodoo-blue-or-classic-colour-beserk-all-blue-clickfrenzy15-2023-cosmetics-cpgstinc-discountapp-dye-ebaymp-fp-hair-blue-hair-colour-hair-dye-hair-products-hair-turquoise-labelvegan-ma_747f67c4-0f0a-424e-a2b3-b4b164e4b97c.jpg?v=1687775947,https://cdn.shopify.com/s/files/1/0836/9167/files/voodoo-blue-or-classic-colour-beserk-all-blue-clickfrenzy15-2023-cosmetics-cpgstinc-discountapp-dye-ebaymp-fp-hair-blue-hair-colour-hair-dye-hair-products-hair-turquoise-labelvegan-ma_851ec1a7-fefd-4f28-b17e-12a8ba2c1e7d.jpg?v=1687775949,https://cdn.shopify.com/s/files/1/0836/9167/files/voodoo-blue-or-classic-colour-beserk-all-blue-clickfrenzy15-2023-cosmetics-cpgstinc-discountapp-dye-ebaymp-fp-hair-blue-hair-colour-hair-dye-hair-products-hair-turquoise-labelvegan-ma_c86f651f-e27c-4cc7-9b02-c58d4fcc05c6.jpg?v=1687775951,https://cdn.shopify.com/s/files/1/0836/9167/files/voodoo-blue-or-classic-colour-beserk-all-blue-clickfrenzy15-2023-cosmetics-cpgstinc-discountapp-dye-ebaymp-fp-hair-blue-hair-colour-hair-dye-hair-products-hair-turquoise-labelvegan-ma_52d5de37-e184-4b13-bbe5-caf0fe26e93f.jpg?v=1687775954,https://cdn.shopify.com/s/files/1/0836/9167/files/voodoo-blue-or-classic-colour-beserk-all-blue-clickfrenzy15-2023-cosmetics-cpgstinc-discountapp-dye-ebaymp-fp-hair-blue-hair-colour-hair-dye-hair-products-hair-turquoise-labelvegan-ma_2f251c62-f5d8-4422-b11c-3b378884e50b.jpg?v=1687775956",https://www.beserk.com.au/pages/privacy-policy,https://www.beserk.com.au/pages/terms-and-conditions,https://www.beserk.com.au/pages/beserk-returns,AU,AU
9430140365,"Rockabilly Blue | Classic Colour","Warning: strongest blue ever. Use sparingly! As a potent punch of cobalt hair dye, Rockabilly Blue is not for the timid! This color is a favorite of musician and Manic Panic sponsored artist Alissa White-Gluz from Arch Enemy. Bleaching hair prior to dyeing will guarantee the purest form of the color. Cream Formula Semi-Permanent Hair Color. Vegan Formula colors and conditions hair. Manic Panic Hair Colour is a conditioning semi-permanent hair colour fortified with a herbal & protein complex. It does not damage the hair but actually, has restorative properties adding moisture and ""fill"" to processed hair. Manic Panic contains no animal by-products, is not tested on animals & is 100% Vegan. WEIGHT : 4 fl. oz / 118ml *Photos are from the Manic Panic Website Please Note: We recommend that you patch test any new product before its continued usage. If any redness or itching occurs do not continue use.  MANIC PANIC  Shop all  Blue Hair Colour",Beserk,https://www.beserk.com.au/products/rockabilly-blue-classic-colour?variant=34688196749&country=AU,https://cdn.shopify.com/s/files/1/0836/9167/files/rockabilly-blue-or-classic-colour-beserk-all-blue-clickfrenzy15-2023-cosmetics-cpgstinc-discountapp-dye-ebaymp-fp-hair-hair-blue-hair-colour-hair-dye-labelvegan-manic-panic-manic-pani.jpg?v=1687775961,in_stock,"29.95 AUD",,"Manic Panic",,MP-HCR11039,yes,new,HAIR,,Blue,,,,,0.16,kg,"https://cdn.shopify.com/s/files/1/0836/9167/files/rockabilly-blue-or-classic-colour-beserk-all-blue-clickfrenzy15-2023-cosmetics-cpgstinc-discountapp-dye-ebaymp-fp-hair-hair-blue-hair-colour-hair-dye-labelvegan-manic-panic-manic-pani_5977c896-9353-49cd-8259-60420039c37f.jpg?v=1687775965,https://cdn.shopify.com/s/files/1/0836/9167/files/rockabilly-blue-or-classic-colour-beserk-all-blue-clickfrenzy15-2023-cosmetics-cpgstinc-discountapp-dye-ebaymp-fp-hair-hair-blue-hair-colour-hair-dye-labelvegan-manic-panic-manic-pani_763ed910-aa35-4d50-83ea-0e4f2ab1e4ac.jpg?v=1687775968,https://cdn.shopify.com/s/files/1/0836/9167/files/rockabilly-blue-or-classic-colour-beserk-all-blue-clickfrenzy15-2023-cosmetics-cpgstinc-discountapp-dye-ebaymp-fp-hair-hair-blue-hair-colour-hair-dye-labelvegan-manic-panic-manic-pani_bfd9bf9e-b5c7-491e-8ca6-5073837b4d45.jpg?v=1687775970,https://cdn.shopify.com/s/files/1/0836/9167/files/rockabilly-blue-or-classic-colour-beserk-all-blue-clickfrenzy15-2023-cosmetics-cpgstinc-discountapp-dye-ebaymp-fp-hair-hair-blue-hair-colour-hair-dye-labelvegan-manic-panic-manic-pani_18c46bcf-e675-4e05-a6f2-b135dbf33772.jpg?v=1687775973,https://cdn.shopify.com/s/files/1/0836/9167/files/rockabilly-blue-or-classic-colour-beserk-all-blue-clickfrenzy15-2023-cosmetics-cpgstinc-discountapp-dye-ebaymp-fp-hair-hair-blue-hair-colour-hair-dye-labelvegan-manic-panic-manic-pani_01e18711-226d-4d2c-a389-7955f04c93a1.jpg?v=1687775975,https://cdn.shopify.com/s/files/1/0836/9167/files/rockabilly-blue-or-classic-colour-beserk-all-blue-clickfrenzy15-2023-cosmetics-cpgstinc-discountapp-dye-ebaymp-fp-hair-hair-blue-hair-colour-hair-dye-labelvegan-manic-panic-manic-pani_39660514-4b42-4ccc-b857-6e4807b01740.jpg?v=1687775977",https://www.beserk.com.au/pages/privacy-policy,https://www.beserk.com.au/pages/terms-and-conditions,https://www.beserk.com.au/pages/beserk-returns,AU,AU
9430237005,"Duncan | The Drinking Bird","Duncan the Drinking bird! As featured on The Simpsons. This classic novelty drinking bird is a scientific wonder. This seemingly simple device uses the principles of thermodynamics to maintain a constant bobbing motion. Size: 14cm high",Beserk,https://www.beserk.com.au/products/duncan-the-drinking-bird?variant=34688835405&country=AU,https://cdn.shopify.com/s/files/1/0836/9167/files/homewares-duncan-the-drinking-bird-1.jpg?v=1689423350,in_stock,"14.95 AUD",,Homewares,,M-YJ-DTDB,yes,new,"HOME ADDITIONS",,,,,,,0.07,kg,"https://cdn.shopify.com/s/files/1/0836/9167/files/homewares-duncan-the-drinking-bird-2.jpg?v=1689423352,https://cdn.shopify.com/s/files/1/0836/9167/files/homewares-duncan-the-drinking-bird-3.jpg?v=1689423351,https://cdn.shopify.com/s/files/1/0836/9167/files/homewares-duncan-the-drinking-bird-4.jpg?v=1689423351,https://cdn.shopify.com/s/files/1/0836/9167/files/homewares-duncan-the-drinking-bird-5.jpg?v=1689423351",https://www.beserk.com.au/pages/privacy-policy,https://www.beserk.com.au/pages/terms-and-conditions,https://www.beserk.com.au/pages/beserk-returns,AU,AU
9430242317,"Aubergine | HAIR COLOUR","BLOOD RED MEETS MIDNIGHT BLACK. Crazy Colour Semi-permanent bright & bold hair colour! Crazy Color Aubergine is a muted but intensley glossy color brown meets blood red shade a popular shadow root color for rich red balyage enthusists. Highly pigmented and suitable for pre-lightened blonde to light brown hair. Formulated with our highly conditioning blend of ingredients that are gentle on your locks! 100% Vegan and Cruelty Free! To get the best result from your Crazy Color hair dye we recommend you use it on pre-lightened hair, but it can also be used as a tint on natural hair. This dye is a semi-permanent colour which means it will fade with every wash, but should last approx 4-8 washes depending on hair condition & type. WEIGHT:  100ml INSTRUCTIONS : - Strand & sensitivity tests are always recommended before any sort of dye is applied. - Shampoo your hair with a PH neutral shampoo, don't use conditioner, towel dry your hair. - Apply Crazy Color directly while hair is still damp, spreading evenly over the hair (wear gloves). - Leave for 15/30 minutes, then rinse thoroughly until water runs clear. TIPS : - Avoid dandruff or harsh shampoos. These can strip colour like there is no tomorrow! - Use a sulphate free or color friendly shampoo & wash as little as possible. Colour will be lost after each wash so avoid over-washing! - Rinse hair with cold water, post shampooing. It closes the hair cuticles and seals in maximum colour. - Too much direct sunlight will strip all that edgy Crazy Color right out. - Avoid swimming. Chlorine is another nasty product that will strip the life and color from your lovely hair. Please Note: We recommend that you patch test any new product before its continued usage. If any redness or itching occurs do not continue use.  CRAZY COLOR",Beserk,https://www.beserk.com.au/products/aubergine-hair-colour?variant=34688864845&country=AU,https://cdn.shopify.com/s/files/1/0836/9167/files/aubergine-or-hair-colour-beserk-all-beserkstaple-clickfrenzy15-2023-cosmetics-crazy-color-discountapp-dye-fp-goth-hair-hair-colour-hair-dye-hair-dyes-hair-purple-labelvegan-purple-rep.jpg?v=1687776002,in_stock,"16.95 AUD",,"Crazy Color",,CC050-002240,yes,new,HAIR,,,,,,,0.12,kg,"https://cdn.shopify.com/s/files/1/0836/9167/files/aubergine-or-hair-colour-beserk-all-beserkstaple-clickfrenzy15-2023-cosmetics-crazy-color-discountapp-dye-fp-goth-hair-hair-colour-hair-dye-hair-dyes-hair-purple-labelvegan-purple-rep_29a060e4-ffc0-4aaf-a342-1ead8264843e.jpg?v=1687776005,https://cdn.shopify.com/s/files/1/0836/9167/files/aubergine-or-hair-colour-beserk-all-beserkstaple-clickfrenzy15-2023-cosmetics-crazy-color-discountapp-dye-fp-goth-hair-hair-colour-hair-dye-hair-dyes-hair-purple-labelvegan-purple-rep_39918038-8a86-4683-aeed-f96ac65a59ea.jpg?v=1687776007,https://cdn.shopify.com/s/files/1/0836/9167/files/aubergine-or-hair-colour-beserk-all-beserkstaple-clickfrenzy15-2023-cosmetics-crazy-color-discountapp-dye-fp-goth-hair-hair-colour-hair-dye-hair-dyes-hair-purple-labelvegan-purple-rep_a136e70f-7aef-47e5-9d29-5227e54113bf.jpg?v=1687776010,https://cdn.shopify.com/s/files/1/0836/9167/files/aubergine-or-hair-colour-beserk-all-beserkstaple-clickfrenzy15-2023-cosmetics-crazy-color-discountapp-dye-fp-goth-hair-hair-colour-hair-dye-hair-dyes-hair-purple-labelvegan-purple-rep_c1b3dd62-319e-415e-972f-8b021f460982.jpg?v=1687776012,https://cdn.shopify.com/s/files/1/0836/9167/files/aubergine-or-hair-colour-beserk-all-beserkstaple-clickfrenzy15-2023-cosmetics-crazy-color-discountapp-dye-fp-goth-hair-hair-colour-hair-dye-hair-dyes-hair-purple-labelvegan-purple-rep_e5065944-2490-4a61-affa-39941e828acc.jpg?v=1687776015,https://cdn.shopify.com/s/files/1/0836/9167/files/aubergine-or-hair-colour-beserk-all-beserkstaple-clickfrenzy15-2023-cosmetics-crazy-color-discountapp-dye-fp-goth-hair-hair-colour-hair-dye-hair-dyes-hair-purple-labelvegan-purple-rep_ae372595-ce9f-492a-8931-273b6de255e0.jpg?v=1687776017,https://cdn.shopify.com/s/files/1/0836/9167/files/aubergine-or-hair-colour-beserk-all-beserkstaple-clickfrenzy15-2023-cosmetics-crazy-color-discountapp-dye-fp-goth-hair-hair-colour-hair-dye-hair-dyes-hair-purple-labelvegan-purple-rep_b79805a6-ecd1-4480-aa04-429ca5cfc8eb.jpg?v=1687776019,https://cdn.shopify.com/s/files/1/0836/9167/files/aubergine-or-hair-colour-beserk-all-beserkstaple-clickfrenzy15-2023-cosmetics-crazy-color-discountapp-dye-fp-goth-hair-hair-colour-hair-dye-hair-dyes-hair-purple-labelvegan-purple-rep_25524551-00dd-428d-af7e-dca0433d948e.jpg?v=1687776022",https://www.beserk.com.au/pages/privacy-policy,https://www.beserk.com.au/pages/terms-and-conditions,https://www.beserk.com.au/pages/beserk-returns,AU,AU
9430245389,"Black | Hair Colour","TEMPTING TEMPTRESS - HATS OFF DITA! Crazy Colour Semi-permanent bright & bold hair colour! Crazy Color Black is a multi purpose wonder. Apply this blue-based jet black dye straight from the bottle for raven black results, or add a spot in any colour to take it just a step darker. Black can be used over hair that's already dark right up to lightest blondes. 100% Vegan and Cruelty Free! To get the best result from your Crazy Color hair dye we recommend you use it on pre-lightened hair, but it can also be used as a tint on natural hair. This dye is a semi-permanent colour which means it will fade with every wash, but should last approx 4-8 washes depending on hair condition & type. WEIGHT:  100ml INSTRUCTIONS : - Strand & sensitivity tests are always recommended before any sort of dye is applied. - Shampoo your hair with a PH neutral shampoo, don't use conditioner, towel dry your hair. - Apply Crazy Color directly while hair is still damp, spreading evenly over the hair (wear gloves). - Leave for 15/30 minutes, then rinse thoroughly until water runs clear. TIPS : - Avoid dandruff or harsh shampoos. These can strip colour like there is no tomorrow! - Use a sulphate free or color friendly shampoo & wash as little as possible. Colour will be lost after each wash so avoid over-washing! - Rinse hair with cold water, post shampooing. It closes the hair cuticles and seals in maximum colour. - Too much direct sunlight will strip all that edgy Crazy Color right out. - Avoid swimming. Chlorine is another nasty product that will strip the life and color from your lovely hair. Please Note: We recommend that you patch test any new product before its continued usage. If any redness or itching occurs do not continue use.  CRAZY COLOR",Beserk,https://www.beserk.com.au/products/black-hair-colour?variant=34688886797&country=AU,https://cdn.shopify.com/s/files/1/0836/9167/files/black-or-hair-colour-beserk-all-beserkstaple-black-clickfrenzy15-2023-cosmetics-crazy-color-discountapp-dye-fp-goth-hair-hair-black-hair-colour-hair-dye-hair-dyes-labelvegan-repriced0.jpg?v=1687776003,in_stock,"16.95 AUD",,"Crazy Color",,CC030-002273,yes,new,HAIR,,,,,,,0.12,kg,"https://cdn.shopify.com/s/files/1/0836/9167/files/black-or-hair-colour-beserk-all-beserkstaple-black-clickfrenzy15-2023-cosmetics-crazy-color-discountapp-dye-fp-goth-hair-hair-black-hair-colour-hair-dye-hair-dyes-labelvegan-repriced0_ca4c8555-f533-4aca-bf6a-7dfd149f98d1.jpg?v=1687776006,https://cdn.shopify.com/s/files/1/0836/9167/files/black-or-hair-colour-beserk-all-beserkstaple-black-clickfrenzy15-2023-cosmetics-crazy-color-discountapp-dye-fp-goth-hair-hair-black-hair-colour-hair-dye-hair-dyes-labelvegan-repriced0_99d9cbc7-a545-415a-a445-f173836d1124.jpg?v=1687776008,https://cdn.shopify.com/s/files/1/0836/9167/files/black-or-hair-colour-beserk-all-beserkstaple-black-clickfrenzy15-2023-cosmetics-crazy-color-discountapp-dye-fp-goth-hair-hair-black-hair-colour-hair-dye-hair-dyes-labelvegan-repriced0_1b8d924a-3c99-4d63-88cd-fd1bb80ccb87.jpg?v=1687776013,https://cdn.shopify.com/s/files/1/0836/9167/files/black-or-hair-colour-beserk-all-beserkstaple-black-clickfrenzy15-2023-cosmetics-crazy-color-discountapp-dye-fp-goth-hair-hair-black-hair-colour-hair-dye-hair-dyes-labelvegan-repriced0_400cfa6e-f792-46da-bbd7-30911e643667.jpg?v=1687776016,https://cdn.shopify.com/s/files/1/0836/9167/files/black-or-hair-colour-beserk-all-beserkstaple-black-clickfrenzy15-2023-cosmetics-crazy-color-discountapp-dye-fp-goth-hair-hair-black-hair-colour-hair-dye-hair-dyes-labelvegan-repriced0_b24d0b9b-27af-4503-8fdf-c44c8a0c512b.jpg?v=1687776019,https://cdn.shopify.com/s/files/1/0836/9167/files/black-or-hair-colour-beserk-all-beserkstaple-black-clickfrenzy15-2023-cosmetics-crazy-color-discountapp-dye-fp-goth-hair-hair-black-hair-colour-hair-dye-hair-dyes-labelvegan-repriced0_0d16f26f-29b2-49f7-94bd-e0d7cc5015b5.jpg?v=1687776022,https://cdn.shopify.com/s/files/1/0836/9167/files/black-or-hair-colour-beserk-all-beserkstaple-black-clickfrenzy15-2023-cosmetics-crazy-color-discountapp-dye-fp-goth-hair-hair-black-hair-colour-hair-dye-hair-dyes-labelvegan-repriced0_87d63523-6083-42e2-b10c-9f9f917ba7df.jpg?v=1687776024,https://cdn.shopify.com/s/files/1/0836/9167/files/black-or-hair-colour-beserk-all-beserkstaple-black-clickfrenzy15-2023-cosmetics-crazy-color-discountapp-dye-fp-goth-hair-hair-black-hair-colour-hair-dye-hair-dyes-labelvegan-repriced0_8d3ba84d-8cd9-4565-b224-fcb54e3e0116.jpg?v=1687776026,https://cdn.shopify.com/s/files/1/0836/9167/files/black-or-hair-colour-beserk-all-beserkstaple-black-clickfrenzy15-2023-cosmetics-crazy-color-discountapp-dye-fp-goth-hair-hair-black-hair-colour-hair-dye-hair-dyes-labelvegan-repriced0_8c52075e-6b90-4ddf-806c-ffacf8c830d1.jpg?v=1687776028",https://www.beserk.com.au/pages/privacy-policy,https://www.beserk.com.au/pages/terms-and-conditions,https://www.beserk.com.au/pages/beserk-returns,AU,AU
9430245453,"Bubblegum Blue | Hair Colour","DON'T BURST YOUR BUBBLE. Crazy Colour Semi-permanent bright & bold hair colour! Crazy Color Bubblegum Blue is our brightest baby blue. For hair colour that demands attention. Use straight from the bottle on Pre-lightened or light blonde hair. Formulated with our highly conditioning blend of ingredients that are gentle on your locks! 100% Vegan and Cruelty Free! To get the best result from your Crazy Color hair dye we recommend you use it on pre-lightened hair, but it can also be used as a tint on natural hair. This dye is a semi-permanent colour which means it will fade with every wash, but should last approx 4-8 washes depending on hair condition & type. WEIGHT:  100ml INSTRUCTIONS : - Strand & sensitivity tests are always recommended before any sort of dye is applied. - Shampoo your hair with a PH neutral shampoo, don't use conditioner, towel dry your hair. - Apply Crazy Color directly while hair is still damp, spreading evenly over the hair (wear gloves). - Leave for 15/30 minutes, then rinse thoroughly until water runs clear. TIPS : - Avoid dandruff or harsh shampoos. These can strip colour like there is no tomorrow! - Use a sulphate free or color friendly shampoo & wash as little as possible. Colour will be lost after each wash so avoid over-washing! - Rinse hair with cold water, post shampooing. It closes the hair cuticles and seals in maximum colour. - Too much direct sunlight will strip all that edgy Crazy Color right out. - Avoid swimming. Chlorine is another nasty product that will strip the life and color from your lovely hair. Please Note: We recommend that you patch test any new product before its continued usage. If any redness or itching occurs do not continue use.  CRAZY COLOR Shop all  Crazy Colour",Beserk,https://www.beserk.com.au/products/bubblegum-blue-hair-colour?variant=34688887181&country=AU,https://cdn.shopify.com/s/files/1/0836/9167/files/bubblegum-blue-or-hair-colour-beserk-all-beserkstaple-blue-clickfrenzy15-2023-cosmetics-crazy-color-discountapp-dye-fp-hair-hair-blue-hair-colour-hair-dye-hair-dyes-labelvegan-mermaid.jpg?v=1687776003,in_stock,"16.95 AUD",,"Crazy Color",,CC063-002281,yes,new,HAIR,,,,,,,0.12,kg,"https://cdn.shopify.com/s/files/1/0836/9167/files/bubblegum-blue-or-hair-colour-beserk-all-beserkstaple-blue-clickfrenzy15-2023-cosmetics-crazy-color-discountapp-dye-fp-hair-hair-blue-hair-colour-hair-dye-hair-dyes-labelvegan-mermaid_89b7c32a-ad9b-4b3c-b6c6-dfde4425e244.jpg?v=1687776005,https://cdn.shopify.com/s/files/1/0836/9167/files/bubblegum-blue-or-hair-colour-beserk-all-beserkstaple-blue-clickfrenzy15-2023-cosmetics-crazy-color-discountapp-dye-fp-hair-hair-blue-hair-colour-hair-dye-hair-dyes-labelvegan-mermaid_25496acf-71cf-4388-a508-b8763a801bcf.jpg?v=1687776008,https://cdn.shopify.com/s/files/1/0836/9167/files/bubblegum-blue-or-hair-colour-beserk-all-beserkstaple-blue-clickfrenzy15-2023-cosmetics-crazy-color-discountapp-dye-fp-hair-hair-blue-hair-colour-hair-dye-hair-dyes-labelvegan-mermaid_6c5d8913-e984-4bcf-a971-65f2a526406d.jpg?v=1687776011,https://cdn.shopify.com/s/files/1/0836/9167/files/bubblegum-blue-or-hair-colour-beserk-all-beserkstaple-blue-clickfrenzy15-2023-cosmetics-crazy-color-discountapp-dye-fp-hair-hair-blue-hair-colour-hair-dye-hair-dyes-labelvegan-mermaid_b347a030-f16c-4a8b-8938-9c2517fa78bd.jpg?v=1687776013,https://cdn.shopify.com/s/files/1/0836/9167/files/bubblegum-blue-or-hair-colour-beserk-all-beserkstaple-blue-clickfrenzy15-2023-cosmetics-crazy-color-discountapp-dye-fp-hair-hair-blue-hair-colour-hair-dye-hair-dyes-labelvegan-mermaid_207b2d59-2263-4998-a628-ec68ad3ce95d.jpg?v=1687776016,https://cdn.shopify.com/s/files/1/0836/9167/files/bubblegum-blue-or-hair-colour-beserk-all-beserkstaple-blue-clickfrenzy15-2023-cosmetics-crazy-color-discountapp-dye-fp-hair-hair-blue-hair-colour-hair-dye-hair-dyes-labelvegan-mermaid_e11d71f7-d447-4157-b147-5dd00691483e.jpg?v=1687776018,https://cdn.shopify.com/s/files/1/0836/9167/files/bubblegum-blue-or-hair-colour-beserk-all-beserkstaple-blue-clickfrenzy15-2023-cosmetics-crazy-color-discountapp-dye-fp-hair-hair-blue-hair-colour-hair-dye-hair-dyes-labelvegan-mermaid_58272e09-947e-477d-9556-d82e50f151f2.jpg?v=1687776021,https://cdn.shopify.com/s/files/1/0836/9167/files/bubblegum-blue-or-hair-colour-beserk-all-beserkstaple-blue-clickfrenzy15-2023-cosmetics-crazy-color-discountapp-dye-fp-hair-hair-blue-hair-colour-hair-dye-hair-dyes-labelvegan-mermaid_72cefc0e-36f0-4379-95c1-37bdded4ddad.jpg?v=1687776023,https://cdn.shopify.com/s/files/1/0836/9167/files/bubblegum-blue-or-hair-colour-beserk-all-beserkstaple-blue-clickfrenzy15-2023-cosmetics-crazy-color-discountapp-dye-fp-hair-hair-blue-hair-colour-hair-dye-hair-dyes-labelvegan-mermaid_55281872-86f1-4de8-a6a2-8fd09dff19da.jpg?v=1687776025",https://www.beserk.com.au/pages/privacy-policy,https://www.beserk.com.au/pages/terms-and-conditions,https://www.beserk.com.au/pages/beserk-returns,AU,AU
9430245581,"Emerald Green | Hair Colour","WICKED GREEN - TAKE OVER THE EMERALD CITY. Crazy Colour Semi-permanent bright & bold hair colour! Stunningly bright Crazy Color Emerald Green is a dead ringer for the gem stone inspiration. So leave em' Green with envy. Use straight from the bottle on Pre-lightened or light blonde hair, it's also a great primary mixer to make your own hue! Formulated with our highly conditioning blend of ingredients that are gentle on your locks! 100% Vegan and Cruelty Free! To get the best result from your Crazy Color hair dye we recommend you use it on pre-lightened hair, but it can also be used as a tint on natural hair. This dye is a semi-permanent colour which means it will fade with every wash, but should last approx 4-8 washes depending on hair condition & type. WEIGHT:  100ml INSTRUCTIONS : - Strand & sensitivity tests are always recommended before any sort of dye is applied. - Shampoo your hair with a PH neutral shampoo, don't use conditioner, towel dry your hair. - Apply Crazy Color directly while hair is still damp, spreading evenly over the hair (wear gloves). - Leave for 15/30 minutes, then rinse thoroughly until water runs clear. TIPS : - Avoid dandruff or harsh shampoos. These can strip colour like there is no tomorrow! - Use a sulphate free or color friendly shampoo & wash as little as possible. Colour will be lost after each wash so avoid over-washing! - Rinse hair with cold water, post shampooing. It closes the hair cuticles and seals in maximum colour. - Too much direct sunlight will strip all that edgy Crazy Color right out. - Avoid swimming. Chlorine is another nasty product that will strip the life and color from your lovely hair. Please Note: We recommend that you patch test any new product before its continued usage. If any redness or itching occurs do not continue use.  CRAZY COLOR",Beserk,https://www.beserk.com.au/products/emerald-green-hair-colour?variant=34688887373&country=AU,https://cdn.shopify.com/s/files/1/0836/9167/files/emerald-green-or-hair-colour-beserk-420sale-all-beserkstaple-clickfrenzy15-2023-cosmetics-crazy-color-discountapp-dye-fp-green-hair-hair-colour-hair-dye-hair-dyes-hair-green-labelvega.jpg?v=1687776003,in_stock,"16.95 AUD",,"Crazy Color",,CC053,yes,new,HAIR,,,,,,,0.12,kg,"https://cdn.shopify.com/s/files/1/0836/9167/files/emerald-green-or-hair-colour-beserk-420sale-all-beserkstaple-clickfrenzy15-2023-cosmetics-crazy-color-discountapp-dye-fp-green-hair-hair-colour-hair-dye-hair-dyes-hair-green-labelvega_02c844fc-80dc-480c-96e4-63c5e5c4dbdf.jpg?v=1687776005,https://cdn.shopify.com/s/files/1/0836/9167/files/emerald-green-or-hair-colour-beserk-420sale-all-beserkstaple-clickfrenzy15-2023-cosmetics-crazy-color-discountapp-dye-fp-green-hair-hair-colour-hair-dye-hair-dyes-hair-green-labelvega_58786716-33fc-42c2-ae88-b5808692e050.jpg?v=1687776008,https://cdn.shopify.com/s/files/1/0836/9167/files/emerald-green-or-hair-colour-beserk-420sale-all-beserkstaple-clickfrenzy15-2023-cosmetics-crazy-color-discountapp-dye-fp-green-hair-hair-colour-hair-dye-hair-dyes-hair-green-labelvega_16ba5732-7db0-465e-bb71-34724e05bc5d.jpg?v=1687776011,https://cdn.shopify.com/s/files/1/0836/9167/files/emerald-green-or-hair-colour-beserk-420sale-all-beserkstaple-clickfrenzy15-2023-cosmetics-crazy-color-discountapp-dye-fp-green-hair-hair-colour-hair-dye-hair-dyes-hair-green-labelvega_7f47ab61-5614-4ec3-983a-6ae859be591b.jpg?v=1687776013,https://cdn.shopify.com/s/files/1/0836/9167/files/emerald-green-or-hair-colour-beserk-420sale-all-beserkstaple-clickfrenzy15-2023-cosmetics-crazy-color-discountapp-dye-fp-green-hair-hair-colour-hair-dye-hair-dyes-hair-green-labelvega_3b49491c-d216-4fb3-917f-5c24a9fc8b29.jpg?v=1687776016,https://cdn.shopify.com/s/files/1/0836/9167/files/emerald-green-or-hair-colour-beserk-420sale-all-beserkstaple-clickfrenzy15-2023-cosmetics-crazy-color-discountapp-dye-fp-green-hair-hair-colour-hair-dye-hair-dyes-hair-green-labelvega_792862c2-577f-46c5-9df0-58859bc8ca88.jpg?v=1687776018,https://cdn.shopify.com/s/files/1/0836/9167/files/emerald-green-or-hair-colour-beserk-420sale-all-beserkstaple-clickfrenzy15-2023-cosmetics-crazy-color-discountapp-dye-fp-green-hair-hair-colour-hair-dye-hair-dyes-hair-green-labelvega_cf43222d-963c-40bb-8cf5-3c138b6851f8.jpg?v=1687776021,https://cdn.shopify.com/s/files/1/0836/9167/files/emerald-green-or-hair-colour-beserk-420sale-all-beserkstaple-clickfrenzy15-2023-cosmetics-crazy-color-discountapp-dye-fp-green-hair-hair-colour-hair-dye-hair-dyes-hair-green-labelvega_665ce3e2-26f5-4b4c-8bfa-f41d54c7c17e.jpg?v=1687776023,https://cdn.shopify.com/s/files/1/0836/9167/files/emerald-green-or-hair-colour-beserk-420sale-all-beserkstaple-clickfrenzy15-2023-cosmetics-crazy-color-discountapp-dye-fp-green-hair-hair-colour-hair-dye-hair-dyes-hair-green-labelvega_2c0b1785-847d-4464-b39f-9a9064a35d51.jpg?v=1687776026",https://www.beserk.com.au/pages/privacy-policy,https://www.beserk.com.au/pages/terms-and-conditions,https://www.beserk.com.au/pages/beserk-returns,AU,AU
9430245773,"Coral Red | Hair Colour**","BLOOD AMBER - DO OR DYE. Crazy Colour Semi-permanent bright & bold hair colour! Is it orange, is it pinky red? Crazy Color Coral Red has them looking twice. This orginal shade from the 1977 line up is a fan favourite for a reason! Recommended for pale to platinum blonde hair for truly outrageous results. 100% Vegan and Cruelty Free! To get the best result from your Crazy Color hair dye we recommend you use it on pre-lightened hair, but it can also be used as a tint on natural hair. This dye is a semi-permanent colour which means it will fade with every wash, but should last approx 4-8 washes depending on hair condition & type. WEIGHT:  100ml INSTRUCTIONS : - Strand & sensitivity tests are always recommended before any sort of dye is applied. - Shampoo your hair with a PH neutral shampoo, don't use conditioner, towel dry your hair. - Apply Crazy Color directly while hair is still damp, spreading evenly over the hair (wear gloves). - Leave for 15/30 minutes, then rinse thoroughly until water runs clear. TIPS : - Avoid dandruff or harsh shampoos. These can strip colour like there is no tomorrow! - Use a sulphate free or color friendly shampoo & wash as little as possible. Colour will be lost after each wash so avoid over-washing! - Rinse hair with cold water, post shampooing. It closes the hair cuticles and seals in maximum colour. - Too much direct sunlight will strip all that edgy Crazy Color right out. - Avoid swimming. Chlorine is another nasty product that will strip the life and color from your lovely hair. Please Note: We recommend that you patch test any new product before its continued usage. If any redness or itching occurs do not continue use.  CRAZY COLOR",Beserk,https://www.beserk.com.au/products/coral-red-hair-colour?variant=34688888141&country=AU,https://cdn.shopify.com/s/files/1/0836/9167/files/coral-red-or-hair-colour-beserk-all-beserkstaple-clickfrenzy15-2023-cosmetics-crazy-color-discountapp-dye-fp-hair-hair-colour-hair-dye-hair-dyes-hair-orange-hair-red-labelvegan-orange.jpg?v=1687776031,in_stock,"16.95 AUD",,"Crazy Color",,CC057,yes,new,HAIR,,,,,,,0.12,kg,"https://cdn.shopify.com/s/files/1/0836/9167/files/coral-red-or-hair-colour-beserk-all-beserkstaple-clickfrenzy15-2023-cosmetics-crazy-color-discountapp-dye-fp-hair-hair-colour-hair-dye-hair-dyes-hair-orange-hair-red-labelvegan-orange_ffdabe0f-14d4-40c6-a22e-a2b4fc8ade46.jpg?v=1687776034,https://cdn.shopify.com/s/files/1/0836/9167/files/coral-red-or-hair-colour-beserk-all-beserkstaple-clickfrenzy15-2023-cosmetics-crazy-color-discountapp-dye-fp-hair-hair-colour-hair-dye-hair-dyes-hair-orange-hair-red-labelvegan-orange_28323ff4-62a7-4f46-96a8-45e06807d79a.jpg?v=1687776036,https://cdn.shopify.com/s/files/1/0836/9167/files/coral-red-or-hair-colour-beserk-all-beserkstaple-clickfrenzy15-2023-cosmetics-crazy-color-discountapp-dye-fp-hair-hair-colour-hair-dye-hair-dyes-hair-orange-hair-red-labelvegan-orange_8c4acf01-28fa-449c-9e70-f557052c2f20.jpg?v=1687776038,https://cdn.shopify.com/s/files/1/0836/9167/files/coral-red-or-hair-colour-beserk-all-beserkstaple-clickfrenzy15-2023-cosmetics-crazy-color-discountapp-dye-fp-hair-hair-colour-hair-dye-hair-dyes-hair-orange-hair-red-labelvegan-orange_87e0325f-1733-44dc-8e46-5026e42724b2.jpg?v=1687776041,https://cdn.shopify.com/s/files/1/0836/9167/files/coral-red-or-hair-colour-beserk-all-beserkstaple-clickfrenzy15-2023-cosmetics-crazy-color-discountapp-dye-fp-hair-hair-colour-hair-dye-hair-dyes-hair-orange-hair-red-labelvegan-orange_5c7772d0-aa80-4e45-9c3a-ce4486aeb807.jpg?v=1687776043,https://cdn.shopify.com/s/files/1/0836/9167/files/coral-red-or-hair-colour-beserk-all-beserkstaple-clickfrenzy15-2023-cosmetics-crazy-color-discountapp-dye-fp-hair-hair-colour-hair-dye-hair-dyes-hair-orange-hair-red-labelvegan-orange_53cab273-bd11-4c5d-a79c-e33c103892a3.jpg?v=1687776046,https://cdn.shopify.com/s/files/1/0836/9167/files/coral-red-or-hair-colour-beserk-all-beserkstaple-clickfrenzy15-2023-cosmetics-crazy-color-discountapp-dye-fp-hair-hair-colour-hair-dye-hair-dyes-hair-orange-hair-red-labelvegan-orange_42afc6ed-2572-4660-9c07-c91453d255bc.jpg?v=1687776048,https://cdn.shopify.com/s/files/1/0836/9167/files/coral-red-or-hair-colour-beserk-all-beserkstaple-clickfrenzy15-2023-cosmetics-crazy-color-discountapp-dye-fp-hair-hair-colour-hair-dye-hair-dyes-hair-orange-hair-red-labelvegan-orange_16eaf844-a29a-456e-b8b1-0fba15091d04.jpg?v=1687776050,https://cdn.shopify.com/s/files/1/0836/9167/files/coral-red-or-hair-colour-beserk-all-beserkstaple-clickfrenzy15-2023-cosmetics-crazy-color-discountapp-dye-fp-hair-hair-colour-hair-dye-hair-dyes-hair-orange-hair-red-labelvegan-orange_1c0a530b-de48-4a9d-b27d-3b0f401fa5a0.jpg?v=1687776053",https://www.beserk.com.au/pages/privacy-policy,https://www.beserk.com.au/pages/terms-and-conditions,https://www.beserk.com.au/pages/beserk-returns,AU,AU
9430245901,"Cyclamen | Hair Colour","GARNET RED FOR REAL ROMANTICS. Crazy Colour Semi-permanent bright & bold hair colour! Crazy Color Cyclamen hair dye captures its colour inspiration from the deep purple red flowers of the same name. This smouldering shade is suitable for pre-lightened blonde to light brown hair. Please note results on light brown hair will be tonal and not to the colour in the bottle. Our conditioning hair dye is formulated with ingredients that are gentle on your locks! 100% Vegan and Cruelty Free! To get the best result from your Crazy Color hair dye we recommend you use it on pre-lightened hair, but it can also be used as a tint on natural hair. This dye is a semi-permanent colour which means it will fade with every wash, but should last approx 4-8 washes depending on hair condition & type. WEIGHT:  100ml INSTRUCTIONS : - Strand & sensitivity tests are always recommended before any sort of dye is applied. - Shampoo your hair with a PH neutral shampoo, don't use conditioner, towel dry your hair. - Apply Crazy Color directly while hair is still damp, spreading evenly over the hair (wear gloves). - Leave for 15/30 minutes, then rinse thoroughly until water runs clear. TIPS : - Avoid dandruff or harsh shampoos. These can strip colour like there is no tomorrow! - Use a sulphate free or color friendly shampoo & wash as little as possible. Colour will be lost after each wash so avoid over-washing! - Rinse hair with cold water, post shampooing. It closes the hair cuticles and seals in maximum colour. - Too much direct sunlight will strip all that edgy Crazy Color right out. - Avoid swimming. Chlorine is another nasty product that will strip the life and color from your lovely hair. Please Note: We recommend that you patch test any new product before its continued usage. If any redness or itching occurs do not continue use.  CRAZY COLOR",Beserk,https://www.beserk.com.au/products/cyclamen-hair-colour?variant=34688888333&country=AU,https://cdn.shopify.com/s/files/1/0836/9167/files/cyclamen-or-hair-colour-beserk-all-beserkstaple-clickfrenzy15-2023-cosmetics-cpgstinc-crazy-color-discountapp-dye-fp-hair-hair-colour-hair-dye-hair-dyes-hair-purple-labelvegan-mermaid.jpg?v=1687776030,in_stock,"16.95 AUD",,"Crazy Color",,CC041-002231,yes,new,HAIR,,,,,,,0.12,kg,"https://cdn.shopify.com/s/files/1/0836/9167/files/cyclamen-or-hair-colour-beserk-all-beserkstaple-clickfrenzy15-2023-cosmetics-cpgstinc-crazy-color-discountapp-dye-fp-hair-hair-colour-hair-dye-hair-dyes-hair-purple-labelvegan-mermaid_cd6fdff9-4feb-48a5-a0ae-33f8e19c12ca.jpg?v=1687776033,https://cdn.shopify.com/s/files/1/0836/9167/files/cyclamen-or-hair-colour-beserk-all-beserkstaple-clickfrenzy15-2023-cosmetics-cpgstinc-crazy-color-discountapp-dye-fp-hair-hair-colour-hair-dye-hair-dyes-hair-purple-labelvegan-mermaid_09b9612b-0d61-43ee-8308-6cffa91de8e8.jpg?v=1687776035,https://cdn.shopify.com/s/files/1/0836/9167/files/cyclamen-or-hair-colour-beserk-all-beserkstaple-clickfrenzy15-2023-cosmetics-cpgstinc-crazy-color-discountapp-dye-fp-hair-hair-colour-hair-dye-hair-dyes-hair-purple-labelvegan-mermaid_4bd4e9d1-5f98-4224-90ef-c273247584a8.jpg?v=1687776038,https://cdn.shopify.com/s/files/1/0836/9167/files/cyclamen-or-hair-colour-beserk-all-beserkstaple-clickfrenzy15-2023-cosmetics-cpgstinc-crazy-color-discountapp-dye-fp-hair-hair-colour-hair-dye-hair-dyes-hair-purple-labelvegan-mermaid_8ba9d8af-76ad-4fde-a24f-d4af4db06177.jpg?v=1687776041,https://cdn.shopify.com/s/files/1/0836/9167/files/cyclamen-or-hair-colour-beserk-all-beserkstaple-clickfrenzy15-2023-cosmetics-cpgstinc-crazy-color-discountapp-dye-fp-hair-hair-colour-hair-dye-hair-dyes-hair-purple-labelvegan-mermaid_2536d274-989d-4704-a1ff-cf42eb6ee300.jpg?v=1687776043,https://cdn.shopify.com/s/files/1/0836/9167/files/cyclamen-or-hair-colour-beserk-all-beserkstaple-clickfrenzy15-2023-cosmetics-cpgstinc-crazy-color-discountapp-dye-fp-hair-hair-colour-hair-dye-hair-dyes-hair-purple-labelvegan-mermaid_42349658-20f2-4d03-888f-d8764acb61f3.jpg?v=1687776045,https://cdn.shopify.com/s/files/1/0836/9167/files/cyclamen-or-hair-colour-beserk-all-beserkstaple-clickfrenzy15-2023-cosmetics-cpgstinc-crazy-color-discountapp-dye-fp-hair-hair-colour-hair-dye-hair-dyes-hair-purple-labelvegan-mermaid_42473b67-b341-48ed-b78b-566cd56fd295.jpg?v=1687776048,https://cdn.shopify.com/s/files/1/0836/9167/files/cyclamen-or-hair-colour-beserk-all-beserkstaple-clickfrenzy15-2023-cosmetics-cpgstinc-crazy-color-discountapp-dye-fp-hair-hair-colour-hair-dye-hair-dyes-hair-purple-labelvegan-mermaid_08dc1c80-9d6a-44cb-a138-b3539a0a8c37.jpg?v=1687776050,https://cdn.shopify.com/s/files/1/0836/9167/files/cyclamen-or-hair-colour-beserk-all-beserkstaple-clickfrenzy15-2023-cosmetics-cpgstinc-crazy-color-discountapp-dye-fp-hair-hair-colour-hair-dye-hair-dyes-hair-purple-labelvegan-mermaid_3ed2ebf7-eb4e-46d0-aef1-d6d369f36fe1.jpg?v=1687776052",https://www.beserk.com.au/pages/privacy-policy,https://www.beserk.com.au/pages/terms-and-conditions,https://www.beserk.com.au/pages/beserk-returns,AU,AU
9430246861,"Fire | Hair Colour","PILLAR BOX RED FOR FLAMING HOT HAIR. Crazy Colour Semi-permanent bright & bold hair colour! Watch it burn - Crazy Color Fire is a pillar box red that will set the world alight. Only the brave for this original shade from 1977. Recommended for pale to platinum blonde hair for truly outrageous results. 100% Vegan and Cruelty Free! To get the best result from your Crazy Color hair dye we recommend you use it on pre-lightened hair, but it can also be used as a tint on natural hair. This dye is a semi-permanent colour which means it will fade with every wash, but should last approx 4-8 washes depending on hair condition & type. WEIGHT:  100ml INSTRUCTIONS : - Strand & sensitivity tests are always recommended before any sort of dye is applied. - Shampoo your hair with a PH neutral shampoo, don't use conditioner, towel dry your hair. - Apply Crazy Color directly while hair is still damp, spreading evenly over the hair (wear gloves). - Leave for 15/30 minutes, then rinse thoroughly until water runs clear. TIPS : - Avoid dandruff or harsh shampoos. These can strip colour like there is no tomorrow! - Use a sulphate free or color friendly shampoo & wash as little as possible. Colour will be lost after each wash so avoid over-washing! - Rinse hair with cold water, post shampooing. It closes the hair cuticles and seals in maximum colour. - Too much direct sunlight will strip all that edgy Crazy Color right out. - Avoid swimming. Chlorine is another nasty product that will strip the life and color from your lovely hair. Please Note: We recommend that you patch test any new product before its continued usage. If any redness or itching occurs do not continue use.  CRAZY COLOR Shop all  Red Hair Dye Shop all  Crazy Colour",Beserk,https://www.beserk.com.au/products/fire-hair-colour?variant=34688891149&country=AU,https://cdn.shopify.com/s/files/1/0836/9167/files/fire-or-hair-colour-beserk-all-beserkstaple-clickfrenzy15-2023-cosmetics-crazy-color-discountapp-dye-fp-hair-hair-colour-hair-dye-hair-dyes-hair-red-labelvegan-rainbow-red-repriced011.jpg?v=1687776030,in_stock,"16.95 AUD",,"Crazy Color",,CC056,yes,new,HAIR,,,,,,,0.12,kg,"https://cdn.shopify.com/s/files/1/0836/9167/files/fire-or-hair-colour-beserk-all-beserkstaple-clickfrenzy15-2023-cosmetics-crazy-color-discountapp-dye-fp-hair-hair-colour-hair-dye-hair-dyes-hair-red-labelvegan-rainbow-red-repriced011_145d24a1-202a-43fc-9457-91243ed591cf.jpg?v=1687776033,https://cdn.shopify.com/s/files/1/0836/9167/files/fire-or-hair-colour-beserk-all-beserkstaple-clickfrenzy15-2023-cosmetics-crazy-color-discountapp-dye-fp-hair-hair-colour-hair-dye-hair-dyes-hair-red-labelvegan-rainbow-red-repriced011_a1e8da7b-ff3b-4a96-b5c0-e002e23164e2.jpg?v=1687776035,https://cdn.shopify.com/s/files/1/0836/9167/files/fire-or-hair-colour-beserk-all-beserkstaple-clickfrenzy15-2023-cosmetics-crazy-color-discountapp-dye-fp-hair-hair-colour-hair-dye-hair-dyes-hair-red-labelvegan-rainbow-red-repriced011_76aafc70-6dcf-4c5a-9e30-853bb8a3d811.jpg?v=1687776038,https://cdn.shopify.com/s/files/1/0836/9167/files/fire-or-hair-colour-beserk-all-beserkstaple-clickfrenzy15-2023-cosmetics-crazy-color-discountapp-dye-fp-hair-hair-colour-hair-dye-hair-dyes-hair-red-labelvegan-rainbow-red-repriced011_2412d5a6-c7f6-4dad-97fa-e08dd0349c7f.jpg?v=1687776041,https://cdn.shopify.com/s/files/1/0836/9167/files/fire-or-hair-colour-beserk-all-beserkstaple-clickfrenzy15-2023-cosmetics-crazy-color-discountapp-dye-fp-hair-hair-colour-hair-dye-hair-dyes-hair-red-labelvegan-rainbow-red-repriced011_1ada6ff2-9956-4e17-9d8b-6d3c068b8e2f.jpg?v=1687776044,https://cdn.shopify.com/s/files/1/0836/9167/files/fire-or-hair-colour-beserk-all-beserkstaple-clickfrenzy15-2023-cosmetics-crazy-color-discountapp-dye-fp-hair-hair-colour-hair-dye-hair-dyes-hair-red-labelvegan-rainbow-red-repriced011_fddf4d16-b8b5-47da-af73-f13e3995367e.jpg?v=1687776046,https://cdn.shopify.com/s/files/1/0836/9167/files/fire-or-hair-colour-beserk-all-beserkstaple-clickfrenzy15-2023-cosmetics-crazy-color-discountapp-dye-fp-hair-hair-colour-hair-dye-hair-dyes-hair-red-labelvegan-rainbow-red-repriced011_7291d93f-5a77-44f2-9aaa-e7864611c733.jpg?v=1687776049,https://cdn.shopify.com/s/files/1/0836/9167/files/fire-or-hair-colour-beserk-all-beserkstaple-clickfrenzy15-2023-cosmetics-crazy-color-discountapp-dye-fp-hair-hair-colour-hair-dye-hair-dyes-hair-red-labelvegan-rainbow-red-repriced011_a6522f6a-9059-4e9f-b2ff-28ef092bc37f.jpg?v=1687776051,https://cdn.shopify.com/s/files/1/0836/9167/files/fire-or-hair-colour-beserk-all-beserkstaple-clickfrenzy15-2023-cosmetics-crazy-color-discountapp-dye-fp-hair-hair-colour-hair-dye-hair-dyes-hair-red-labelvegan-rainbow-red-repriced011_82c60b5c-fb94-4ce5-87c3-0931af23f48e.jpg?v=1687776053",https://www.beserk.com.au/pages/privacy-policy,https://www.beserk.com.au/pages/terms-and-conditions,https://www.beserk.com.au/pages/beserk-returns,AU,AU
9430248013,"Candy Floss | Hair Colour","THE SWEETEST THING. Crazy Colour Semi-permanent bright & bold hair colour! Crazy Color Candyfloss is a fun loving pink pastel it's easy going conditioning formula works straight from the bottle on Pre-lightened or light blonde hair. 100% Vegan and Cruelty Free! To get the best result from your Crazy Color hair dye we recommend you use it on pre-lightened hair, but it can also be used as a tint on natural hair. This dye is a semi-permanent colour which means it will fade with every wash, but should last approx 4-8 washes depending on hair condition & type. WEIGHT:  100ml INSTRUCTIONS : - Strand & sensitivity tests are always recommended before any sort of dye is applied. - Shampoo your hair with a PH neutral shampoo, don't use conditioner, towel dry your hair. - Apply Crazy Color directly while hair is still damp, spreading evenly over the hair (wear gloves). - Leave for 15/30 minutes, then rinse thoroughly until water runs clear. TIPS : - Avoid dandruff or harsh shampoos. These can strip colour like there is no tomorrow! - Use a sulphate free or color friendly shampoo & wash as little as possible. Colour will be lost after each wash so avoid over-washing! - Rinse hair with cold water, post shampooing. It closes the hair cuticles and seals in maximum colour. - Too much direct sunlight will strip all that edgy Crazy Color right out. - Avoid swimming. Chlorine is another nasty product that will strip the life and color from your lovely hair. Please Note: We recommend that you patch test any new product before its continued usage. If any redness or itching occurs do not continue use.  CRAZY COLOR Shop all  Crazy Colour",Beserk,https://www.beserk.com.au/products/candy-floss-hair-colour?variant=34688895437&country=AU,https://cdn.shopify.com/s/files/1/0836/9167/files/candy-floss-or-hair-colour-beserk-all-beserkstaple-clickfrenzy15-2023-cosmetics-crazy-color-discountapp-dye-fp-hair-hair-colour-hair-dye-hair-dyes-hair-pink-labelvegan-mermaid-pastel.jpg?v=1687776031,in_stock,"16.95 AUD",,"Crazy Color",,CC065-002282,yes,new,HAIR,,,,,,,0.12,kg,"https://cdn.shopify.com/s/files/1/0836/9167/files/candy-floss-or-hair-colour-beserk-all-beserkstaple-clickfrenzy15-2023-cosmetics-crazy-color-discountapp-dye-fp-hair-hair-colour-hair-dye-hair-dyes-hair-pink-labelvegan-mermaid-pastel_76534a38-b830-49d2-966d-5a38e0db46db.jpg?v=1687776034,https://cdn.shopify.com/s/files/1/0836/9167/files/candy-floss-or-hair-colour-beserk-all-beserkstaple-clickfrenzy15-2023-cosmetics-crazy-color-discountapp-dye-fp-hair-hair-colour-hair-dye-hair-dyes-hair-pink-labelvegan-mermaid-pastel_b72b0d66-71fc-4c5a-8948-8ad24b7a03d9.jpg?v=1687776036,https://cdn.shopify.com/s/files/1/0836/9167/files/candy-floss-or-hair-colour-beserk-all-beserkstaple-clickfrenzy15-2023-cosmetics-crazy-color-discountapp-dye-fp-hair-hair-colour-hair-dye-hair-dyes-hair-pink-labelvegan-mermaid-pastel_ee52b475-b3db-425e-b0c0-a8f4dac95d2b.jpg?v=1687776039,https://cdn.shopify.com/s/files/1/0836/9167/files/candy-floss-or-hair-colour-beserk-all-beserkstaple-clickfrenzy15-2023-cosmetics-crazy-color-discountapp-dye-fp-hair-hair-colour-hair-dye-hair-dyes-hair-pink-labelvegan-mermaid-pastel_15e54d8b-99a1-4f51-8b26-773d3894932f.jpg?v=1687776041,https://cdn.shopify.com/s/files/1/0836/9167/files/candy-floss-or-hair-colour-beserk-all-beserkstaple-clickfrenzy15-2023-cosmetics-crazy-color-discountapp-dye-fp-hair-hair-colour-hair-dye-hair-dyes-hair-pink-labelvegan-mermaid-pastel_b3f46ecc-b6e6-405b-a685-0feb2f348016.jpg?v=1687776043,https://cdn.shopify.com/s/files/1/0836/9167/files/candy-floss-or-hair-colour-beserk-all-beserkstaple-clickfrenzy15-2023-cosmetics-crazy-color-discountapp-dye-fp-hair-hair-colour-hair-dye-hair-dyes-hair-pink-labelvegan-mermaid-pastel_b8070447-0729-4ca2-96bd-5818dcde6792.jpg?v=1687776046,https://cdn.shopify.com/s/files/1/0836/9167/files/candy-floss-or-hair-colour-beserk-all-beserkstaple-clickfrenzy15-2023-cosmetics-crazy-color-discountapp-dye-fp-hair-hair-colour-hair-dye-hair-dyes-hair-pink-labelvegan-mermaid-pastel_d80302b3-0b08-482b-b827-fcdb6d8faa2f.jpg?v=1687776049,https://cdn.shopify.com/s/files/1/0836/9167/files/candy-floss-or-hair-colour-beserk-all-beserkstaple-clickfrenzy15-2023-cosmetics-crazy-color-discountapp-dye-fp-hair-hair-colour-hair-dye-hair-dyes-hair-pink-labelvegan-mermaid-pastel_c94a4359-142a-494e-bc9c-d78e679add62.jpg?v=1687776051,https://cdn.shopify.com/s/files/1/0836/9167/files/candy-floss-or-hair-colour-beserk-all-beserkstaple-clickfrenzy15-2023-cosmetics-crazy-color-discountapp-dye-fp-hair-hair-colour-hair-dye-hair-dyes-hair-pink-labelvegan-mermaid-pastel_38faa026-8ac3-410c-9c63-bd1e10968b17.jpg?v=1687776053",https://www.beserk.com.au/pages/privacy-policy,https://www.beserk.com.au/pages/terms-and-conditions,https://www.beserk.com.au/pages/beserk-returns,AU,AU
9430248909,"Burgundy | HAIR COLOUR","WINE RED - INTOXICATE YOUR HAIR Crazy Colour Semi-permanent bright & bold hair colour! Do you crave deep red hair? Try livening it up with the bold, rich notes of a Burgundy. Like a fine wine, Crazy Color Burgundy shimmers at the slightest hint of light. This smoldering shade is suitable for pre-lightened blonde to light brown hair. Please note results on light brown hair will be tonal and not to the colour in the bottle. Our conditioning hair dye is formulated with ingredients that are gentle on your locks! 100% Vegan and Cruelty Free! To get the best result from your Crazy Color hair dye we recommend you use it on pre-lightened hair, but it can also be used as a tint on natural hair. This dye is a semi-permanent colour which means it will fade with every wash, but should last approx 4-8 washes depending on hair condition & type. WEIGHT:  100ml INSTRUCTIONS : - Strand & sensitivity tests are always recommended before any sort of dye is applied. - Shampoo your hair with a PH neutral shampoo, don't use conditioner, towel dry your hair. - Apply Crazy Color directly while hair is still damp, spreading evenly over the hair (wear gloves). - Leave for 15/30 minutes, then rinse thoroughly until water runs clear. TIPS : - Avoid dandruff or harsh shampoos. These can strip colour like there is no tomorrow! - Use a sulphate free or color friendly shampoo & wash as little as possible. Colour will be lost after each wash so avoid over-washing! - Rinse hair with cold water, post shampooing. It closes the hair cuticles and seals in maximum colour. - Too much direct sunlight will strip all that edgy Crazy Color right out. - Avoid swimming. Chlorine is another nasty product that will strip the life and color from your lovely hair. Please Note: We recommend that you patch test any new product before its continued usage. If any redness or itching occurs do not continue use.  CRAZY COLOR Shop all Burgundy Hair Dye",Beserk,https://www.beserk.com.au/products/burgundy-hair-colour?variant=34688901005&country=AU,https://cdn.shopify.com/s/files/1/0836/9167/files/burgundy-or-hair-colour-beserk-all-beserkstaple-burgundy-cosmetics-crazy-color-discountapp-dye-fp-goth-hair-hair-colour-hair-dye-hair-dyes-hair-purple-labelvegan-purple-repriced011222.jpg?v=1687776030,in_stock,"16.95 AUD",,"Crazy Color",,CC061,yes,new,HAIR,,,,,,,0.12,kg,"https://cdn.shopify.com/s/files/1/0836/9167/files/burgundy-or-hair-colour-beserk-all-beserkstaple-burgundy-cosmetics-crazy-color-discountapp-dye-fp-goth-hair-hair-colour-hair-dye-hair-dyes-hair-purple-labelvegan-purple-repriced011222_e18bab26-2e53-4045-bad9-296cac4dda94.jpg?v=1687776033,https://cdn.shopify.com/s/files/1/0836/9167/files/burgundy-or-hair-colour-beserk-all-beserkstaple-burgundy-cosmetics-crazy-color-discountapp-dye-fp-goth-hair-hair-colour-hair-dye-hair-dyes-hair-purple-labelvegan-purple-repriced011222_04cadcc9-34f4-4169-aed7-d021024ee62d.jpg?v=1687776035,https://cdn.shopify.com/s/files/1/0836/9167/files/burgundy-or-hair-colour-beserk-all-beserkstaple-burgundy-cosmetics-crazy-color-discountapp-dye-fp-goth-hair-hair-colour-hair-dye-hair-dyes-hair-purple-labelvegan-purple-repriced011222_90fdd4e5-a551-4f47-be0a-dd3bb0b9a947.jpg?v=1687776038,https://cdn.shopify.com/s/files/1/0836/9167/files/burgundy-or-hair-colour-beserk-all-beserkstaple-burgundy-cosmetics-crazy-color-discountapp-dye-fp-goth-hair-hair-colour-hair-dye-hair-dyes-hair-purple-labelvegan-purple-repriced011222_7d7b90e3-f6be-48f3-94de-3296f95cc5de.jpg?v=1687776040,https://cdn.shopify.com/s/files/1/0836/9167/files/burgundy-or-hair-colour-beserk-all-beserkstaple-burgundy-cosmetics-crazy-color-discountapp-dye-fp-goth-hair-hair-colour-hair-dye-hair-dyes-hair-purple-labelvegan-purple-repriced011222_a6c1e540-c7e4-4e49-856e-24c3eb924332.jpg?v=1687776043,https://cdn.shopify.com/s/files/1/0836/9167/files/burgundy-or-hair-colour-beserk-all-beserkstaple-burgundy-cosmetics-crazy-color-discountapp-dye-fp-goth-hair-hair-colour-hair-dye-hair-dyes-hair-purple-labelvegan-purple-repriced011222_4e2fc1af-41a4-4e6b-9e33-a4c8795f35e5.jpg?v=1687776045,https://cdn.shopify.com/s/files/1/0836/9167/files/burgundy-or-hair-colour-beserk-all-beserkstaple-burgundy-cosmetics-crazy-color-discountapp-dye-fp-goth-hair-hair-colour-hair-dye-hair-dyes-hair-purple-labelvegan-purple-repriced011222_306a14c9-478f-417e-9851-17d5affb60d7.jpg?v=1687776047,https://cdn.shopify.com/s/files/1/0836/9167/files/burgundy-or-hair-colour-beserk-all-beserkstaple-burgundy-cosmetics-crazy-color-discountapp-dye-fp-goth-hair-hair-colour-hair-dye-hair-dyes-hair-purple-labelvegan-purple-repriced011222_6038cdba-5fd5-4fd8-b8d6-71a0ac97cbf3.jpg?v=1687776049",https://www.beserk.com.au/pages/privacy-policy,https://www.beserk.com.au/pages/terms-and-conditions,https://www.beserk.com.au/pages/beserk-returns,AU,AU
9430249293,"Lavender | Hair Colour","COOL LAVENDER - THE CALM AMONGST THE STORM. Crazy Colour Semi-permanent bright & bold hair colour! True serenity this pale purple hue is the color of those who wish to add a gentle pastel to their lives. Use straight from the bottle on Pre-lightened or light blonde hair, it's also a great primary mixer to make your own hue! Formulated with our highly conditioning blend of ingredients that are gentle on your locks! 100% Vegan and Cruelty Free! To get the best result from your Crazy Color hair dye we recommend you use it on pre-lightened hair, but it can also be used as a tint on natural hair. This dye is a semi-permanent colour which means it will fade with every wash, but should last approx 4-8 washes depending on hair condition & type. WEIGHT:  100ml INSTRUCTIONS : - Strand & sensitivity tests are always recommended before any sort of dye is applied. - Shampoo your hair with a PH neutral shampoo, don't use conditioner, towel dry your hair. - Apply Crazy Color directly while hair is still damp, spreading evenly over the hair (wear gloves). - Leave for 15/30 minutes, then rinse thoroughly until water runs clear. TIPS : - Avoid dandruff or harsh shampoos. These can strip colour like there is no tomorrow! - Use a sulphate free or color friendly shampoo & wash as little as possible. Colour will be lost after each wash so avoid over-washing! - Rinse hair with cold water, post shampooing. It closes the hair cuticles and seals in maximum colour. - Too much direct sunlight will strip all that edgy Crazy Color right out. - Avoid swimming. Chlorine is another nasty product that will strip the life and color from your lovely hair. Please Note: We recommend that you patch test any new product before its continued usage. If any redness or itching occurs do not continue use.  CRAZY COLOR",Beserk,https://www.beserk.com.au/products/lavender-hair-colour?variant=34688901517&country=AU,https://cdn.shopify.com/s/files/1/0836/9167/files/lavender-or-hair-colour-beserk-all-beserkstaple-clickfrenzy15-2023-cosmetics-crazy-color-discountapp-dye-fp-hair-hair-colour-hair-dye-hair-dyes-hair-purple-labelvegan-lavender-mermaid.jpg?v=1687776056,in_stock,"16.95 AUD",,"Crazy Color",,CC054,yes,new,HAIR,,,,,,,0.12,kg,"https://cdn.shopify.com/s/files/1/0836/9167/files/lavender-or-hair-colour-beserk-all-beserkstaple-clickfrenzy15-2023-cosmetics-crazy-color-discountapp-dye-fp-hair-hair-colour-hair-dye-hair-dyes-hair-purple-labelvegan-lavender-mermaid_21211c2c-e4b1-4ca4-bb32-b2e2c59ba1bc.jpg?v=1687776058,https://cdn.shopify.com/s/files/1/0836/9167/files/lavender-or-hair-colour-beserk-all-beserkstaple-clickfrenzy15-2023-cosmetics-crazy-color-discountapp-dye-fp-hair-hair-colour-hair-dye-hair-dyes-hair-purple-labelvegan-lavender-mermaid_748fda76-7e82-4d8b-95c8-4d8d29e2541d.jpg?v=1687776061,https://cdn.shopify.com/s/files/1/0836/9167/files/lavender-or-hair-colour-beserk-all-beserkstaple-clickfrenzy15-2023-cosmetics-crazy-color-discountapp-dye-fp-hair-hair-colour-hair-dye-hair-dyes-hair-purple-labelvegan-lavender-mermaid_21ea37cb-56e2-4660-a2da-f1475c03e950.jpg?v=1687776064,https://cdn.shopify.com/s/files/1/0836/9167/files/lavender-or-hair-colour-beserk-all-beserkstaple-clickfrenzy15-2023-cosmetics-crazy-color-discountapp-dye-fp-hair-hair-colour-hair-dye-hair-dyes-hair-purple-labelvegan-lavender-mermaid_ed4e7142-c809-4a2c-9209-3cc2148cfdeb.jpg?v=1687776066,https://cdn.shopify.com/s/files/1/0836/9167/files/lavender-or-hair-colour-beserk-all-beserkstaple-clickfrenzy15-2023-cosmetics-crazy-color-discountapp-dye-fp-hair-hair-colour-hair-dye-hair-dyes-hair-purple-labelvegan-lavender-mermaid_458027bc-bb1d-4e3c-9cd6-da4d65ebe7a3.jpg?v=1687776068,https://cdn.shopify.com/s/files/1/0836/9167/files/lavender-or-hair-colour-beserk-all-beserkstaple-clickfrenzy15-2023-cosmetics-crazy-color-discountapp-dye-fp-hair-hair-colour-hair-dye-hair-dyes-hair-purple-labelvegan-lavender-mermaid_82674318-85c0-43ae-9e3d-9e38d2bb7a6b.jpg?v=1687776070,https://cdn.shopify.com/s/files/1/0836/9167/files/lavender-or-hair-colour-beserk-all-beserkstaple-clickfrenzy15-2023-cosmetics-crazy-color-discountapp-dye-fp-hair-hair-colour-hair-dye-hair-dyes-hair-purple-labelvegan-lavender-mermaid_4405646b-2a4e-46f7-b6c2-83411e94fb41.jpg?v=1687776073,https://cdn.shopify.com/s/files/1/0836/9167/files/lavender-or-hair-colour-beserk-all-beserkstaple-clickfrenzy15-2023-cosmetics-crazy-color-discountapp-dye-fp-hair-hair-colour-hair-dye-hair-dyes-hair-purple-labelvegan-lavender-mermaid_ab766311-ee66-4b7f-8087-8731475c6dd4.jpg?v=1687776075,https://cdn.shopify.com/s/files/1/0836/9167/files/lavender-or-hair-colour-beserk-all-beserkstaple-clickfrenzy15-2023-cosmetics-crazy-color-discountapp-dye-fp-hair-hair-colour-hair-dye-hair-dyes-hair-purple-labelvegan-lavender-mermaid_1d66c8d3-0347-4f73-9cb5-e9831e0ea99f.jpg?v=1687776077",https://www.beserk.com.au/pages/privacy-policy,https://www.beserk.com.au/pages/terms-and-conditions,https://www.beserk.com.au/pages/beserk-returns,AU,AU
9430249677,"Pine Green | Hair Colour","MAKE THEM GREEN WITH ENVY. Crazy Colour Semi-permanent bright & bold hair colour! Crazy Color Pine Green is a deeply intense green taken from the pallete of the forrest. Highly pigmented and suitable for pre-lightened blonde to light brown hair. Formulated with our highly conditioning blend of ingredients that are gentle on your locks! 100% Vegan and Cruelty Free! To get the best result from your Crazy Color hair dye we recommend you use it on pre-lightened hair, but it can also be used as a tint on natural hair. This dye is a semi-permanent colour which means it will fade with every wash, but should last approx 4-8 washes depending on hair condition & type. WEIGHT:  100ml INSTRUCTIONS : - Strand & sensitivity tests are always recommended before any sort of dye is applied. - Shampoo your hair with a PH neutral shampoo, don't use conditioner, towel dry your hair. - Apply Crazy Color directly while hair is still damp, spreading evenly over the hair (wear gloves). - Leave for 15/30 minutes, then rinse thoroughly until water runs clear. TIPS : - Avoid dandruff or harsh shampoos. These can strip colour like there is no tomorrow! - Use a sulphate free or color friendly shampoo & wash as little as possible. Colour will be lost after each wash so avoid over-washing! - Rinse hair with cold water, post shampooing. It closes the hair cuticles and seals in maximum colour. - Too much direct sunlight will strip all that edgy Crazy Color right out. - Avoid swimming. Chlorine is another nasty product that will strip the life and color from your lovely hair. Please Note: We recommend that you patch test any new product before its continued usage. If any redness or itching occurs do not continue use.  CRAZY COLOR",Beserk,https://www.beserk.com.au/products/pine-green-hair-colour?variant=34688903501&country=AU,https://cdn.shopify.com/s/files/1/0836/9167/files/pine-green-or-hair-colour-beserk-420sale-all-beserkstaple-clickfrenzy15-2023-cosmetics-crazy-color-discountapp-dye-fp-green-hair-hair-colour-hair-dye-hair-dyes-hair-green-labelvegan-r.jpg?v=1687776056,in_stock,"16.95 AUD",,"Crazy Color",,CC046,yes,new,HAIR,,,,,,,0.12,kg,"https://cdn.shopify.com/s/files/1/0836/9167/files/pine-green-or-hair-colour-beserk-420sale-all-beserkstaple-clickfrenzy15-2023-cosmetics-crazy-color-discountapp-dye-fp-green-hair-hair-colour-hair-dye-hair-dyes-hair-green-labelvegan-r_25dbb448-9e40-4616-b7a9-2d6c15b25331.jpg?v=1687776058,https://cdn.shopify.com/s/files/1/0836/9167/files/pine-green-or-hair-colour-beserk-420sale-all-beserkstaple-clickfrenzy15-2023-cosmetics-crazy-color-discountapp-dye-fp-green-hair-hair-colour-hair-dye-hair-dyes-hair-green-labelvegan-r_7fd7e855-062a-4dd0-a002-79cec7d98ac6.jpg?v=1687776061,https://cdn.shopify.com/s/files/1/0836/9167/files/pine-green-or-hair-colour-beserk-420sale-all-beserkstaple-clickfrenzy15-2023-cosmetics-crazy-color-discountapp-dye-fp-green-hair-hair-colour-hair-dye-hair-dyes-hair-green-labelvegan-r_95e95e16-2b35-4d07-8bbc-fc0601d7c27f.jpg?v=1687776064,https://cdn.shopify.com/s/files/1/0836/9167/files/pine-green-or-hair-colour-beserk-420sale-all-beserkstaple-clickfrenzy15-2023-cosmetics-crazy-color-discountapp-dye-fp-green-hair-hair-colour-hair-dye-hair-dyes-hair-green-labelvegan-r_ba56499f-a8d1-4f65-8e46-05ca7fd9bc0b.jpg?v=1687776066,https://cdn.shopify.com/s/files/1/0836/9167/files/pine-green-or-hair-colour-beserk-420sale-all-beserkstaple-clickfrenzy15-2023-cosmetics-crazy-color-discountapp-dye-fp-green-hair-hair-colour-hair-dye-hair-dyes-hair-green-labelvegan-r_063fce9d-b98b-413c-acb8-e2a521b8e127.jpg?v=1687776069,https://cdn.shopify.com/s/files/1/0836/9167/files/pine-green-or-hair-colour-beserk-420sale-all-beserkstaple-clickfrenzy15-2023-cosmetics-crazy-color-discountapp-dye-fp-green-hair-hair-colour-hair-dye-hair-dyes-hair-green-labelvegan-r_09eeabb5-b039-44fb-a588-fc414a54655f.jpg?v=1687776071,https://cdn.shopify.com/s/files/1/0836/9167/files/pine-green-or-hair-colour-beserk-420sale-all-beserkstaple-clickfrenzy15-2023-cosmetics-crazy-color-discountapp-dye-fp-green-hair-hair-colour-hair-dye-hair-dyes-hair-green-labelvegan-r_2bd863b5-2afe-486b-8f8e-3dbc398daa2b.jpg?v=1687776073,https://cdn.shopify.com/s/files/1/0836/9167/files/pine-green-or-hair-colour-beserk-420sale-all-beserkstaple-clickfrenzy15-2023-cosmetics-crazy-color-discountapp-dye-fp-green-hair-hair-colour-hair-dye-hair-dyes-hair-green-labelvegan-r_d2baa1fc-5add-4674-b872-193f780442b9.jpg?v=1687776077,https://cdn.shopify.com/s/files/1/0836/9167/files/pine-green-or-hair-colour-beserk-420sale-all-beserkstaple-clickfrenzy15-2023-cosmetics-crazy-color-discountapp-dye-fp-green-hair-hair-colour-hair-dye-hair-dyes-hair-green-labelvegan-r_1989e417-e04e-406d-a344-d66ccb52dc67.jpg?v=1687776079",https://www.beserk.com.au/pages/privacy-policy,https://www.beserk.com.au/pages/terms-and-conditions,https://www.beserk.com.au/pages/beserk-returns,AU,AU
9430251469,"Bordeaux | HAIR COLOUR","CLASSIC CLARET FOR VINTAGE GLAMOUR! Crazy Colour Semi-permanent bright & bold hair colour! Bordeaux is a deeply decadent wine inspired hue this rich red is suitable for pre-lightened blonde to light brown hair. Please note results on light brown hair will be tonal and not to the color in the bottle. 100% Vegan and Cruelty Free! To get the best result from your Crazy Color hair dye we recommend you use it on pre-lightened hair, but it can also be used as a tint on natural hair. This dye is a semi-permanent colour which means it will fade with every wash, but should last approx 4-8 washes depending on hair condition & type. WEIGHT:  100ml INSTRUCTIONS : - Strand & sensitivity tests are always recommended before any sort of dye is applied. - Shampoo your hair with a PH neutral shampoo, don't use conditioner, towel dry your hair. - Apply Crazy Color directly while hair is still damp, spreading evenly over the hair (wear gloves). - Leave for 15/30 minutes, then rinse thoroughly until water runs clear. TIPS : - Avoid dandruff or harsh shampoos. These can strip colour like there is no tomorrow! - Use a sulphate free or color friendly shampoo & wash as little as possible. Colour will be lost after each wash so avoid over-washing! - Rinse hair with cold water, post shampooing. It closes the hair cuticles and seals in maximum colour. - Too much direct sunlight will strip all that edgy Crazy Color right out. - Avoid swimming. Chlorine is another nasty product that will strip the life and color from your lovely hair. Please Note: We recommend that you patch test any new product before its continued usage. If any redness or itching occurs do not continue use.  CRAZY COLOR",Beserk,https://www.beserk.com.au/products/bordeaux-hair-colour?variant=34688922765&country=AU,https://cdn.shopify.com/s/files/1/0836/9167/files/bordeaux-or-hair-colour-beserk-all-beserkstaple-clickfrenzy15-2023-cosmetics-crazy-color-discountapp-dye-fp-goth-hair-hair-colour-hair-dye-hair-dyes-hair-purple-hair-red-labelvegan-pu.jpg?v=1687776056,in_stock,"16.95 AUD",,"Crazy Color",,CC051,yes,new,HAIR,,,,,,,0.12,kg,"https://cdn.shopify.com/s/files/1/0836/9167/files/bordeaux-or-hair-colour-beserk-all-beserkstaple-clickfrenzy15-2023-cosmetics-crazy-color-discountapp-dye-fp-goth-hair-hair-colour-hair-dye-hair-dyes-hair-purple-hair-red-labelvegan-pu_315727d7-08c3-4f77-9aaa-c8b0c3673784.jpg?v=1687776059,https://cdn.shopify.com/s/files/1/0836/9167/files/bordeaux-or-hair-colour-beserk-all-beserkstaple-clickfrenzy15-2023-cosmetics-crazy-color-discountapp-dye-fp-goth-hair-hair-colour-hair-dye-hair-dyes-hair-purple-hair-red-labelvegan-pu_9419d66b-83e4-4baf-9fa9-a735bff45913.jpg?v=1687776061,https://cdn.shopify.com/s/files/1/0836/9167/files/bordeaux-or-hair-colour-beserk-all-beserkstaple-clickfrenzy15-2023-cosmetics-crazy-color-discountapp-dye-fp-goth-hair-hair-colour-hair-dye-hair-dyes-hair-purple-hair-red-labelvegan-pu_174726b7-9716-46db-9d15-de5e32441a01.jpg?v=1687776063,https://cdn.shopify.com/s/files/1/0836/9167/files/bordeaux-or-hair-colour-beserk-all-beserkstaple-clickfrenzy15-2023-cosmetics-crazy-color-discountapp-dye-fp-goth-hair-hair-colour-hair-dye-hair-dyes-hair-purple-hair-red-labelvegan-pu_8d11583d-5a6a-4bb0-b6e2-91f0282b2a7a.jpg?v=1687776066,https://cdn.shopify.com/s/files/1/0836/9167/files/bordeaux-or-hair-colour-beserk-all-beserkstaple-clickfrenzy15-2023-cosmetics-crazy-color-discountapp-dye-fp-goth-hair-hair-colour-hair-dye-hair-dyes-hair-purple-hair-red-labelvegan-pu_b17b8fc7-e690-4129-89cf-ff66b5dbec93.jpg?v=1687776068,https://cdn.shopify.com/s/files/1/0836/9167/files/bordeaux-or-hair-colour-beserk-all-beserkstaple-clickfrenzy15-2023-cosmetics-crazy-color-discountapp-dye-fp-goth-hair-hair-colour-hair-dye-hair-dyes-hair-purple-hair-red-labelvegan-pu_1c9ea495-6491-40b1-a18c-e69a0130d2a4.jpg?v=1687776071,https://cdn.shopify.com/s/files/1/0836/9167/files/bordeaux-or-hair-colour-beserk-all-beserkstaple-clickfrenzy15-2023-cosmetics-crazy-color-discountapp-dye-fp-goth-hair-hair-colour-hair-dye-hair-dyes-hair-purple-hair-red-labelvegan-pu_d1d54c69-19b9-49eb-89d0-484218eb733d.jpg?v=1687776073,https://cdn.shopify.com/s/files/1/0836/9167/files/bordeaux-or-hair-colour-beserk-all-beserkstaple-clickfrenzy15-2023-cosmetics-crazy-color-discountapp-dye-fp-goth-hair-hair-colour-hair-dye-hair-dyes-hair-purple-hair-red-labelvegan-pu_adbbfb5e-ad3e-4bde-9ac3-e9875899ba33.jpg?v=1687776075,https://cdn.shopify.com/s/files/1/0836/9167/files/bordeaux-or-hair-colour-beserk-all-beserkstaple-clickfrenzy15-2023-cosmetics-crazy-color-discountapp-dye-fp-goth-hair-hair-colour-hair-dye-hair-dyes-hair-purple-hair-red-labelvegan-pu_a5acdfbb-7f34-4a47-8b4f-460c162f5f88.jpg?v=1687776077",https://www.beserk.com.au/pages/privacy-policy,https://www.beserk.com.au/pages/terms-and-conditions,https://www.beserk.com.au/pages/beserk-returns,AU,AU
9430251597,"Capri Blue | Hair Colour","COBALT BLUE NOT FOR THE FAINT HEARTED, Crazy Colour Semi-permanent bright & bold hair colour! Capri is known as the colour of the coastal summer sky and it's where Crazy Color Capri Blue takes it's name from. This crisp bright blue is formulated with our conditioning blend that is gentle on your locks! Recommended for pale to platinum blonde hair for the brightest results. 100% Vegan and Cruelty Free! To get the best result from your Crazy Color hair dye we recommend you use it on pre-lightened hair, but it can also be used as a tint on natural hair. This dye is a semi-permanent colour which means it will fade with every wash, but should last approx 4-8 washes depending on hair condition & type. WEIGHT:  100ml INSTRUCTIONS : - Strand & sensitivity tests are always recommended before any sort of dye is applied. - Shampoo your hair with a PH neutral shampoo, don't use conditioner, towel dry your hair. - Apply Crazy Color directly while hair is still damp, spreading evenly over the hair (wear gloves). - Leave for 15/30 minutes, then rinse thoroughly until water runs clear. TIPS : - Avoid dandruff or harsh shampoos. These can strip colour like there is no tomorrow! - Use a sulphate free or color friendly shampoo & wash as little as possible. Colour will be lost after each wash so avoid over-washing! - Rinse hair with cold water, post shampooing. It closes the hair cuticles and seals in maximum colour. - Too much direct sunlight will strip all that edgy Crazy Color right out. - Avoid swimming. Chlorine is another nasty product that will strip the life and color from your lovely hair. Please Note: We recommend that you patch test any new product before its continued usage. If any redness or itching occurs do not continue use.  CRAZY COLOR",Beserk,https://www.beserk.com.au/products/capri-blue-hair-colour?variant=34688925389&country=AU,https://cdn.shopify.com/s/files/1/0836/9167/files/capri-blue-or-hair-colour-beserk-all-beserkstaple-blue-clickfrenzy15-2023-cosmetics-crazy-color-discountapp-dye-fp-hair-hair-blue-hair-colour-hair-dye-hair-dyes-labelvegan-mermaid-rep.jpg?v=1687776056,in_stock,"16.95 AUD",,"Crazy Color",,CC044,yes,new,HAIR,,,,,,,0.12,kg,"https://cdn.shopify.com/s/files/1/0836/9167/files/capri-blue-or-hair-colour-beserk-all-beserkstaple-blue-clickfrenzy15-2023-cosmetics-crazy-color-discountapp-dye-fp-hair-hair-blue-hair-colour-hair-dye-hair-dyes-labelvegan-mermaid-rep_5ed1b5b8-e7ba-4a03-8a96-acc53a1b96ae.jpg?v=1687776058,https://cdn.shopify.com/s/files/1/0836/9167/files/capri-blue-or-hair-colour-beserk-all-beserkstaple-blue-clickfrenzy15-2023-cosmetics-crazy-color-discountapp-dye-fp-hair-hair-blue-hair-colour-hair-dye-hair-dyes-labelvegan-mermaid-rep_b7d7985a-f484-44b0-8412-9a45cc48e733.jpg?v=1687776061,https://cdn.shopify.com/s/files/1/0836/9167/files/capri-blue-or-hair-colour-beserk-all-beserkstaple-blue-clickfrenzy15-2023-cosmetics-crazy-color-discountapp-dye-fp-hair-hair-blue-hair-colour-hair-dye-hair-dyes-labelvegan-mermaid-rep_1fbb09be-e353-48da-ab18-59cae08bad2a.jpg?v=1687776064,https://cdn.shopify.com/s/files/1/0836/9167/files/capri-blue-or-hair-colour-beserk-all-beserkstaple-blue-clickfrenzy15-2023-cosmetics-crazy-color-discountapp-dye-fp-hair-hair-blue-hair-colour-hair-dye-hair-dyes-labelvegan-mermaid-rep_05c9ed82-a68e-4880-a168-1c18a0641db5.jpg?v=1687776066,https://cdn.shopify.com/s/files/1/0836/9167/files/capri-blue-or-hair-colour-beserk-all-beserkstaple-blue-clickfrenzy15-2023-cosmetics-crazy-color-discountapp-dye-fp-hair-hair-blue-hair-colour-hair-dye-hair-dyes-labelvegan-mermaid-rep_62e533e7-ddc0-4531-903f-ed6af237a2c1.jpg?v=1687776069,https://cdn.shopify.com/s/files/1/0836/9167/files/capri-blue-or-hair-colour-beserk-all-beserkstaple-blue-clickfrenzy15-2023-cosmetics-crazy-color-discountapp-dye-fp-hair-hair-blue-hair-colour-hair-dye-hair-dyes-labelvegan-mermaid-rep_819d96c0-af21-4aec-af94-dba935161324.jpg?v=1687776071,https://cdn.shopify.com/s/files/1/0836/9167/files/capri-blue-or-hair-colour-beserk-all-beserkstaple-blue-clickfrenzy15-2023-cosmetics-crazy-color-discountapp-dye-fp-hair-hair-blue-hair-colour-hair-dye-hair-dyes-labelvegan-mermaid-rep_b6897a4e-02f6-46a7-b204-e78eaab4af79.jpg?v=1687776074,https://cdn.shopify.com/s/files/1/0836/9167/files/capri-blue-or-hair-colour-beserk-all-beserkstaple-blue-clickfrenzy15-2023-cosmetics-crazy-color-discountapp-dye-fp-hair-hair-blue-hair-colour-hair-dye-hair-dyes-labelvegan-mermaid-rep_20b91597-e2ba-4fae-87bf-9d726846a5d6.jpg?v=1687776076,https://cdn.shopify.com/s/files/1/0836/9167/files/capri-blue-or-hair-colour-beserk-all-beserkstaple-blue-clickfrenzy15-2023-cosmetics-crazy-color-discountapp-dye-fp-hair-hair-blue-hair-colour-hair-dye-hair-dyes-labelvegan-mermaid-rep_5aa0f4ac-61fb-43ff-b08e-252f2fca5feb.jpg?v=1687776079",https://www.beserk.com.au/pages/privacy-policy,https://www.beserk.com.au/pages/terms-and-conditions,https://www.beserk.com.au/pages/beserk-returns,AU,AU
9430251853,"Marshmallow | Hair Colour","HEAD IN THE CLOUDS. Crazy Colour Semi-permanent bright & bold hair colour! Crazy Color Marshmallow is our softest pink and is truly the sweetest thing. This truly pastel pink is recommended for pale to platinum blonde hair for the brightest results. Our conditioning hair dye is formulated with ingredients that are gentle on your locks! 100% Vegan and Cruelty Free! To get the best result from your Crazy Color hair dye we recommend you use it on pre-lightened hair, but it can also be used as a tint on natural hair. This dye is a semi-permanent colour which means it will fade with every wash, but should last approx 4-8 washes depending on hair condition & type. WEIGHT:  100ml INSTRUCTIONS : - Strand & sensitivity tests are always recommended before any sort of dye is applied. - Shampoo your hair with a PH neutral shampoo, don't use conditioner, towel dry your hair. - Apply Crazy Color directly while hair is still damp, spreading evenly over the hair (wear gloves). - Leave for 15/30 minutes, then rinse thoroughly until water runs clear. TIPS : - Avoid dandruff or harsh shampoos. These can strip colour like there is no tomorrow! - Use a sulphate free or color friendly shampoo & wash as little as possible. Colour will be lost after each wash so avoid over-washing! - Rinse hair with cold water, post shampooing. It closes the hair cuticles and seals in maximum colour. - Too much direct sunlight will strip all that edgy Crazy Color right out. - Avoid swimming. Chlorine is another nasty product that will strip the life and color from your lovely hair. Please Note: We recommend that you patch test any new product before its continued usage. If any redness or itching occurs do not continue use.  CRAZY COLOR",Beserk,https://www.beserk.com.au/products/marshmallow-hair-colour?variant=34688926029&country=AU,https://cdn.shopify.com/s/files/1/0836/9167/files/marshmallow-or-hair-colour-beserk-all-beserkstaple-clickfrenzy15-2023-cosmetics-crazy-color-discountapp-dye-fp-hair-hair-colour-hair-dye-hair-dyes-hair-pink-labelvegan-pastel-goth-pin.jpg?v=1687776056,in_stock,"16.95 AUD",,"Crazy Color",,CC064,yes,new,HAIR,,,,,,,0.12,kg,"https://cdn.shopify.com/s/files/1/0836/9167/files/marshmallow-or-hair-colour-beserk-all-beserkstaple-clickfrenzy15-2023-cosmetics-crazy-color-discountapp-dye-fp-hair-hair-colour-hair-dye-hair-dyes-hair-pink-labelvegan-pastel-goth-pin_28db0627-52aa-493f-a60a-5f065265b4ee.jpg?v=1687776058,https://cdn.shopify.com/s/files/1/0836/9167/files/marshmallow-or-hair-colour-beserk-all-beserkstaple-clickfrenzy15-2023-cosmetics-crazy-color-discountapp-dye-fp-hair-hair-colour-hair-dye-hair-dyes-hair-pink-labelvegan-pastel-goth-pin_ddfc2626-3b45-4240-9511-ccfdf6cbdf3f.jpg?v=1687776061,https://cdn.shopify.com/s/files/1/0836/9167/files/marshmallow-or-hair-colour-beserk-all-beserkstaple-clickfrenzy15-2023-cosmetics-crazy-color-discountapp-dye-fp-hair-hair-colour-hair-dye-hair-dyes-hair-pink-labelvegan-pastel-goth-pin_c5fb6960-0518-4645-acc3-0d52ef556cc5.jpg?v=1687776063,https://cdn.shopify.com/s/files/1/0836/9167/files/marshmallow-or-hair-colour-beserk-all-beserkstaple-clickfrenzy15-2023-cosmetics-crazy-color-discountapp-dye-fp-hair-hair-colour-hair-dye-hair-dyes-hair-pink-labelvegan-pastel-goth-pin_0fbf0bf9-0d25-4a28-9a7f-cb51798cd103.jpg?v=1687776066,https://cdn.shopify.com/s/files/1/0836/9167/files/marshmallow-or-hair-colour-beserk-all-beserkstaple-clickfrenzy15-2023-cosmetics-crazy-color-discountapp-dye-fp-hair-hair-colour-hair-dye-hair-dyes-hair-pink-labelvegan-pastel-goth-pin_7aaee45e-f812-424c-b849-761105ff9dbf.jpg?v=1687776068,https://cdn.shopify.com/s/files/1/0836/9167/files/marshmallow-or-hair-colour-beserk-all-beserkstaple-clickfrenzy15-2023-cosmetics-crazy-color-discountapp-dye-fp-hair-hair-colour-hair-dye-hair-dyes-hair-pink-labelvegan-pastel-goth-pin_f8a6c1c8-2bc7-4b3a-8db1-039e0e4753f8.jpg?v=1687776070,https://cdn.shopify.com/s/files/1/0836/9167/files/marshmallow-or-hair-colour-beserk-all-beserkstaple-clickfrenzy15-2023-cosmetics-crazy-color-discountapp-dye-fp-hair-hair-colour-hair-dye-hair-dyes-hair-pink-labelvegan-pastel-goth-pin_a7ca259f-0875-443c-a879-ed3b6923d31d.jpg?v=1687776073,https://cdn.shopify.com/s/files/1/0836/9167/files/marshmallow-or-hair-colour-beserk-all-beserkstaple-clickfrenzy15-2023-cosmetics-crazy-color-discountapp-dye-fp-hair-hair-colour-hair-dye-hair-dyes-hair-pink-labelvegan-pastel-goth-pin_f09ffcb2-98c0-43b9-8894-5d509a6f5a42.jpg?v=1687776076,https://cdn.shopify.com/s/files/1/0836/9167/files/marshmallow-or-hair-colour-beserk-all-beserkstaple-clickfrenzy15-2023-cosmetics-crazy-color-discountapp-dye-fp-hair-hair-colour-hair-dye-hair-dyes-hair-pink-labelvegan-pastel-goth-pin_ced8679a-e63b-4e72-a44c-c68b71c80286.jpg?v=1687776078",https://www.beserk.com.au/pages/privacy-policy,https://www.beserk.com.au/pages/terms-and-conditions,https://www.beserk.com.au/pages/beserk-returns,AU,AU
9430251917,"Orange | Hair Colour","OUTRAGEOUS ORANGE - FEELING FRUITY. Crazy Colour Semi-permanent bright & bold hair colour! Oh so citrus - Crazy Color orange is a seriously opulent shade from the original 1977 line up. It's still one of our most popular shades and can be used directly from the bottle to create a bright orange delight. Or mix it up with some red and yellow and make your own knockout copper. Use on pre-lightened or light blonde hair for best results. 100% Vegan and Cruelty Free! To get the best result from your Crazy Color hair dye we recommend you use it on pre-lightened hair, but it can also be used as a tint on natural hair. This dye is a semi-permanent colour which means it will fade with every wash, but should last approx 4-8 washes depending on hair condition & type. WEIGHT:  100ml INSTRUCTIONS : - Strand & sensitivity tests are always recommended before any sort of dye is applied. - Shampoo your hair with a PH neutral shampoo, don't use conditioner, towel dry your hair. - Apply Crazy Color directly while hair is still damp, spreading evenly over the hair (wear gloves). - Leave for 15/30 minutes, then rinse thoroughly until water runs clear. TIPS : - Avoid dandruff or harsh shampoos. These can strip colour like there is no tomorrow! - Use a sulphate free or color friendly shampoo & wash as little as possible. Colour will be lost after each wash so avoid over-washing! - Rinse hair with cold water, post shampooing. It closes the hair cuticles and seals in maximum colour. - Too much direct sunlight will strip all that edgy Crazy Color right out. - Avoid swimming. Chlorine is another nasty product that will strip the life and color from your lovely hair. Please Note: We recommend that you patch test any new product before its continued usage. If any redness or itching occurs do not continue use.  CRAZY COLOR",Beserk,https://www.beserk.com.au/products/orange-hair-colour?variant=34688926093&country=AU,https://cdn.shopify.com/s/files/1/0836/9167/files/orange-or-hair-colour-beserk-all-beserkstaple-clickfrenzy15-2023-cosmetics-crazy-color-discountapp-dye-fp-hair-hair-colour-hair-dye-hair-dyes-hair-orange-labelvegan-orange-rainbow-rep.jpg?v=1687776081,in_stock,"16.95 AUD",,"Crazy Color",,CC060-002250,yes,new,HAIR,,,,,,,0.12,kg,"https://cdn.shopify.com/s/files/1/0836/9167/files/orange-or-hair-colour-beserk-all-beserkstaple-clickfrenzy15-2023-cosmetics-crazy-color-discountapp-dye-fp-hair-hair-colour-hair-dye-hair-dyes-hair-orange-labelvegan-orange-rainbow-rep_cad22294-f601-4f94-9b41-ecb83f32ae3d.jpg?v=1687776084,https://cdn.shopify.com/s/files/1/0836/9167/files/orange-or-hair-colour-beserk-all-beserkstaple-clickfrenzy15-2023-cosmetics-crazy-color-discountapp-dye-fp-hair-hair-colour-hair-dye-hair-dyes-hair-orange-labelvegan-orange-rainbow-rep_80d6e72e-50da-4e26-8454-065f79af06a9.jpg?v=1687776086,https://cdn.shopify.com/s/files/1/0836/9167/files/orange-or-hair-colour-beserk-all-beserkstaple-clickfrenzy15-2023-cosmetics-crazy-color-discountapp-dye-fp-hair-hair-colour-hair-dye-hair-dyes-hair-orange-labelvegan-orange-rainbow-rep_9f1f9e10-5114-4c2d-8138-9c463fe7d018.jpg?v=1687776089,https://cdn.shopify.com/s/files/1/0836/9167/files/orange-or-hair-colour-beserk-all-beserkstaple-clickfrenzy15-2023-cosmetics-crazy-color-discountapp-dye-fp-hair-hair-colour-hair-dye-hair-dyes-hair-orange-labelvegan-orange-rainbow-rep_59978831-9927-4d02-a67e-15a36e6d2b7f.jpg?v=1687776092,https://cdn.shopify.com/s/files/1/0836/9167/files/orange-or-hair-colour-beserk-all-beserkstaple-clickfrenzy15-2023-cosmetics-crazy-color-discountapp-dye-fp-hair-hair-colour-hair-dye-hair-dyes-hair-orange-labelvegan-orange-rainbow-rep_a96a38d5-c514-4155-bcca-99d70b8f3ace.jpg?v=1687776094,https://cdn.shopify.com/s/files/1/0836/9167/files/orange-or-hair-colour-beserk-all-beserkstaple-clickfrenzy15-2023-cosmetics-crazy-color-discountapp-dye-fp-hair-hair-colour-hair-dye-hair-dyes-hair-orange-labelvegan-orange-rainbow-rep_04148721-d630-41c0-bb5e-37c84e33f369.jpg?v=1687776097,https://cdn.shopify.com/s/files/1/0836/9167/files/orange-or-hair-colour-beserk-all-beserkstaple-clickfrenzy15-2023-cosmetics-crazy-color-discountapp-dye-fp-hair-hair-colour-hair-dye-hair-dyes-hair-orange-labelvegan-orange-rainbow-rep_7ec09607-0008-48ec-98fb-2375176eaa04.jpg?v=1687776099,https://cdn.shopify.com/s/files/1/0836/9167/files/orange-or-hair-colour-beserk-all-beserkstaple-clickfrenzy15-2023-cosmetics-crazy-color-discountapp-dye-fp-hair-hair-colour-hair-dye-hair-dyes-hair-orange-labelvegan-orange-rainbow-rep_a160f8bb-39c9-4086-9eca-fc36ce3f7e8a.jpg?v=1687776101,https://cdn.shopify.com/s/files/1/0836/9167/files/orange-or-hair-colour-beserk-all-beserkstaple-clickfrenzy15-2023-cosmetics-crazy-color-discountapp-dye-fp-hair-hair-colour-hair-dye-hair-dyes-hair-orange-labelvegan-orange-rainbow-rep_168c7b60-fb61-4fc6-a807-9ce21ea4e7a0.jpg?v=1687776104",https://www.beserk.com.au/pages/privacy-policy,https://www.beserk.com.au/pages/terms-and-conditions,https://www.beserk.com.au/pages/beserk-returns,AU,AU
9430251981,"Pinkissimo | Hair Colour","VIBRANT PINKY PURPLE - SO BELLISIMO. Crazy Colour Semi-permanent bright & bold hair colour! Crazy Color Pinkissimo was created as the perfect pink because like Marylin said ""Some like it hot!"" this richly pigmented pink features our conditioning formulation that is gentle on your locks! Recommended for pale to platinum blonde hair for truly outrageous results. 100% Vegan and Cruelty Free! To get the best result from your Crazy Color hair dye we recommend you use it on pre-lightened hair, but it can also be used as a tint on natural hair. This dye is a semi-permanent colour which means it will fade with every wash, but should last approx 4-8 washes depending on hair condition & type. WEIGHT:  100ml INSTRUCTIONS : - Strand & sensitivity tests are always recommended before any sort of dye is applied. - Shampoo your hair with a PH neutral shampoo, don't use conditioner, towel dry your hair. - Apply Crazy Color directly while hair is still damp, spreading evenly over the hair (wear gloves). - Leave for 15/30 minutes, then rinse thoroughly until water runs clear. TIPS : - Avoid dandruff or harsh shampoos. These can strip colour like there is no tomorrow! - Use a sulphate free or color friendly shampoo & wash as little as possible. Colour will be lost after each wash so avoid over-washing! - Rinse hair with cold water, post shampooing. It closes the hair cuticles and seals in maximum colour. - Too much direct sunlight will strip all that edgy Crazy Color right out. - Avoid swimming. Chlorine is another nasty product that will strip the life and color from your lovely hair. Please Note: We recommend that you patch test any new product before its continued usage. If any redness or itching occurs do not continue use.  CRAZY COLOR",Beserk,https://www.beserk.com.au/products/pinkissimo-hair-colour?variant=34688926157&country=AU,https://cdn.shopify.com/s/files/1/0836/9167/files/pinkissimo-or-hair-colour-beserk-all-beserkstaple-clickfrenzy15-2023-cosmetics-crazy-color-discountapp-dye-fp-hair-hair-colour-hair-dye-hair-dyes-hair-pink-labelvegan-mermaid-pink-rep.jpg?v=1687776082,in_stock,"16.95 AUD",,"Crazy Color",,CC042,yes,new,HAIR,,,,,,,0.12,kg,"https://cdn.shopify.com/s/files/1/0836/9167/files/pinkissimo-or-hair-colour-beserk-all-beserkstaple-clickfrenzy15-2023-cosmetics-crazy-color-discountapp-dye-fp-hair-hair-colour-hair-dye-hair-dyes-hair-pink-labelvegan-mermaid-pink-rep_efe6874c-d87b-48cb-8162-85f40ab32cd4.jpg?v=1687776084,https://cdn.shopify.com/s/files/1/0836/9167/files/pinkissimo-or-hair-colour-beserk-all-beserkstaple-clickfrenzy15-2023-cosmetics-crazy-color-discountapp-dye-fp-hair-hair-colour-hair-dye-hair-dyes-hair-pink-labelvegan-mermaid-pink-rep_d34fda47-bd2b-4fe7-8bee-a2addb739d12.jpg?v=1687776087,https://cdn.shopify.com/s/files/1/0836/9167/files/pinkissimo-or-hair-colour-beserk-all-beserkstaple-clickfrenzy15-2023-cosmetics-crazy-color-discountapp-dye-fp-hair-hair-colour-hair-dye-hair-dyes-hair-pink-labelvegan-mermaid-pink-rep_20c2c432-04aa-4a4e-83e6-69236afc9a82.jpg?v=1687776089,https://cdn.shopify.com/s/files/1/0836/9167/files/pinkissimo-or-hair-colour-beserk-all-beserkstaple-clickfrenzy15-2023-cosmetics-crazy-color-discountapp-dye-fp-hair-hair-colour-hair-dye-hair-dyes-hair-pink-labelvegan-mermaid-pink-rep_1a72e246-833d-44d9-8794-c8d482d6b54c.jpg?v=1687776092,https://cdn.shopify.com/s/files/1/0836/9167/files/pinkissimo-or-hair-colour-beserk-all-beserkstaple-clickfrenzy15-2023-cosmetics-crazy-color-discountapp-dye-fp-hair-hair-colour-hair-dye-hair-dyes-hair-pink-labelvegan-mermaid-pink-rep_dc96ba7e-0216-4adb-bd33-bb6c2d2c65d6.jpg?v=1687776094,https://cdn.shopify.com/s/files/1/0836/9167/files/pinkissimo-or-hair-colour-beserk-all-beserkstaple-clickfrenzy15-2023-cosmetics-crazy-color-discountapp-dye-fp-hair-hair-colour-hair-dye-hair-dyes-hair-pink-labelvegan-mermaid-pink-rep_36bb1705-39aa-428a-8156-0b5d13f60a5e.jpg?v=1687776096,https://cdn.shopify.com/s/files/1/0836/9167/files/pinkissimo-or-hair-colour-beserk-all-beserkstaple-clickfrenzy15-2023-cosmetics-crazy-color-discountapp-dye-fp-hair-hair-colour-hair-dye-hair-dyes-hair-pink-labelvegan-mermaid-pink-rep_8e264b90-b6c9-4b15-8ad9-dd265f2bca45.jpg?v=1687776099,https://cdn.shopify.com/s/files/1/0836/9167/files/pinkissimo-or-hair-colour-beserk-all-beserkstaple-clickfrenzy15-2023-cosmetics-crazy-color-discountapp-dye-fp-hair-hair-colour-hair-dye-hair-dyes-hair-pink-labelvegan-mermaid-pink-rep_6a1aa878-49a8-49b6-9823-b5c472f3b52b.jpg?v=1687776102,https://cdn.shopify.com/s/files/1/0836/9167/files/pinkissimo-or-hair-colour-beserk-all-beserkstaple-clickfrenzy15-2023-cosmetics-crazy-color-discountapp-dye-fp-hair-hair-colour-hair-dye-hair-dyes-hair-pink-labelvegan-mermaid-pink-rep_1f55db0c-1844-4859-898a-76814130394e.jpg?v=1687776104",https://www.beserk.com.au/pages/privacy-policy,https://www.beserk.com.au/pages/terms-and-conditions,https://www.beserk.com.au/pages/beserk-returns,AU,AU
9430252301,"Hot Purple | Hair Colour","PURPLE RAIN - FIT FOR A PRINCE. Crazy Colour Semi-permanent bright & bold hair colour! Hot Purple is our strongest purple based with a hearty blue it really packs a punch. Crazy Color Hot Purple intensively saturates each hair strand for high-definition color. Recommended for pale to platinum blonde hair for best results. 100% Vegan and Cruelty Free! To get the best result from your Crazy Color hair dye we recommend you use it on pre-lightened hair, but it can also be used as a tint on natural hair. This dye is a semi-permanent colour which means it will fade with every wash, but should last approx 4-8 washes depending on hair condition & type. WEIGHT:  100ml INSTRUCTIONS : - Strand & sensitivity tests are always recommended before any sort of dye is applied. - Shampoo your hair with a PH neutral shampoo, don't use conditioner, towel dry your hair. - Apply Crazy Color directly while hair is still damp, spreading evenly over the hair (wear gloves). - Leave for 15/30 minutes, then rinse thoroughly until water runs clear. TIPS : - Avoid dandruff or harsh shampoos. These can strip colour like there is no tomorrow! - Use a sulphate free or color friendly shampoo & wash as little as possible. Colour will be lost after each wash so avoid over-washing! - Rinse hair with cold water, post shampooing. It closes the hair cuticles and seals in maximum colour. - Too much direct sunlight will strip all that edgy Crazy Color right out. - Avoid swimming. Chlorine is another nasty product that will strip the life and color from your lovely hair. Please Note: We recommend that you patch test any new product before its continued usage. If any redness or itching occurs do not continue use.  CRAZY COLOR",Beserk,https://www.beserk.com.au/products/hot-purple-hair-colour?variant=34688927373&country=AU,https://cdn.shopify.com/s/files/1/0836/9167/files/hot-purple-or-hair-colour-beserk-all-beserkstaple-clickfrenzy15-2023-cosmetics-crazy-color-discountapp-dye-fp-hair-hair-colour-hair-dye-hair-dyes-hair-purple-labelvegan-mermaid-purple.jpg?v=1687776081,in_stock,"16.95 AUD",,"Crazy Color",,CC062,yes,new,HAIR,,,,,,,0.12,kg,"https://cdn.shopify.com/s/files/1/0836/9167/files/hot-purple-or-hair-colour-beserk-all-beserkstaple-clickfrenzy15-2023-cosmetics-crazy-color-discountapp-dye-fp-hair-hair-colour-hair-dye-hair-dyes-hair-purple-labelvegan-mermaid-purple_f6cde94e-27fb-4435-b41a-657b4692f117.jpg?v=1687776084,https://cdn.shopify.com/s/files/1/0836/9167/files/hot-purple-or-hair-colour-beserk-all-beserkstaple-clickfrenzy15-2023-cosmetics-crazy-color-discountapp-dye-fp-hair-hair-colour-hair-dye-hair-dyes-hair-purple-labelvegan-mermaid-purple_d27e2d53-15ce-4884-82be-4d15f5985066.jpg?v=1687776086,https://cdn.shopify.com/s/files/1/0836/9167/files/hot-purple-or-hair-colour-beserk-all-beserkstaple-clickfrenzy15-2023-cosmetics-crazy-color-discountapp-dye-fp-hair-hair-colour-hair-dye-hair-dyes-hair-purple-labelvegan-mermaid-purple_3c40e8e6-c8a2-4752-b1cc-8c89c954b97f.jpg?v=1687776089,https://cdn.shopify.com/s/files/1/0836/9167/files/hot-purple-or-hair-colour-beserk-all-beserkstaple-clickfrenzy15-2023-cosmetics-crazy-color-discountapp-dye-fp-hair-hair-colour-hair-dye-hair-dyes-hair-purple-labelvegan-mermaid-purple_84f6b723-0cfb-4e50-96c0-805ed8109d17.jpg?v=1687776091,https://cdn.shopify.com/s/files/1/0836/9167/files/hot-purple-or-hair-colour-beserk-all-beserkstaple-clickfrenzy15-2023-cosmetics-crazy-color-discountapp-dye-fp-hair-hair-colour-hair-dye-hair-dyes-hair-purple-labelvegan-mermaid-purple_35a1dd1a-f91c-42b4-9b58-f60e1ac429ae.jpg?v=1687776094,https://cdn.shopify.com/s/files/1/0836/9167/files/hot-purple-or-hair-colour-beserk-all-beserkstaple-clickfrenzy15-2023-cosmetics-crazy-color-discountapp-dye-fp-hair-hair-colour-hair-dye-hair-dyes-hair-purple-labelvegan-mermaid-purple_14d8d88c-6813-4927-a48b-fc2dcf39a66f.jpg?v=1687776096,https://cdn.shopify.com/s/files/1/0836/9167/files/hot-purple-or-hair-colour-beserk-all-beserkstaple-clickfrenzy15-2023-cosmetics-crazy-color-discountapp-dye-fp-hair-hair-colour-hair-dye-hair-dyes-hair-purple-labelvegan-mermaid-purple_771e7cd8-8c3e-4c80-ba80-b71f5ef3d658.jpg?v=1687776099,https://cdn.shopify.com/s/files/1/0836/9167/files/hot-purple-or-hair-colour-beserk-all-beserkstaple-clickfrenzy15-2023-cosmetics-crazy-color-discountapp-dye-fp-hair-hair-colour-hair-dye-hair-dyes-hair-purple-labelvegan-mermaid-purple_cc2c5e39-3c6c-4dfb-a085-d9937c165031.jpg?v=1687776101,https://cdn.shopify.com/s/files/1/0836/9167/files/hot-purple-or-hair-colour-beserk-all-beserkstaple-clickfrenzy15-2023-cosmetics-crazy-color-discountapp-dye-fp-hair-hair-colour-hair-dye-hair-dyes-hair-purple-labelvegan-mermaid-purple_1788dc53-d3fb-4b2d-80be-6352f8d70e87.jpg?v=1687776104",https://www.beserk.com.au/pages/privacy-policy,https://www.beserk.com.au/pages/terms-and-conditions,https://www.beserk.com.au/pages/beserk-returns,AU,AU
9430252429,"Peacock Blue | HAIR COLOUR","STRUT YOUR STUFF - PERFECT FOR SHOW OFFS. Crazy Colour Semi-permanent bright & bold hair colour! Strut your stuff - Crazy Color Peacock Blue is perfect for show offs. This luxuriously pigmented dark-blue green is formulated with conditioning ingredients that are gentle on your locks! Suitable for pre-lightened blonde to light brown hair. Please note results on light brown hair will be tonal and not to the color in the bottle. 100% Vegan and Cruelty Free! To get the best result from your Crazy Color hair dye we recommend you use it on pre-lightened hair, but it can also be used as a tint on natural hair. This dye is a semi-permanent colour which means it will fade with every wash, but should last approx 4-8 washes depending on hair condition & type. WEIGHT:  100ml INSTRUCTIONS : - Strand & sensitivity tests are always recommended before any sort of dye is applied. - Shampoo your hair with a PH neutral shampoo, don't use conditioner, towel dry your hair. - Apply Crazy Color directly while hair is still damp, spreading evenly over the hair (wear gloves). - Leave for 15/30 minutes, then rinse thoroughly until water runs clear. TIPS : - Avoid dandruff or harsh shampoos. These can strip colour like there is no tomorrow! - Use a sulphate free or color friendly shampoo & wash as little as possible. Colour will be lost after each wash so avoid over-washing! - Rinse hair with cold water, post shampooing. It closes the hair cuticles and seals in maximum colour. - Too much direct sunlight will strip all that edgy Crazy Color right out. - Avoid swimming. Chlorine is another nasty product that will strip the life and color from your lovely hair. Please Note: We recommend that you patch test any new product before its continued usage. If any redness or itching occurs do not continue use.  CRAZY COLOR",Beserk,https://www.beserk.com.au/products/peacock-blue-hair-colour?variant=34688927501&country=AU,https://cdn.shopify.com/s/files/1/0836/9167/files/peacock-blue-or-hair-colour-beserk-all-aqua-aquamarine-beserkstaple-blue-clickfrenzy15-2023-cosmetics-crazy-color-discountapp-dye-fp-hair-hair-blue-hair-colour-hair-dye-hair-dyes-labe.jpg?v=1687776081,in_stock,"16.95 AUD",,"Crazy Color",,CC045-002235,yes,new,HAIR,,,,,,,0.12,kg,"https://cdn.shopify.com/s/files/1/0836/9167/files/peacock-blue-or-hair-colour-beserk-all-aqua-aquamarine-beserkstaple-blue-clickfrenzy15-2023-cosmetics-crazy-color-discountapp-dye-fp-hair-hair-blue-hair-colour-hair-dye-hair-dyes-labe_29d06ea5-7ae1-4809-861d-4770c73d717a.jpg?v=1687776084,https://cdn.shopify.com/s/files/1/0836/9167/files/peacock-blue-or-hair-colour-beserk-all-aqua-aquamarine-beserkstaple-blue-clickfrenzy15-2023-cosmetics-crazy-color-discountapp-dye-fp-hair-hair-blue-hair-colour-hair-dye-hair-dyes-labe_7ef0b903-2880-4d4d-80a0-eead549a5c4c.jpg?v=1687776087,https://cdn.shopify.com/s/files/1/0836/9167/files/peacock-blue-or-hair-colour-beserk-all-aqua-aquamarine-beserkstaple-blue-clickfrenzy15-2023-cosmetics-crazy-color-discountapp-dye-fp-hair-hair-blue-hair-colour-hair-dye-hair-dyes-labe_ee4df462-b807-43ba-a30a-3e9da7a3f2f6.jpg?v=1687776089,https://cdn.shopify.com/s/files/1/0836/9167/files/peacock-blue-or-hair-colour-beserk-all-aqua-aquamarine-beserkstaple-blue-clickfrenzy15-2023-cosmetics-crazy-color-discountapp-dye-fp-hair-hair-blue-hair-colour-hair-dye-hair-dyes-labe_98dfe538-7d33-497c-a573-a93097922f9e.jpg?v=1687776092,https://cdn.shopify.com/s/files/1/0836/9167/files/peacock-blue-or-hair-colour-beserk-all-aqua-aquamarine-beserkstaple-blue-clickfrenzy15-2023-cosmetics-crazy-color-discountapp-dye-fp-hair-hair-blue-hair-colour-hair-dye-hair-dyes-labe_d3b547b2-dff7-4730-ac3a-d68c9a42859b.jpg?v=1687776094,https://cdn.shopify.com/s/files/1/0836/9167/files/peacock-blue-or-hair-colour-beserk-all-aqua-aquamarine-beserkstaple-blue-clickfrenzy15-2023-cosmetics-crazy-color-discountapp-dye-fp-hair-hair-blue-hair-colour-hair-dye-hair-dyes-labe_1482738b-bea6-458e-bc09-e918a1c77787.jpg?v=1687776096,https://cdn.shopify.com/s/files/1/0836/9167/files/peacock-blue-or-hair-colour-beserk-all-aqua-aquamarine-beserkstaple-blue-clickfrenzy15-2023-cosmetics-crazy-color-discountapp-dye-fp-hair-hair-blue-hair-colour-hair-dye-hair-dyes-labe_67afa8e0-3d74-4547-bc51-e7b8359153d6.jpg?v=1687776100,https://cdn.shopify.com/s/files/1/0836/9167/files/peacock-blue-or-hair-colour-beserk-all-aqua-aquamarine-beserkstaple-blue-clickfrenzy15-2023-cosmetics-crazy-color-discountapp-dye-fp-hair-hair-blue-hair-colour-hair-dye-hair-dyes-labe_56cace2a-d81b-4ba2-8118-e325ac67bd1e.jpg?v=1687776102,https://cdn.shopify.com/s/files/1/0836/9167/files/peacock-blue-or-hair-colour-beserk-all-aqua-aquamarine-beserkstaple-blue-clickfrenzy15-2023-cosmetics-crazy-color-discountapp-dye-fp-hair-hair-blue-hair-colour-hair-dye-hair-dyes-labe_99c3e044-f5d3-4313-a45a-39a2311af5af.jpg?v=1687776104",https://www.beserk.com.au/pages/privacy-policy,https://www.beserk.com.au/pages/terms-and-conditions,https://www.beserk.com.au/pages/beserk-returns,AU,AU
9430253645,"Platinum | Hair Colour*","PRECIOUS PLATINUM - PURE AND PERFECT. Crazy Colour Semi-permanent bright & bold hair colour! Crazy Color Silver is a conditioning toner for pre-lightened blonde hair it will neutralise any unwanted pale yellow tones and leave behind a subtle platinum shade. Hair must be lightened to a level 9 or 10 before application. 100% Vegan and Cruelty Free! To get the best result from your Crazy Color hair dye we recommend you use it on pre-lightened hair, but it can also be used as a tint on natural hair. This dye is a semi-permanent colour which means it will fade with every wash, but should last approx 4-8 washes depending on hair condition & type. WEIGHT:  100ml INSTRUCTIONS : - Strand & sensitivity tests are always recommended before any sort of dye is applied. - Shampoo your hair with a PH neutral shampoo, don't use conditioner, towel dry your hair. - Apply Crazy Color directly while hair is still damp, spreading evenly over the hair (wear gloves). - Leave for 15/30 minutes, then rinse thoroughly until water runs clear. TIPS : - Avoid dandruff or harsh shampoos. These can strip colour like there is no tomorrow! - Use a sulphate free or color friendly shampoo & wash as little as possible. Colour will be lost after each wash so avoid over-washing! - Rinse hair with cold water, post shampooing. It closes the hair cuticles and seals in maximum colour. - Too much direct sunlight will strip all that edgy Crazy Color right out. - Avoid swimming. Chlorine is another nasty product that will strip the life and color from your lovely hair. Please Note: We recommend that you patch test any new product before its continued usage. If any redness or itching occurs do not continue use.  CRAZY COLOR DISCLAIMER:  Please note that all silver hair dyes are designed to be subtle tints, and must be applied to pre-toned and whitened hair for best results. Results may vary dependent on several external factors and not limited to: hair type, hair health, how light & even toned the colour the hair is prior to dying, dye application technique and other contributing factors. Different brands also have different results from person to person and it's all about finding the best one for your hair type. Beserk cannot be held responsible should the outcome not be as desired. If you are not 100% sure, please consult a hair professional",Beserk,https://www.beserk.com.au/products/platinum-hair-colour?variant=34688930701&country=AU,https://cdn.shopify.com/s/files/1/0836/9167/files/platinum-or-hair-colour-beserk-all-beserkstaple-clickfrenzy15-2023-cosmetics-crazy-color-discountapp-dye-fp-goth-grey-hair-hair-colour-hair-dye-hair-dyes-hair-grey-hair-silver-labelve.jpg?v=1687776081,in_stock,"16.95 AUD",,"Crazy Color",,CC028,yes,new,HAIR,,,,,,,0.12,kg,"https://cdn.shopify.com/s/files/1/0836/9167/files/platinum-or-hair-colour-beserk-all-beserkstaple-clickfrenzy15-2023-cosmetics-crazy-color-discountapp-dye-fp-goth-grey-hair-hair-colour-hair-dye-hair-dyes-hair-grey-hair-silver-labelve_936fe2e0-0934-42e1-af8a-4b926b965da8.jpg?v=1687776084,https://cdn.shopify.com/s/files/1/0836/9167/files/platinum-or-hair-colour-beserk-all-beserkstaple-clickfrenzy15-2023-cosmetics-crazy-color-discountapp-dye-fp-goth-grey-hair-hair-colour-hair-dye-hair-dyes-hair-grey-hair-silver-labelve_4a38e824-5715-4912-b1c0-d45c6833a3f9.jpg?v=1687776086,https://cdn.shopify.com/s/files/1/0836/9167/files/platinum-or-hair-colour-beserk-all-beserkstaple-clickfrenzy15-2023-cosmetics-crazy-color-discountapp-dye-fp-goth-grey-hair-hair-colour-hair-dye-hair-dyes-hair-grey-hair-silver-labelve_e3169ea4-a564-40bb-a401-ecf113fd867e.jpg?v=1687776088,https://cdn.shopify.com/s/files/1/0836/9167/files/platinum-or-hair-colour-beserk-all-beserkstaple-clickfrenzy15-2023-cosmetics-crazy-color-discountapp-dye-fp-goth-grey-hair-hair-colour-hair-dye-hair-dyes-hair-grey-hair-silver-labelve_728f796d-0a6b-47cb-942f-df7fce96477a.jpg?v=1687776091,https://cdn.shopify.com/s/files/1/0836/9167/files/platinum-or-hair-colour-beserk-all-beserkstaple-clickfrenzy15-2023-cosmetics-crazy-color-discountapp-dye-fp-goth-grey-hair-hair-colour-hair-dye-hair-dyes-hair-grey-hair-silver-labelve_180d06de-11cd-4d11-851b-b70c19d9dc24.jpg?v=1687776094,https://cdn.shopify.com/s/files/1/0836/9167/files/platinum-or-hair-colour-beserk-all-beserkstaple-clickfrenzy15-2023-cosmetics-crazy-color-discountapp-dye-fp-goth-grey-hair-hair-colour-hair-dye-hair-dyes-hair-grey-hair-silver-labelve_5f98665b-b9dc-4a96-a840-df73df6d2d69.jpg?v=1687776096,https://cdn.shopify.com/s/files/1/0836/9167/files/platinum-or-hair-colour-beserk-all-beserkstaple-clickfrenzy15-2023-cosmetics-crazy-color-discountapp-dye-fp-goth-grey-hair-hair-colour-hair-dye-hair-dyes-hair-grey-hair-silver-labelve_7a1891c1-1153-41b7-851e-83b25398c0ce.jpg?v=1687776098,https://cdn.shopify.com/s/files/1/0836/9167/files/platinum-or-hair-colour-beserk-all-beserkstaple-clickfrenzy15-2023-cosmetics-crazy-color-discountapp-dye-fp-goth-grey-hair-hair-colour-hair-dye-hair-dyes-hair-grey-hair-silver-labelve_dbed5354-c5c3-439b-9b7e-7aa54cbf570c.jpg?v=1687776101,https://cdn.shopify.com/s/files/1/0836/9167/files/platinum-or-hair-colour-beserk-all-beserkstaple-clickfrenzy15-2023-cosmetics-crazy-color-discountapp-dye-fp-goth-grey-hair-hair-colour-hair-dye-hair-dyes-hair-grey-hair-silver-labelve_3837c01d-af2d-4b01-a97d-65fb57920021.jpg?v=1687776103",https://www.beserk.com.au/pages/privacy-policy,https://www.beserk.com.au/pages/terms-and-conditions,https://www.beserk.com.au/pages/beserk-returns,AU,AU
9430253773,"Silver | HAIR COLOUR","ICE COOL - CREATE A STORM. Crazy Colour Semi-permanent bright & bold hair colour! Crazy Color Silver is a conditioning toner for pre-lightened blonde hair it will neutralise any unwanted pale yellow tones and leave behind a subtle silver shade. Hair must be lightened to a level 9 or 10 before application. 100% Vegan and Cruelty Free! To get the best result from your Crazy Color hair dye we recommend you use it on pre-lightened hair, but it can also be used as a tint on natural hair. This dye is a semi-permanent colour which means it will fade with every wash, but should last approx 4-8 washes depending on hair condition & type. WEIGHT:  100ml INSTRUCTIONS : - Strand & sensitivity tests are always recommended before any sort of dye is applied. - Shampoo your hair with a PH neutral shampoo, don't use conditioner, towel dry your hair. - Apply Crazy Color directly while hair is still damp, spreading evenly over the hair (wear gloves). - Leave for 15/30 minutes, then rinse thoroughly until water runs clear. TIPS : - Avoid dandruff or harsh shampoos. These can strip colour like there is no tomorrow! - Use a sulphate free or color friendly shampoo & wash as little as possible. Colour will be lost after each wash so avoid over-washing! - Rinse hair with cold water, post shampooing. It closes the hair cuticles and seals in maximum colour. - Too much direct sunlight will strip all that edgy Crazy Color right out. - Avoid swimming. Chlorine is another nasty product that will strip the life and color from your lovely hair. Please Note: We recommend that you patch test any new product before its continued usage. If any redness or itching occurs do not continue use.  CRAZY COLOR DISCLAIMER:  Please note that all silver hair dyes are designed to be subtle tints, and must be applied to pre-toned and whitened hair for best results. Results may vary dependent on several external factors and not limited to: hair type, hair health, how light & even toned the colour the hair is prior to dying, dye application technique and other contributing factors. Different brands also have different results from person to person and it's all about finding the best one for your hair type. Beserk cannot be held responsible should the outcome not be as desired. If you are not 100% sure, please consult a hair professional",Beserk,https://www.beserk.com.au/products/silver-hair-colour?variant=34688930829&country=AU,https://cdn.shopify.com/s/files/1/0836/9167/files/silver-or-hair-colour-beserk-all-beserkstaple-clickfrenzy15-2023-cosmetics-crazy-color-discountapp-dye-fp-grey-hair-hair-colour-hair-dye-hair-dyes-hair-grey-hair-silver-labelvegan-rep.jpg?v=1687776107,in_stock,"16.95 AUD",,"Crazy Color",,CC027,yes,new,HAIR,,,,,,,0.12,kg,"https://cdn.shopify.com/s/files/1/0836/9167/files/silver-or-hair-colour-beserk-all-beserkstaple-clickfrenzy15-2023-cosmetics-crazy-color-discountapp-dye-fp-grey-hair-hair-colour-hair-dye-hair-dyes-hair-grey-hair-silver-labelvegan-rep_3fb38777-0e64-4cf9-95e9-982dee964e31.jpg?v=1687776109,https://cdn.shopify.com/s/files/1/0836/9167/files/silver-or-hair-colour-beserk-all-beserkstaple-clickfrenzy15-2023-cosmetics-crazy-color-discountapp-dye-fp-grey-hair-hair-colour-hair-dye-hair-dyes-hair-grey-hair-silver-labelvegan-rep_f1919b37-d5d2-409c-b401-b54092c4512d.jpg?v=1687776111,https://cdn.shopify.com/s/files/1/0836/9167/files/silver-or-hair-colour-beserk-all-beserkstaple-clickfrenzy15-2023-cosmetics-crazy-color-discountapp-dye-fp-grey-hair-hair-colour-hair-dye-hair-dyes-hair-grey-hair-silver-labelvegan-rep_20c90a6e-3579-42c6-9cf1-59950c5be0cc.jpg?v=1687776113,https://cdn.shopify.com/s/files/1/0836/9167/files/silver-or-hair-colour-beserk-all-beserkstaple-clickfrenzy15-2023-cosmetics-crazy-color-discountapp-dye-fp-grey-hair-hair-colour-hair-dye-hair-dyes-hair-grey-hair-silver-labelvegan-rep_89b97f18-1a43-42c3-9e4c-4874b7f45f52.jpg?v=1687776116,https://cdn.shopify.com/s/files/1/0836/9167/files/silver-or-hair-colour-beserk-all-beserkstaple-clickfrenzy15-2023-cosmetics-crazy-color-discountapp-dye-fp-grey-hair-hair-colour-hair-dye-hair-dyes-hair-grey-hair-silver-labelvegan-rep_2a11eca3-e22d-48da-9827-71677bbc6549.jpg?v=1687776118,https://cdn.shopify.com/s/files/1/0836/9167/files/silver-or-hair-colour-beserk-all-beserkstaple-clickfrenzy15-2023-cosmetics-crazy-color-discountapp-dye-fp-grey-hair-hair-colour-hair-dye-hair-dyes-hair-grey-hair-silver-labelvegan-rep_e38cd086-d471-4c73-92bb-9d891c9e0b00.jpg?v=1687776120,https://cdn.shopify.com/s/files/1/0836/9167/files/silver-or-hair-colour-beserk-all-beserkstaple-clickfrenzy15-2023-cosmetics-crazy-color-discountapp-dye-fp-grey-hair-hair-colour-hair-dye-hair-dyes-hair-grey-hair-silver-labelvegan-rep_664158a7-3afb-48d7-97d9-13875df02c05.jpg?v=1687776123",https://www.beserk.com.au/pages/privacy-policy,https://www.beserk.com.au/pages/terms-and-conditions,https://www.beserk.com.au/pages/beserk-returns,AU,AU
9430253965,"Vermillion Red | Hair Colour","RACY RED FOR BURGEONING QUEENS. Crazy Colour Semi-permanent bright & bold hair colour! Crazy Color Vermillion Red is a deep rich red hair dye inspired by the original Vermillion pigment which is a red scarlet originally made from cinnabar. Used in Ancient Roman paintings and Chinese ceramic masterpieces for centuries, we have captured this truly captivating colour in a rich semi permanent hair dye. Suitable for pre-lightened blonde to light brown hair. Please note results on light brown hair will be tonal and not to the colour in the bottle. 100% Vegan and Cruelty Free! To get the best result from your Crazy Color hair dye we recommend you use it on pre-lightened hair, but it can also be used as a tint on natural hair. This dye is a semi-permanent colour which means it will fade with every wash, but should last approx 4-8 washes depending on hair condition & type. WEIGHT:  100ml INSTRUCTIONS : - Strand & sensitivity tests are always recommended before any sort of dye is applied. - Shampoo your hair with a PH neutral shampoo, don't use conditioner, towel dry your hair. - Apply Crazy Color directly while hair is still damp, spreading evenly over the hair (wear gloves). - Leave for 15/30 minutes, then rinse thoroughly until water runs clear. TIPS : - Avoid dandruff or harsh shampoos. These can strip colour like there is no tomorrow! - Use a sulphate free or color friendly shampoo & wash as little as possible. Colour will be lost after each wash so avoid over-washing! - Rinse hair with cold water, post shampooing. It closes the hair cuticles and seals in maximum colour. - Too much direct sunlight will strip all that edgy Crazy Color right out. - Avoid swimming. Chlorine is another nasty product that will strip the life and color from your lovely hair. Please Note: We recommend that you patch test any new product before its continued usage. If any redness or itching occurs do not continue use.  CRAZY COLOR",Beserk,https://www.beserk.com.au/products/vermillion-red-hair-colour?variant=34688931149&country=AU,https://cdn.shopify.com/s/files/1/0836/9167/files/vermillion-red-or-hair-colour-beserk-all-beserkstaple-clickfrenzy15-2023-cosmetics-crazy-color-discountapp-dye-fp-hair-hair-colour-hair-dye-hair-dyes-hair-products-hair-red-labelvegan.jpg?v=1687776107,in_stock,"16.95 AUD",,"Crazy Color",,CC040,yes,new,HAIR,,,,,,,0.12,kg,"https://cdn.shopify.com/s/files/1/0836/9167/files/vermillion-red-or-hair-colour-beserk-all-beserkstaple-clickfrenzy15-2023-cosmetics-crazy-color-discountapp-dye-fp-hair-hair-colour-hair-dye-hair-dyes-hair-products-hair-red-labelvegan_15e6f317-6add-428b-91e2-759814cbd530.jpg?v=1687776110,https://cdn.shopify.com/s/files/1/0836/9167/files/vermillion-red-or-hair-colour-beserk-all-beserkstaple-clickfrenzy15-2023-cosmetics-crazy-color-discountapp-dye-fp-hair-hair-colour-hair-dye-hair-dyes-hair-products-hair-red-labelvegan_a4f90c43-59bf-487a-989d-43a4487f8dc5.jpg?v=1687776112,https://cdn.shopify.com/s/files/1/0836/9167/files/vermillion-red-or-hair-colour-beserk-all-beserkstaple-clickfrenzy15-2023-cosmetics-crazy-color-discountapp-dye-fp-hair-hair-colour-hair-dye-hair-dyes-hair-products-hair-red-labelvegan_736bd863-12dc-4867-9d9a-127b202b6b09.jpg?v=1687776114,https://cdn.shopify.com/s/files/1/0836/9167/files/vermillion-red-or-hair-colour-beserk-all-beserkstaple-clickfrenzy15-2023-cosmetics-crazy-color-discountapp-dye-fp-hair-hair-colour-hair-dye-hair-dyes-hair-products-hair-red-labelvegan_8fc508b8-7162-404a-beb8-c63f2427a2e2.jpg?v=1687776117,https://cdn.shopify.com/s/files/1/0836/9167/files/vermillion-red-or-hair-colour-beserk-all-beserkstaple-clickfrenzy15-2023-cosmetics-crazy-color-discountapp-dye-fp-hair-hair-colour-hair-dye-hair-dyes-hair-products-hair-red-labelvegan_680a9e43-5df9-444f-a0bc-7858a57a3c76.jpg?v=1687776119,https://cdn.shopify.com/s/files/1/0836/9167/files/vermillion-red-or-hair-colour-beserk-all-beserkstaple-clickfrenzy15-2023-cosmetics-crazy-color-discountapp-dye-fp-hair-hair-colour-hair-dye-hair-dyes-hair-products-hair-red-labelvegan_74660723-e7aa-4e33-890f-582c8fc67f2f.jpg?v=1687776122,https://cdn.shopify.com/s/files/1/0836/9167/files/vermillion-red-or-hair-colour-beserk-all-beserkstaple-clickfrenzy15-2023-cosmetics-crazy-color-discountapp-dye-fp-hair-hair-colour-hair-dye-hair-dyes-hair-products-hair-red-labelvegan_e53f68a1-341c-46ef-aeb3-0f019cddbf87.jpg?v=1687776124,https://cdn.shopify.com/s/files/1/0836/9167/files/vermillion-red-or-hair-colour-beserk-all-beserkstaple-clickfrenzy15-2023-cosmetics-crazy-color-discountapp-dye-fp-hair-hair-colour-hair-dye-hair-dyes-hair-products-hair-red-labelvegan_340c4b91-b2c0-4be5-bd22-2262d9a88ada.jpg?v=1687776126,https://cdn.shopify.com/s/files/1/0836/9167/files/vermillion-red-or-hair-colour-beserk-all-beserkstaple-clickfrenzy15-2023-cosmetics-crazy-color-discountapp-dye-fp-hair-hair-colour-hair-dye-hair-dyes-hair-products-hair-red-labelvegan_e1423bd9-3689-4fdd-86df-f081cac53a6a.jpg?v=1687776129",https://www.beserk.com.au/pages/privacy-policy,https://www.beserk.com.au/pages/terms-and-conditions,https://www.beserk.com.au/pages/beserk-returns,AU,AU
9430254029,"Sky Blue | HAIR COLOUR","THE SKY IS THE LIMIT FOR TRUE BLUES. Crazy Colour Semi-permanent bright & bold hair colour! Sky Blue is our brightest blue pigment at is the perfect primary shade to use straight from the bottle or as a mixer to another tone of your choice. No cloudy day can cover this bold blue. Recommended for pale to platinum blonde hair for truly outrageous results. 100% Vegan and Cruelty Free! To get the best result from your Crazy Color hair dye we recommend you use it on pre-lightened hair, but it can also be used as a tint on natural hair. This dye is a semi-permanent colour which means it will fade with every wash, but should last approx 4-8 washes depending on hair condition & type. WEIGHT:  100ml INSTRUCTIONS : - Strand & sensitivity tests are always recommended before any sort of dye is applied. - Shampoo your hair with a PH neutral shampoo, don't use conditioner, towel dry your hair. - Apply Crazy Color directly while hair is still damp, spreading evenly over the hair (wear gloves). - Leave for 15/30 minutes, then rinse thoroughly until water runs clear. TIPS : - Avoid dandruff or harsh shampoos. These can strip colour like there is no tomorrow! - Use a sulphate free or color friendly shampoo & wash as little as possible. Colour will be lost after each wash so avoid over-washing! - Rinse hair with cold water, post shampooing. It closes the hair cuticles and seals in maximum colour. - Too much direct sunlight will strip all that edgy Crazy Color right out. - Avoid swimming. Chlorine is another nasty product that will strip the life and color from your lovely hair. Please Note: We recommend that you patch test any new product before its continued usage. If any redness or itching occurs do not continue use.  CRAZY COLOR",Beserk,https://www.beserk.com.au/products/sky-blue-hair-colour?variant=34688931213&country=AU,https://cdn.shopify.com/s/files/1/0836/9167/files/sky-blue-or-hair-colour-beserk-all-beserkstaple-blue-cosmetics-crazy-color-discountapp-dye-fp-hair-hair-blue-hair-colour-hair-dye-hair-dyes-labelvegan-mermaid-rainbow-repriced011222-v.jpg?v=1687776107,in_stock,"16.95 AUD",,"Crazy Color",,CC059,yes,new,HAIR,,,,,,,0.12,kg,"https://cdn.shopify.com/s/files/1/0836/9167/files/sky-blue-or-hair-colour-beserk-all-beserkstaple-blue-cosmetics-crazy-color-discountapp-dye-fp-hair-hair-blue-hair-colour-hair-dye-hair-dyes-labelvegan-mermaid-rainbow-repriced011222-v_97f966e4-f548-481d-8a3d-9e24447aa95c.jpg?v=1687776109,https://cdn.shopify.com/s/files/1/0836/9167/files/sky-blue-or-hair-colour-beserk-all-beserkstaple-blue-cosmetics-crazy-color-discountapp-dye-fp-hair-hair-blue-hair-colour-hair-dye-hair-dyes-labelvegan-mermaid-rainbow-repriced011222-v_73f094ce-019e-4126-a3b2-0cab30b7ac1a.jpg?v=1687776112,https://cdn.shopify.com/s/files/1/0836/9167/files/sky-blue-or-hair-colour-beserk-all-beserkstaple-blue-cosmetics-crazy-color-discountapp-dye-fp-hair-hair-blue-hair-colour-hair-dye-hair-dyes-labelvegan-mermaid-rainbow-repriced011222-v_ca6f618d-8267-4d79-a475-da9057be12dd.jpg?v=1687776114,https://cdn.shopify.com/s/files/1/0836/9167/files/sky-blue-or-hair-colour-beserk-all-beserkstaple-blue-cosmetics-crazy-color-discountapp-dye-fp-hair-hair-blue-hair-colour-hair-dye-hair-dyes-labelvegan-mermaid-rainbow-repriced011222-v_9793256c-e572-407f-b68b-00259eae5e46.jpg?v=1687776117,https://cdn.shopify.com/s/files/1/0836/9167/files/sky-blue-or-hair-colour-beserk-all-beserkstaple-blue-cosmetics-crazy-color-discountapp-dye-fp-hair-hair-blue-hair-colour-hair-dye-hair-dyes-labelvegan-mermaid-rainbow-repriced011222-v_957d43c5-d6c4-4ae3-9a08-d27705b8c66c.jpg?v=1687776119,https://cdn.shopify.com/s/files/1/0836/9167/files/sky-blue-or-hair-colour-beserk-all-beserkstaple-blue-cosmetics-crazy-color-discountapp-dye-fp-hair-hair-blue-hair-colour-hair-dye-hair-dyes-labelvegan-mermaid-rainbow-repriced011222-v_cb42ae9a-d7f6-467e-b862-7a9dcf8d94d3.jpg?v=1687776121,https://cdn.shopify.com/s/files/1/0836/9167/files/sky-blue-or-hair-colour-beserk-all-beserkstaple-blue-cosmetics-crazy-color-discountapp-dye-fp-hair-hair-blue-hair-colour-hair-dye-hair-dyes-labelvegan-mermaid-rainbow-repriced011222-v_b5978c4a-0355-4c1f-aba8-dfdcffdfb2c9.jpg?v=1687776124,https://cdn.shopify.com/s/files/1/0836/9167/files/sky-blue-or-hair-colour-beserk-all-beserkstaple-blue-cosmetics-crazy-color-discountapp-dye-fp-hair-hair-blue-hair-colour-hair-dye-hair-dyes-labelvegan-mermaid-rainbow-repriced011222-v_46a06f4c-5351-461a-88de-b005bb3289fa.jpg?v=1687776126,https://cdn.shopify.com/s/files/1/0836/9167/files/sky-blue-or-hair-colour-beserk-all-beserkstaple-blue-cosmetics-crazy-color-discountapp-dye-fp-hair-hair-blue-hair-colour-hair-dye-hair-dyes-labelvegan-mermaid-rainbow-repriced011222-v_e5d5f021-e5b0-4ccf-9b6f-57e0e93d9ccf.jpg?v=1687776128",https://www.beserk.com.au/pages/privacy-policy,https://www.beserk.com.au/pages/terms-and-conditions,https://www.beserk.com.au/pages/beserk-returns,AU,AU
9430254093,"Violette | Hair Colour","ELECTRIC PURPLE NOT JUST FOR FENDER LOVERS. Crazy Colour Semi-permanent bright & bold hair colour!   Crazy Color Violette is a strong blue purple that packs a punch this stunning color results. This shade is suitable for pre-lightened blonde to light brown hair. Please note results on light brown hair will be tonal and not to the colour in the bottle. Our conditioning hair dye is formulated with ingredients that are gentle on your locks! 100% Vegan and Cruelty Free! To get the best result from your Crazy Color hair dye we recommend you use it on pre-lightened hair, but it can also be used as a tint on natural hair. This dye is a semi-permanent colour which means it will fade with every wash, but should last approx 4-8 washes depending on hair condition & type. WEIGHT:  100ml INSTRUCTIONS : - Strand & sensitivity tests are always recommended before any sort of dye is applied. - Shampoo your hair with a PH neutral shampoo, don't use conditioner, towel dry your hair. - Apply Crazy Color directly while hair is still damp, spreading evenly over the hair (wear gloves). - Leave for 15/30 minutes, then rinse thoroughly until water runs clear. TIPS : - Avoid dandruff or harsh shampoos. These can strip colour like there is no tomorrow! - Use a sulphate free or color friendly shampoo & wash as little as possible. Colour will be lost after each wash so avoid over-washing! - Rinse hair with cold water, post shampooing. It closes the hair cuticles and seals in maximum colour. - Too much direct sunlight will strip all that edgy Crazy Color right out. - Avoid swimming. Chlorine is another nasty product that will strip the life and color from your lovely hair. Please Note: We recommend that you patch test any new product before its continued usage. If any redness or itching occurs do not continue use.  CRAZY COLOR",Beserk,https://www.beserk.com.au/products/violette-hair-colour?variant=34688931277&country=AU,https://cdn.shopify.com/s/files/1/0836/9167/files/violette-or-hair-colour-beserk-all-beserkstaple-clickfrenzy15-2023-cosmetics-crazy-color-discountapp-dye-fp-hair-hair-colour-hair-dye-hair-dyes-hair-products-hair-purple-labelvegan-pu.jpg?v=1687776107,in_stock,"16.95 AUD",,"Crazy Color",,CC043,yes,new,HAIR,,,,,,,0.12,kg,"https://cdn.shopify.com/s/files/1/0836/9167/files/violette-or-hair-colour-beserk-all-beserkstaple-clickfrenzy15-2023-cosmetics-crazy-color-discountapp-dye-fp-hair-hair-colour-hair-dye-hair-dyes-hair-products-hair-purple-labelvegan-pu_978617ac-8146-4aa7-a29c-b2ea1df641a5.jpg?v=1687776110,https://cdn.shopify.com/s/files/1/0836/9167/files/violette-or-hair-colour-beserk-all-beserkstaple-clickfrenzy15-2023-cosmetics-crazy-color-discountapp-dye-fp-hair-hair-colour-hair-dye-hair-dyes-hair-products-hair-purple-labelvegan-pu_30302dc7-19c0-4a64-8648-d35c048eec89.jpg?v=1687776112,https://cdn.shopify.com/s/files/1/0836/9167/files/violette-or-hair-colour-beserk-all-beserkstaple-clickfrenzy15-2023-cosmetics-crazy-color-discountapp-dye-fp-hair-hair-colour-hair-dye-hair-dyes-hair-products-hair-purple-labelvegan-pu_1566d315-eb19-4d0f-a8ac-3ad822f0112d.jpg?v=1687776115,https://cdn.shopify.com/s/files/1/0836/9167/files/violette-or-hair-colour-beserk-all-beserkstaple-clickfrenzy15-2023-cosmetics-crazy-color-discountapp-dye-fp-hair-hair-colour-hair-dye-hair-dyes-hair-products-hair-purple-labelvegan-pu_30624b70-de15-40f6-8ba8-98653aaa394b.jpg?v=1687776117,https://cdn.shopify.com/s/files/1/0836/9167/files/violette-or-hair-colour-beserk-all-beserkstaple-clickfrenzy15-2023-cosmetics-crazy-color-discountapp-dye-fp-hair-hair-colour-hair-dye-hair-dyes-hair-products-hair-purple-labelvegan-pu_06bc500b-bcb9-4446-8bc5-d1dfaaccaa93.jpg?v=1687776120,https://cdn.shopify.com/s/files/1/0836/9167/files/violette-or-hair-colour-beserk-all-beserkstaple-clickfrenzy15-2023-cosmetics-crazy-color-discountapp-dye-fp-hair-hair-colour-hair-dye-hair-dyes-hair-products-hair-purple-labelvegan-pu_44d3f7c4-5b91-4605-a397-ae34ed6c7f6d.jpg?v=1687776122,https://cdn.shopify.com/s/files/1/0836/9167/files/violette-or-hair-colour-beserk-all-beserkstaple-clickfrenzy15-2023-cosmetics-crazy-color-discountapp-dye-fp-hair-hair-colour-hair-dye-hair-dyes-hair-products-hair-purple-labelvegan-pu_6fc49f38-c521-4217-bf80-2e529c4523e5.jpg?v=1687776124,https://cdn.shopify.com/s/files/1/0836/9167/files/violette-or-hair-colour-beserk-all-beserkstaple-clickfrenzy15-2023-cosmetics-crazy-color-discountapp-dye-fp-hair-hair-colour-hair-dye-hair-dyes-hair-products-hair-purple-labelvegan-pu_ea711273-79f9-4323-a7cd-fdbdbeb4fe75.jpg?v=1687776126,https://cdn.shopify.com/s/files/1/0836/9167/files/violette-or-hair-colour-beserk-all-beserkstaple-clickfrenzy15-2023-cosmetics-crazy-color-discountapp-dye-fp-hair-hair-colour-hair-dye-hair-dyes-hair-products-hair-purple-labelvegan-pu_be00d5eb-2026-4be1-b555-74e83a1719f0.jpg?v=1687776128",https://www.beserk.com.au/pages/privacy-policy,https://www.beserk.com.au/pages/terms-and-conditions,https://www.beserk.com.au/pages/beserk-returns,AU,AU
9430260685,"Lilac | Hair Colour","LILAC BLUE - SHY BUT NOT RETIRING. Crazy Colour Semi-permanent bright & bold hair colour! Crazy Color Lilac combines the calm stability of blue and the fierce tone of red into a delicate pale purple. Taking it's match from the Lilac flower. Recommended for pale to platinum blonde hair for pretty pastel results. 100% Vegan and Cruelty Free! To get the best result from your Crazy Color hair dye we recommend you use it on pre-lightened hair, but it can also be used as a tint on natural hair. This dye is a semi-permanent colour which means it will fade with every wash, but should last approx 4-8 washes depending on hair condition & type. WEIGHT:  100ml INSTRUCTIONS : - Strand & sensitivity tests are always recommended before any sort of dye is applied. - Shampoo your hair with a PH neutral shampoo, don't use conditioner, towel dry your hair. - Apply Crazy Color directly while hair is still damp, spreading evenly over the hair (wear gloves). - Leave for 15/30 minutes, then rinse thoroughly until water runs clear. TIPS : - Avoid dandruff or harsh shampoos. These can strip colour like there is no tomorrow! - Use a sulphate free or color friendly shampoo & wash as little as possible. Colour will be lost after each wash so avoid over-washing! - Rinse hair with cold water, post shampooing. It closes the hair cuticles and seals in maximum colour. - Too much direct sunlight will strip all that edgy Crazy Color right out. - Avoid swimming. Chlorine is another nasty product that will strip the life and color from your lovely hair. Please Note: We recommend that you patch test any new product before its continued usage. If any redness or itching occurs do not continue use.  CRAZY COLOR",Beserk,https://www.beserk.com.au/products/lilac-hair-colour?variant=34688954637&country=AU,https://cdn.shopify.com/s/files/1/0836/9167/files/lilac-or-hair-colour-beserk-all-beserkstaple-clickfrenzy15-2023-cosmetics-crazy-color-discountapp-dye-fp-hair-hair-colour-hair-dye-hair-dyes-hair-purple-labelvegan-mermaid-pastel-goth.jpg?v=1687776107,in_stock,"16.95 AUD",,"Crazy Color",,CC055-002245,yes,new,HAIR,,,,,,,0.12,kg,"https://cdn.shopify.com/s/files/1/0836/9167/files/lilac-or-hair-colour-beserk-all-beserkstaple-clickfrenzy15-2023-cosmetics-crazy-color-discountapp-dye-fp-hair-hair-colour-hair-dye-hair-dyes-hair-purple-labelvegan-mermaid-pastel-goth_e686f133-f3be-4f3f-bf5f-f4833a18a9d8.jpg?v=1687776109,https://cdn.shopify.com/s/files/1/0836/9167/files/lilac-or-hair-colour-beserk-all-beserkstaple-clickfrenzy15-2023-cosmetics-crazy-color-discountapp-dye-fp-hair-hair-colour-hair-dye-hair-dyes-hair-purple-labelvegan-mermaid-pastel-goth_408ad513-3276-430d-b60a-4486a2d47576.jpg?v=1687776112,https://cdn.shopify.com/s/files/1/0836/9167/files/lilac-or-hair-colour-beserk-all-beserkstaple-clickfrenzy15-2023-cosmetics-crazy-color-discountapp-dye-fp-hair-hair-colour-hair-dye-hair-dyes-hair-purple-labelvegan-mermaid-pastel-goth_ec103d57-d1c1-45a4-95af-831324960816.jpg?v=1687776114,https://cdn.shopify.com/s/files/1/0836/9167/files/lilac-or-hair-colour-beserk-all-beserkstaple-clickfrenzy15-2023-cosmetics-crazy-color-discountapp-dye-fp-hair-hair-colour-hair-dye-hair-dyes-hair-purple-labelvegan-mermaid-pastel-goth_7c2d9e26-fcfb-4c4b-8aa9-be3748a0073b.jpg?v=1687776117,https://cdn.shopify.com/s/files/1/0836/9167/files/lilac-or-hair-colour-beserk-all-beserkstaple-clickfrenzy15-2023-cosmetics-crazy-color-discountapp-dye-fp-hair-hair-colour-hair-dye-hair-dyes-hair-purple-labelvegan-mermaid-pastel-goth_6682c368-239c-4219-a647-47e83bf50882.jpg?v=1687776120,https://cdn.shopify.com/s/files/1/0836/9167/files/lilac-or-hair-colour-beserk-all-beserkstaple-clickfrenzy15-2023-cosmetics-crazy-color-discountapp-dye-fp-hair-hair-colour-hair-dye-hair-dyes-hair-purple-labelvegan-mermaid-pastel-goth_4c50887e-7ef6-46d1-bdb1-591eeae99b87.jpg?v=1687776122,https://cdn.shopify.com/s/files/1/0836/9167/files/lilac-or-hair-colour-beserk-all-beserkstaple-clickfrenzy15-2023-cosmetics-crazy-color-discountapp-dye-fp-hair-hair-colour-hair-dye-hair-dyes-hair-purple-labelvegan-mermaid-pastel-goth_4706a7e9-9d9d-489d-b1a1-2fe3ebc4c6a0.jpg?v=1687776124,https://cdn.shopify.com/s/files/1/0836/9167/files/lilac-or-hair-colour-beserk-all-beserkstaple-clickfrenzy15-2023-cosmetics-crazy-color-discountapp-dye-fp-hair-hair-colour-hair-dye-hair-dyes-hair-purple-labelvegan-mermaid-pastel-goth_6e12c5bb-8fac-4815-ab48-428703cb96fd.jpg?v=1687776127,https://cdn.shopify.com/s/files/1/0836/9167/files/lilac-or-hair-colour-beserk-all-beserkstaple-clickfrenzy15-2023-cosmetics-crazy-color-discountapp-dye-fp-hair-hair-colour-hair-dye-hair-dyes-hair-purple-labelvegan-mermaid-pastel-goth_9c8a74c0-27e5-4900-8538-aa79801369c6.jpg?v=1687776129",https://www.beserk.com.au/pages/privacy-policy,https://www.beserk.com.au/pages/terms-and-conditions,https://www.beserk.com.au/pages/beserk-returns,AU,AU
9430262669,"White | Pressed Powder","These Stargazer pressed powder compacts are made from very high quality materials that have been formulated to give the greatest coverage and colour results. The powder gives great colour control and is easy to apply with the use of the included powder puff and mirror. The finish lasts all day and is not at all oily or cake like in composition. SIZE : 6 grams Please Note:  We recommend that you patch test any new product before its continued usage. If any redness or itching occurs do not continue use.  STARGAZER",Beserk,https://www.beserk.com.au/products/white-pressed-powder?variant=34688965709&country=AU,https://cdn.shopify.com/s/files/1/0836/9167/files/white-or-pressed-powder-beserk-accessories-all-beserkstaple-clickfrenzy15-2023-compact-mirror-cosmetics-cosplay-discountapp-face-fp-make-up-makeup-mirror-setting-special-fx-makeup-sta.jpg?v=1687776131,in_stock,"12.95 AUD",,Stargazer,,SGS105-063,yes,new,MAKEUP,,,,,,,0.07,kg,https://cdn.shopify.com/s/files/1/0836/9167/files/white-or-pressed-powder-beserk-accessories-all-beserkstaple-clickfrenzy15-2023-compact-mirror-cosmetics-cosplay-discountapp-face-fp-make-up-makeup-mirror-setting-special-fx-makeup-sta_8a4465a2-608e-47c5-8956-cbd53f8a960d.jpg?v=1687776133,https://www.beserk.com.au/pages/privacy-policy,https://www.beserk.com.au/pages/terms-and-conditions,https://www.beserk.com.au/pages/beserk-returns,AU,AU
9430267981,"Translucent | Pressed Powder","These Stargazer pressed powder compacts are made from very high quality materials that have been formulated to give the greatest coverage and colour results. The powder gives great colour control and is easy to apply with the use of the included powder puff and mirror. The finish lasts all day and is not at all oily or cake like in composition. SIZE : 6 grams Shop all  Powders Please Note:  We recommend that you patch test any new product before its continued usage. If any redness or itching occurs do not continue use.  STARGAZER",Beserk,https://www.beserk.com.au/products/translucent-pressed-powder?variant=34689006733&country=AU,https://cdn.shopify.com/s/files/1/0836/9167/files/translucent-or-pressed-powder-beserk-accessories-all-beserkstaple-christmas-cosmetics-clickfrenzy15-2023-compact-mirror-cosmetics-discountapp-face-fp-halloween-makeup-make-up-makeup-m.jpg?v=1687776131,out_of_stock,"12.95 AUD",,Stargazer,,SGS105-211,yes,new,MAKEUP,,,,,,,0.08,kg,https://cdn.shopify.com/s/files/1/0836/9167/files/translucent-or-pressed-powder-beserk-accessories-all-beserkstaple-christmas-cosmetics-clickfrenzy15-2023-compact-mirror-cosmetics-discountapp-face-fp-halloween-makeup-make-up-makeup-m_f9efb227-a43f-40f0-bbad-0669bbad0966.jpg?v=1687776134,https://www.beserk.com.au/pages/privacy-policy,https://www.beserk.com.au/pages/terms-and-conditions,https://www.beserk.com.au/pages/beserk-returns,AU,AU
9430272525,"Canary Yellow | Hair Colour","SUNSHINE YELLOW - HAIR PROZAC! Crazy Colour Semi-permanent bright & bold hair colour! A little bottle of sunshine - Crazy Color Canary Yellow is a true delight. A great color to use straight from the bottle on Pre-lightened or light blonde hair, it's also a great primary mixer to make your own hue! Formulated with our highly conditioning blend of ingredients that are gentle on your locks! 100% Vegan and Cruelty Free! To get the best result from your Crazy Color hair dye we recommend you use it on pre-lightened hair, but it can also be used as a tint on natural hair. This dye is a semi-permanent colour which means it will fade with every wash, but should last approx 4-8 washes depending on hair condition & type. WEIGHT:  100ml INSTRUCTIONS : - Strand & sensitivity tests are always recommended before any sort of dye is applied. - Shampoo your hair with a PH neutral shampoo, don't use conditioner, towel dry your hair. - Apply Crazy Color directly while hair is still damp, spreading evenly over the hair (wear gloves). - Leave for 15/30 minutes, then rinse thoroughly until water runs clear. TIPS : - Avoid dandruff or harsh shampoos. These can strip colour like there is no tomorrow! - Use a sulphate free or color friendly shampoo & wash as little as possible. Colour will be lost after each wash so avoid over-washing! - Rinse hair with cold water, post shampooing. It closes the hair cuticles and seals in maximum colour. - Too much direct sunlight will strip all that edgy Crazy Color right out. - Avoid swimming. Chlorine is another nasty product that will strip the life and color from your lovely hair. Please Note: We recommend that you patch test any new product before its continued usage. If any redness or itching occurs do not continue use.  CRAZY COLOR",Beserk,https://www.beserk.com.au/products/canary-yellow-hair-colour?variant=34689044685&country=AU,https://cdn.shopify.com/s/files/1/0836/9167/files/canary-yellow-or-hair-colour-beserk-all-beserkstaple-clickfrenzy15-2023-cosmetics-crazy-color-discountapp-dye-fp-hair-hair-colour-hair-dye-hair-dyes-hair-yellow-labelvegan-mermaid-pen.jpg?v=1687776152,in_stock,"16.95 AUD",,"Crazy Color",,CC049-002239,yes,new,HAIR,,,,,,,0.12,kg,"https://cdn.shopify.com/s/files/1/0836/9167/files/canary-yellow-or-hair-colour-beserk-all-beserkstaple-clickfrenzy15-2023-cosmetics-crazy-color-discountapp-dye-fp-hair-hair-colour-hair-dye-hair-dyes-hair-yellow-labelvegan-mermaid-pen_3db54006-12a2-46ee-972c-477352c476da.jpg?v=1687776154,https://cdn.shopify.com/s/files/1/0836/9167/files/canary-yellow-or-hair-colour-beserk-all-beserkstaple-clickfrenzy15-2023-cosmetics-crazy-color-discountapp-dye-fp-hair-hair-colour-hair-dye-hair-dyes-hair-yellow-labelvegan-mermaid-pen_b459237a-8c72-4efc-a7bb-d96611b4d668.jpg?v=1687776156,https://cdn.shopify.com/s/files/1/0836/9167/files/canary-yellow-or-hair-colour-beserk-all-beserkstaple-clickfrenzy15-2023-cosmetics-crazy-color-discountapp-dye-fp-hair-hair-colour-hair-dye-hair-dyes-hair-yellow-labelvegan-mermaid-pen_096eb6ec-e03b-47ce-8df5-486ae33ff574.jpg?v=1687776159,https://cdn.shopify.com/s/files/1/0836/9167/files/canary-yellow-or-hair-colour-beserk-all-beserkstaple-clickfrenzy15-2023-cosmetics-crazy-color-discountapp-dye-fp-hair-hair-colour-hair-dye-hair-dyes-hair-yellow-labelvegan-mermaid-pen_89996e35-6c8c-4dc9-b012-607d4dc602fa.jpg?v=1687776161,https://cdn.shopify.com/s/files/1/0836/9167/files/canary-yellow-or-hair-colour-beserk-all-beserkstaple-clickfrenzy15-2023-cosmetics-crazy-color-discountapp-dye-fp-hair-hair-colour-hair-dye-hair-dyes-hair-yellow-labelvegan-mermaid-pen_18adbafc-46a1-437b-8ffb-f2840841da41.jpg?v=1687776164,https://cdn.shopify.com/s/files/1/0836/9167/files/canary-yellow-or-hair-colour-beserk-all-beserkstaple-clickfrenzy15-2023-cosmetics-crazy-color-discountapp-dye-fp-hair-hair-colour-hair-dye-hair-dyes-hair-yellow-labelvegan-mermaid-pen_e88d623c-63e5-4765-9855-19dacc229690.jpg?v=1687776166,https://cdn.shopify.com/s/files/1/0836/9167/files/canary-yellow-or-hair-colour-beserk-all-beserkstaple-clickfrenzy15-2023-cosmetics-crazy-color-discountapp-dye-fp-hair-hair-colour-hair-dye-hair-dyes-hair-yellow-labelvegan-mermaid-pen_5cf62baa-7d50-4aef-a805-a0d0abd2c307.jpg?v=1687776169,https://cdn.shopify.com/s/files/1/0836/9167/files/canary-yellow-or-hair-colour-beserk-all-beserkstaple-clickfrenzy15-2023-cosmetics-crazy-color-discountapp-dye-fp-hair-hair-colour-hair-dye-hair-dyes-hair-yellow-labelvegan-mermaid-pen_7256f33d-75e3-4e72-a166-3c468997f5f8.jpg?v=1687776171,https://cdn.shopify.com/s/files/1/0836/9167/files/canary-yellow-or-hair-colour-beserk-all-beserkstaple-clickfrenzy15-2023-cosmetics-crazy-color-discountapp-dye-fp-hair-hair-colour-hair-dye-hair-dyes-hair-yellow-labelvegan-mermaid-pen_43f8ff49-f5de-4174-809c-32e5e5a2fa18.jpg?v=1687776173",https://www.beserk.com.au/pages/privacy-policy,https://www.beserk.com.au/pages/terms-and-conditions,https://www.beserk.com.au/pages/beserk-returns,AU,AU
9430272717,"Blue Moon | Classic Colour","Blue Moon  is a bright, neon, cool true blue hair dye. For the most vibrant results, we recommend lightening hair to a very light level 9 blonde or lighter, and toning hair that has yellow tones before use to avoid undesired hues. Cream Formula Semi-Permanent Hair Color. Vegan Formula colors and conditions hair. Manic Panic Hair Color is a conditioning semi-permanent hair colour fortified with a herbal & protein complex. It does not damage the hair but actually, has restorative properties adding moisture and ""fill"" to processed hair. Manic Panic contains no animal by-products, is not tested on animals & is 100% Vegan. WEIGHT : 4 fl. oz / 118ml *Photos are from the Manic Panic Website  Please Note: We recommend that you patch test any new product before its continued usage. If any redness or itching occurs do not continue use.  MANIC PANIC  Shop all  Hair Colour for Dark Hair Shop all Hair Colour for Dark Skin",Beserk,https://www.beserk.com.au/products/blue-moon-classic-colour?variant=34689044941&country=AU,https://cdn.shopify.com/s/files/1/0836/9167/files/blue-moon-or-classic-colour-beserk-all-blue-clickfrenzy15-2023-cosmetics-cpgstinc-dark-discountapp-dye-ebaymp-fp-goth-hair-blue-hair-colour-hair-dye-labelvegan-manic-panic-manic-panic.jpg?v=1687776152,in_stock,"29.95 AUD",,"Manic Panic",,MP-HCR22041,yes,new,HAIR,,Blue,,,,,0.16,kg,"https://cdn.shopify.com/s/files/1/0836/9167/files/blue-moon-or-classic-colour-beserk-all-blue-clickfrenzy15-2023-cosmetics-cpgstinc-dark-discountapp-dye-ebaymp-fp-goth-hair-blue-hair-colour-hair-dye-labelvegan-manic-panic-manic-panic_b5781ade-61c4-488d-a248-fd00292d2434.jpg?v=1687776154,https://cdn.shopify.com/s/files/1/0836/9167/files/blue-moon-or-classic-colour-beserk-all-blue-clickfrenzy15-2023-cosmetics-cpgstinc-dark-discountapp-dye-ebaymp-fp-goth-hair-blue-hair-colour-hair-dye-labelvegan-manic-panic-manic-panic_fe31c1c1-3da8-48e0-b7f4-4239d5172c9e.jpg?v=1687776157,https://cdn.shopify.com/s/files/1/0836/9167/files/blue-moon-or-classic-colour-beserk-all-blue-clickfrenzy15-2023-cosmetics-cpgstinc-dark-discountapp-dye-ebaymp-fp-goth-hair-blue-hair-colour-hair-dye-labelvegan-manic-panic-manic-panic_bb66e4f8-4d51-4206-88b9-d4c19a0ffdf3.jpg?v=1687776159,https://cdn.shopify.com/s/files/1/0836/9167/files/blue-moon-or-classic-colour-beserk-all-blue-clickfrenzy15-2023-cosmetics-cpgstinc-dark-discountapp-dye-ebaymp-fp-goth-hair-blue-hair-colour-hair-dye-labelvegan-manic-panic-manic-panic_32b89c69-6048-4ceb-89d0-702ac097e3bd.jpg?v=1687776162,https://cdn.shopify.com/s/files/1/0836/9167/files/blue-moon-or-classic-colour-beserk-all-blue-clickfrenzy15-2023-cosmetics-cpgstinc-dark-discountapp-dye-ebaymp-fp-goth-hair-blue-hair-colour-hair-dye-labelvegan-manic-panic-manic-panic_f8b0b1f1-ed44-47ca-bef9-171d1d2a2245.jpg?v=1687776164,https://cdn.shopify.com/s/files/1/0836/9167/files/blue-moon-or-classic-colour-beserk-all-blue-clickfrenzy15-2023-cosmetics-cpgstinc-dark-discountapp-dye-ebaymp-fp-goth-hair-blue-hair-colour-hair-dye-labelvegan-manic-panic-manic-panic_91eca614-f5ab-4616-af2e-02a35eb97593.jpg?v=1687776167,https://cdn.shopify.com/s/files/1/0836/9167/files/blue-moon-or-classic-colour-beserk-all-blue-clickfrenzy15-2023-cosmetics-cpgstinc-dark-discountapp-dye-ebaymp-fp-goth-hair-blue-hair-colour-hair-dye-labelvegan-manic-panic-manic-panic_df0b832d-d867-4577-8073-dc6fed56dcb4.jpg?v=1687776169",https://www.beserk.com.au/pages/privacy-policy,https://www.beserk.com.au/pages/terms-and-conditions,https://www.beserk.com.au/pages/beserk-returns,AU,AU
9430327949,"Vampire'S Kiss | Classic Colour","Lighter and warmer than both Infra Red and Vampire Red, you will shine like a bright copper penny in this romantic pink-toned red. The dye can be used as a tint, adding sparkling highlights to darker hair, or for a brighter alternative, try over bleached tresses Cream Formula Semi-Permanent Hair Color. Vegan Formula colors and conditions hair. Manic Panic Hair Color is a conditioning semi-permanent hair colour fortified with a herbal & protein complex. It does not damage the hair but actually, has restorative properties adding moisture and ""fill"" to processed hair. Manic Panic contains no animal by-products, is not tested on animals & is 100% Vegan. WEIGHT : 4 fl. oz / 118ml *Photos are from the Manic Panic Website Please Note: We recommend that you patch test any new product before its continued usage. If any redness or itching occurs do not continue use.  MANIC PANIC ",Beserk,https://www.beserk.com.au/products/vampires-kiss-classic-colour?variant=34689351373&country=AU,https://cdn.shopify.com/s/files/1/0836/9167/files/vampire-s-kiss-or-classic-colour-beserk-all-clickfrenzy15-2023-cosmetics-cpgstinc-discountapp-dye-ebaymp-fp-hair-colour-hair-dye-hair-products-hair-red-labelvegan-manic-panic-manic-pa.jpg?v=1687776179,in_stock,"29.95 AUD",,"Manic Panic",,MP-HCR11042,yes,new,HAIR,,Red,,,,,0.16,kg,"https://cdn.shopify.com/s/files/1/0836/9167/files/vampire-s-kiss-or-classic-colour-beserk-all-clickfrenzy15-2023-cosmetics-cpgstinc-discountapp-dye-ebaymp-fp-hair-colour-hair-dye-hair-products-hair-red-labelvegan-manic-panic-manic-pa_f8459172-5321-4a82-b440-6e218eb46696.jpg?v=1687776182,https://cdn.shopify.com/s/files/1/0836/9167/files/vampire-s-kiss-or-classic-colour-beserk-all-clickfrenzy15-2023-cosmetics-cpgstinc-discountapp-dye-ebaymp-fp-hair-colour-hair-dye-hair-products-hair-red-labelvegan-manic-panic-manic-pa_eba23366-bd9b-4bb7-b583-9eda1f396b55.jpg?v=1687776184,https://cdn.shopify.com/s/files/1/0836/9167/files/vampire-s-kiss-or-classic-colour-beserk-all-clickfrenzy15-2023-cosmetics-cpgstinc-discountapp-dye-ebaymp-fp-hair-colour-hair-dye-hair-products-hair-red-labelvegan-manic-panic-manic-pa_0e6d0673-3332-470f-97ef-ce259d66f157.jpg?v=1687776187,https://cdn.shopify.com/s/files/1/0836/9167/files/vampire-s-kiss-or-classic-colour-beserk-all-clickfrenzy15-2023-cosmetics-cpgstinc-discountapp-dye-ebaymp-fp-hair-colour-hair-dye-hair-products-hair-red-labelvegan-manic-panic-manic-pa_19db19d4-e3c7-4eb8-aaa4-33f2bb57b6bb.jpg?v=1687776189,https://cdn.shopify.com/s/files/1/0836/9167/files/vampire-s-kiss-or-classic-colour-beserk-all-clickfrenzy15-2023-cosmetics-cpgstinc-discountapp-dye-ebaymp-fp-hair-colour-hair-dye-hair-products-hair-red-labelvegan-manic-panic-manic-pa_740e39a6-38a6-4790-a254-553079524335.jpg?v=1687776192",https://www.beserk.com.au/pages/privacy-policy,https://www.beserk.com.au/pages/terms-and-conditions,https://www.beserk.com.au/pages/beserk-returns,AU,AU
9430469069,"Sucre Vert Absinthe Spoon | Pendant","Sucre Vert Absinthe Spoon | PENDANT Green Sugar: a miniature, wearable token of a secret life; an Alchemy absinthe spoon, signifying an existence dedicated to hedonistic pleasure and sublime aestheticism; set with large, limpid Emerald green Swarovski crystal. A wearable token from the mischievous green fairy. Derived from the classic absinthe sugar spoon, this pewter pendant is set with an emerald green Swarovski crystal. Dimensions: H: 92mm (3.62"") W: 18mm (0.71"") D: 9mm (0.35"") (Please note neck jewellery dimensions are excluding the fastenings) Materials & Origin: Designed and hand made in England incorporating *Swarovski elements and fine English pewter. (Lead, cadmium and nickel compliant). *Crystal colours are subject to availability, and may vary from the image shown. ALCHEMY GOTHIC ",Beserk,https://www.beserk.com.au/products/sucre-vert-absinthe-spoon-pendant?variant=34690209293&country=AU,https://cdn.shopify.com/s/files/1/0836/9167/files/sucre-vert-absinthe-spoon-or-pendant-beserk-accessories-ag79318-alchemy-gothic-all-clickfrenzy15-2023-discountapp-fp-gothic-gothic-accessories-gothic-gifts-green-jewellery-ladies-acce.jpg?v=1687776194,out_of_stock,"49.95 AUD",,"Alchemy Gothic",,AG-P607,yes,new,JEWELLERY,,,,,,,0.038,kg,"https://cdn.shopify.com/s/files/1/0836/9167/files/sucre-vert-absinthe-spoon-or-pendant-beserk-accessories-ag79318-alchemy-gothic-all-clickfrenzy15-2023-discountapp-fp-gothic-gothic-accessories-gothic-gifts-green-jewellery-ladies-acce_f2a3c7e0-cb27-4064-8386-90aae0171bf9.jpg?v=1687776197,https://cdn.shopify.com/s/files/1/0836/9167/files/sucre-vert-absinthe-spoon-or-pendant-beserk-accessories-ag79318-alchemy-gothic-all-clickfrenzy15-2023-discountapp-fp-gothic-gothic-accessories-gothic-gifts-green-jewellery-ladies-acce_9cccc7ae-5d4f-4348-8e81-44a5c87210ce.jpg?v=1687776199",https://www.beserk.com.au/pages/privacy-policy,https://www.beserk.com.au/pages/terms-and-conditions,https://www.beserk.com.au/pages/beserk-returns,AU,AU
9430510349,"Mesh Argyle | STOCKINGS","These Black Mesh Argyle Stockings from Music Legs are the perfect addition to your next outfit. They feature  a stunning crisscross argyle design and are perfect paired with a dress or oversized sweater! Materials:   100% Nylon SIZE CHART: HOSIERY SIZING WEIGHT ONE SIZE 40-75kgs MUSIC LEGS",Beserk,https://www.beserk.com.au/products/mesh-argyle-stockings?variant=34690392333&country=AU,https://cdn.shopify.com/s/files/1/0836/9167/files/mesh-argyle-or-stockings-beserk-all-all-clothing-black-bravenkrazy-christmas-clothing-clickfrenzy15-2023-cpgstinc-derby-hosiery-discountapp-edgy-fp-gothic-hosiery-hosiery-and-socks-la.jpg?v=1687776194,in_stock,"14.95 AUD",,"Music Legs",,ML-7137-BK,yes,new,HOSIERY,,,,,,,0.06,kg,https://cdn.shopify.com/s/files/1/0836/9167/files/mesh-argyle-or-stockings-beserk-all-all-clothing-black-bravenkrazy-christmas-clothing-clickfrenzy15-2023-cpgstinc-derby-hosiery-discountapp-edgy-fp-gothic-hosiery-hosiery-and-socks-la_421b4533-a9e4-473b-bdd5-1623b2660100.jpg?v=1687776196,https://www.beserk.com.au/pages/privacy-policy,https://www.beserk.com.au/pages/terms-and-conditions,https://www.beserk.com.au/pages/beserk-returns,AU,AU
9430673165,"Rockabilly Blue | Amplified Colour","As a potent punch of cobalt hair dye, Rockabilly Blue is not for the timid! This color is a favorite of musician and Manic Panic sponsored artist Alissa White-Gluz from Arch Enemy. Bleaching hair prior to dyeing will guarantee the purest form of the color. The Amplified formula is a semi-permanent hair color that lasts 30% longer than our High Voltage Classic color! This stronger and longer-lasting formula is available in many of our best selling shades. Cream Formula Semi-Permanent Hair Color. Vegan Formula colors and conditions hair. Manic Panic Hair Color is a conditioning semi-permanent hair color fortified with a herbal & protein complex. It does not damage the hair but actually has restorative properties adding moisture and ""fill"" to processed hair. Manic Panic contains no animal by-products, is not tested on animals & is 100% Vegan. WEIGHT : 4 fl. oz / 118ml *Photos are from the Manic Panic Website Please Note: We recommend that you patch test any new product before its continued usage. If any redness or itching occurs do not continue use.  MANIC PANIC  Shop all  Hair Colour",Beserk,https://www.beserk.com.au/products/rockabilly-blue-amplified-colour?variant=34691043725&country=AU,https://cdn.shopify.com/s/files/1/0836/9167/files/rockabilly-blue-or-amplified-colour-beserk-all-blue-clickfrenzy15-2023-cosmetics-cpgstinc-discountapp-dye-ebaymp-fp-hair-hair-blue-hair-colour-hair-dye-labelvegan-manic-panic-manic-pa.jpg?v=1687776194,out_of_stock,"34.95 AUD",,"Manic Panic",,MP-ACR71039,yes,new,HAIR,,Blue,,,,,0.14,kg,"https://cdn.shopify.com/s/files/1/0836/9167/files/rockabilly-blue-or-amplified-colour-beserk-all-blue-clickfrenzy15-2023-cosmetics-cpgstinc-discountapp-dye-ebaymp-fp-hair-hair-blue-hair-colour-hair-dye-labelvegan-manic-panic-manic-pa_b5e85222-66da-4e40-bf35-d1ffea89999a.jpg?v=1687776197,https://cdn.shopify.com/s/files/1/0836/9167/files/rockabilly-blue-or-amplified-colour-beserk-all-blue-clickfrenzy15-2023-cosmetics-cpgstinc-discountapp-dye-ebaymp-fp-hair-hair-blue-hair-colour-hair-dye-labelvegan-manic-panic-manic-pa_a7e7e255-db7d-4285-8e72-6b51c96bf733.jpg?v=1687776200,https://cdn.shopify.com/s/files/1/0836/9167/files/rockabilly-blue-or-amplified-colour-beserk-all-blue-clickfrenzy15-2023-cosmetics-cpgstinc-discountapp-dye-ebaymp-fp-hair-hair-blue-hair-colour-hair-dye-labelvegan-manic-panic-manic-pa_5954b5d2-0e41-48d5-a0f6-b29954d865c4.jpg?v=1687776202,https://cdn.shopify.com/s/files/1/0836/9167/files/rockabilly-blue-or-amplified-colour-beserk-all-blue-clickfrenzy15-2023-cosmetics-cpgstinc-discountapp-dye-ebaymp-fp-hair-hair-blue-hair-colour-hair-dye-labelvegan-manic-panic-manic-pa_6ad35e27-ae46-4ec1-9230-43cff38e4221.jpg?v=1687776205,https://cdn.shopify.com/s/files/1/0836/9167/files/rockabilly-blue-or-amplified-colour-beserk-all-blue-clickfrenzy15-2023-cosmetics-cpgstinc-discountapp-dye-ebaymp-fp-hair-hair-blue-hair-colour-hair-dye-labelvegan-manic-panic-manic-pa_6e067cae-21e6-4984-9edf-aacfeaba457f.jpg?v=1687776207,https://cdn.shopify.com/s/files/1/0836/9167/files/rockabilly-blue-or-amplified-colour-beserk-all-blue-clickfrenzy15-2023-cosmetics-cpgstinc-discountapp-dye-ebaymp-fp-hair-hair-blue-hair-colour-hair-dye-labelvegan-manic-panic-manic-pa_83891049-27b3-4b50-a171-6fd0ad84ccd9.jpg?v=1687776209",https://www.beserk.com.au/pages/privacy-policy,https://www.beserk.com.au/pages/terms-and-conditions,https://www.beserk.com.au/pages/beserk-returns,AU,AU
9430919437,"Cesare'S Veto | Stud Earring","Cesare's Veto | Stud EARRING This Alchemy earring is the C16th Cesare Borgia's Florentine solution to all political problems. Earrings are cast and hand made in fine English pewter. Ear wires are surgical steel, studs have sterling silver posts and plastic butterflies. Earrings are sold singly unless indicated in pairs. ALCHEMY GOTHIC",Beserk,https://www.beserk.com.au/products/cesares-veto-stud-earring?variant=34692005389&country=AU,https://cdn.shopify.com/s/files/1/0836/9167/files/cesare-s-veto-or-stud-earring-beserk-accessories-alchemy-gothic-all-clickfrenzy15-2023-discountapp-earrings-fp-goth-gothic-gothic-accessories-jewellery-jewelry-ladies-accessories-medi.jpg?v=1687776211,out_of_stock,"41.95 AUD",,"Alchemy Gothic",,AG-E257,yes,new,JEWELLERY,,,,,,,0.03,kg,"https://cdn.shopify.com/s/files/1/0836/9167/files/cesare-s-veto-or-stud-earring-beserk-accessories-alchemy-gothic-all-clickfrenzy15-2023-discountapp-earrings-fp-goth-gothic-gothic-accessories-jewellery-jewelry-ladies-accessories-medi_5db59e96-0e23-4645-82bd-a1aa7aa16caa.jpg?v=1687776213,https://cdn.shopify.com/s/files/1/0836/9167/files/cesare-s-veto-or-stud-earring-beserk-accessories-alchemy-gothic-all-clickfrenzy15-2023-discountapp-earrings-fp-goth-gothic-gothic-accessories-jewellery-jewelry-ladies-accessories-medi_823dea04-91a7-4526-bfca-941a8cbab936.jpg?v=1687776216",https://www.beserk.com.au/pages/privacy-policy,https://www.beserk.com.au/pages/terms-and-conditions,https://www.beserk.com.au/pages/beserk-returns,AU,AU
9430969741,"Black Rose Stud | Earrings","These earrings are the alchemical mystery personified by this impossibly rare flower. Earrings are cast and hand made in fine English pewter. Ear wires are surgical steel, studs have sterling silver posts and plastic butterflies.  Sold as a pair. ALCHEMY GOTHIC",Beserk,https://www.beserk.com.au/products/black-rose-stud-earring?variant=34692190221&country=AU,https://cdn.shopify.com/s/files/1/0836/9167/files/black-rose-stud-or-earrings-beserk-accessories-alchemy-gothic-all-black-black-rose-clickfrenzy15-2023-discountapp-earrings-fp-goth-gothic-gothic-accessories-jewellery-jewelry-ladies-a.jpg?v=1687776230,out_of_stock,"21.95 AUD",,"Alchemy Gothic",,AG-E339,yes,new,JEWELLERY,,,,unisex,,adult,0.01,kg,https://cdn.shopify.com/s/files/1/0836/9167/files/black-rose-stud-or-earrings-beserk-accessories-alchemy-gothic-all-black-black-rose-clickfrenzy15-2023-discountapp-earrings-fp-goth-gothic-gothic-accessories-jewellery-jewelry-ladies-a_5db3c839-9bb9-4ffd-b5a2-705c5d08c130.jpg?v=1687776232,https://www.beserk.com.au/pages/privacy-policy,https://www.beserk.com.au/pages/terms-and-conditions,https://www.beserk.com.au/pages/beserk-returns,AU,AU
9431107341,"White | Pro Foundation","Stargazer white Liquid foundation is perfect when you need your face to be as white as possible without caking. The rich liquid foundation gives a strong, long-lasting coverage without being heavy or chalky. The smooth creamy water based strong formula is perfect for easy application as it blends easily and can be layered so you can hides problem areas. Shake well before each use. Use only a few drops or mix with translucent foundation for natural pale look, or use more for gothic or geisha look. The hypo-allegenic formulation allows a light and even shade result with little effort.  Translucent color rich creamy foundation for normal and dry skin. Size: 34ml Not tested on animals. Made in UK Please Note:  We recommend that you patch test any new product before its continued usage. If any redness or itching occurs do not continue use.  STARGAZER Shop all Makeup Shop all White Foundation Shop all Foundation",Beserk,https://www.beserk.com.au/products/white-pro-foundation?variant=34692850701&country=AU,https://cdn.shopify.com/s/files/1/0836/9167/files/stargazer-white-pro-foundation-1_b4869eab-442f-435b-9cae-557504d7475f.png?v=1754995777,out_of_stock,"14.95 AUD",,Stargazer,,SGS104-063,yes,new,MAKEUP,,,,,,,0.08,kg,"https://cdn.shopify.com/s/files/1/0836/9167/files/stargazer-white-pro-foundation-2_b314fba0-8023-4f35-a980-cc5140424811.jpg?v=1754995784,https://cdn.shopify.com/s/files/1/0836/9167/files/stargazer-white-pro-foundation-1_b4869eab-442f-435b-9cae-557504d7475f.jpg?v=1754995784,https://cdn.shopify.com/s/files/1/0836/9167/files/stargazer-white-pro-foundation-4_be7569c1-78ff-4ec1-82cd-2fe5b0fce54f.jpg?v=1754995777,https://cdn.shopify.com/s/files/1/0836/9167/files/stargazer-white-pro-foundation-3_b21b5d6e-d718-46cb-a118-96c34941fb07.jpg?v=1754995777",https://www.beserk.com.au/pages/privacy-policy,https://www.beserk.com.au/pages/terms-and-conditions,https://www.beserk.com.au/pages/beserk-returns,AU,AU
9431114509,"Kohl Black | Eye & Lip Pencil","The Black KOHL Eye & Lip Pencil is the perfect multi-use pencil . Slay with the bold black core - sharpen extra fine for thin delicate lines, or make blunt for a smudged edgy look.  100% Cruelty-Free! Please Note:  We recommend that you patch test any new product before its continued usage. If any redness or itching occurs do not continue use.  STARGAZER Shop all  Makeup Shop all Goth Eyeliner",Beserk,https://www.beserk.com.au/products/kohl-black-eye-lip-pencil?variant=34692874317&country=AU,https://cdn.shopify.com/s/files/1/0836/9167/files/kohl-black-or-eye-and-lip-pencil-beserk-all-beserkstaple-black-christmas-cosmetics-clickfrenzy15-2023-cosmetics-discountapp-eyebrow-eyeliner-eyes-fp-goth-gothic-grunge-halloween-hallo.jpg?v=1687776246,in_stock,"7.95 AUD",,Stargazer,,SGS109-01,yes,new,MAKEUP,,,,,,,0.01,kg,"https://cdn.shopify.com/s/files/1/0836/9167/files/kohl-black-or-eye-and-lip-pencil-beserk-all-beserkstaple-black-christmas-cosmetics-clickfrenzy15-2023-cosmetics-discountapp-eyebrow-eyeliner-eyes-fp-goth-gothic-grunge-halloween-hallo_31951da9-8735-4af4-b331-1b253720b666.jpg?v=1687776248,https://cdn.shopify.com/s/files/1/0836/9167/files/kohl-black-or-eye-and-lip-pencil-beserk-all-beserkstaple-black-christmas-cosmetics-clickfrenzy15-2023-cosmetics-discountapp-eyebrow-eyeliner-eyes-fp-goth-gothic-grunge-halloween-hallo_658297a3-2443-4e97-83fb-b9a520697c1f.jpg?v=1687776251,https://cdn.shopify.com/s/files/1/0836/9167/files/kohl-black-or-eye-and-lip-pencil-beserk-all-beserkstaple-black-christmas-cosmetics-clickfrenzy15-2023-cosmetics-discountapp-eyebrow-eyeliner-eyes-fp-goth-gothic-grunge-halloween-hallo_21f9738d-ffba-4241-9ce1-2dee2f3d267a.jpg?v=1687776253,https://cdn.shopify.com/s/files/1/0836/9167/files/kohl-black-or-eye-and-lip-pencil-beserk-all-beserkstaple-black-christmas-cosmetics-clickfrenzy15-2023-cosmetics-discountapp-eyebrow-eyeliner-eyes-fp-goth-gothic-grunge-halloween-hallo_d84fce7e-41a0-4c57-803f-5e3d7c50e560.jpg?v=1687776255,https://cdn.shopify.com/s/files/1/0836/9167/files/kohl-black-or-eye-and-lip-pencil-beserk-all-beserkstaple-black-christmas-cosmetics-clickfrenzy15-2023-cosmetics-discountapp-eyebrow-eyeliner-eyes-fp-goth-gothic-grunge-halloween-hallo_64cf66af-d04b-4cb7-9e17-e87b333d9dec.jpg?v=1687776258",https://www.beserk.com.au/pages/privacy-policy,https://www.beserk.com.au/pages/terms-and-conditions,https://www.beserk.com.au/pages/beserk-returns,AU,AU
9431118029,"Siren'S Song | Classic Colour","Siren's Song is a neon blue-green hair dye that glows under black light. Siren's Song is a unique blue-green similar to a piece of sea glass washed ashore. Somewhere in between shamrock green and teal, this colour is perfect for those that want a bright aquatic shade of green for their mermaid locks. (It will look different on the hair than in the jar.) Cream Formula Semi-Permanent Hair Colour. Vegan Formula colours and conditions hair. Manic Panic Hair Colour is a conditioning semi-permanent hair colour fortified with a herbal & protein complex. It does not damage the hair but actually, has restorative properties adding moisture and ""fill"" to processed hair. Manic Panic contains no animal by-products, is not tested on animals & is 100% Vegan. WEIGHT: 4 fl. oz / 118ml *Photos are from the Manic Panic Website Please Note: We recommend that you patch test any new product before its continued usage. If any redness or itching occurs do not continue use.  MANIC PANIC ",Beserk,https://www.beserk.com.au/products/sirens-song-classic-colour?variant=34692884813&country=AU,https://cdn.shopify.com/s/files/1/0836/9167/files/siren-s-song-or-classic-colour-beserk-420sale-all-clickfrenzy15-2023-cosmetics-cpgstinc-discountapp-dye-ebaymp-fp-green-hair-hair-colour-hair-dye-hair-green-hair-turquoise-labeluvreac.jpg?v=1687776246,in_stock,"29.95 AUD",,"Manic Panic",,MP-HCR11049,yes,new,HAIR,,Green,,,,,0.16,kg,"https://cdn.shopify.com/s/files/1/0836/9167/files/siren-s-song-or-classic-colour-beserk-420sale-all-clickfrenzy15-2023-cosmetics-cpgstinc-discountapp-dye-ebaymp-fp-green-hair-hair-colour-hair-dye-hair-green-hair-turquoise-labeluvreac_053e6a43-e46c-40fb-8698-f63a1557a16c.jpg?v=1687776249,https://cdn.shopify.com/s/files/1/0836/9167/files/siren-s-song-or-classic-colour-beserk-420sale-all-clickfrenzy15-2023-cosmetics-cpgstinc-discountapp-dye-ebaymp-fp-green-hair-hair-colour-hair-dye-hair-green-hair-turquoise-labeluvreac_9223fb2f-84b6-471e-a010-56644c512924.jpg?v=1687776251,https://cdn.shopify.com/s/files/1/0836/9167/files/siren-s-song-or-classic-colour-beserk-420sale-all-clickfrenzy15-2023-cosmetics-cpgstinc-discountapp-dye-ebaymp-fp-green-hair-hair-colour-hair-dye-hair-green-hair-turquoise-labeluvreac_2bfb7426-c274-475b-95f7-e74e8f0930e2.jpg?v=1687776254,https://cdn.shopify.com/s/files/1/0836/9167/files/siren-s-song-or-classic-colour-beserk-420sale-all-clickfrenzy15-2023-cosmetics-cpgstinc-discountapp-dye-ebaymp-fp-green-hair-hair-colour-hair-dye-hair-green-hair-turquoise-labeluvreac_9891e950-69bc-4385-8f5b-0437121e34b2.jpg?v=1687776256,https://cdn.shopify.com/s/files/1/0836/9167/files/siren-s-song-or-classic-colour-beserk-420sale-all-clickfrenzy15-2023-cosmetics-cpgstinc-discountapp-dye-ebaymp-fp-green-hair-hair-colour-hair-dye-hair-green-hair-turquoise-labeluvreac_f1165896-fb0d-49e7-9e59-72f217aa7156.jpg?v=1687776258,https://cdn.shopify.com/s/files/1/0836/9167/files/siren-s-song-or-classic-colour-beserk-420sale-all-clickfrenzy15-2023-cosmetics-cpgstinc-discountapp-dye-ebaymp-fp-green-hair-hair-colour-hair-dye-hair-green-hair-turquoise-labeluvreac_2f4136c9-38ac-4d67-a2cf-68156d5bdedc.jpg?v=1687776261",https://www.beserk.com.au/pages/privacy-policy,https://www.beserk.com.au/pages/terms-and-conditions,https://www.beserk.com.au/pages/beserk-returns,AU,AU
9433012685,"Compact Dual | Pencil Sharpener","A Compact Dual Pencil Sharpener with large and normal size pencil holes to sharpen eye and lip pencils, brow pencils and eye shadow pens. There is a small tool for removing trapped clippings included and the sharpener is stored in a protective plastic cover. Please Note:  We recommend that you patch test any new product before its continued usage. If any redness or itching occurs do not continue use.  STARGAZER",Beserk,https://www.beserk.com.au/products/compact-dual-pencil-sharpener?variant=34701479181&country=AU,https://cdn.shopify.com/s/files/1/0836/9167/files/compact-dual-or-pencil-sharpener-beserk-all-beserkstaple-black-brushes-and-tools-clickfrenzy15-2023-cosmetics-discountapp-eyes-fp-home-homewares-office-office-and-stationery-stargazer.jpg?v=1687776263,in_stock,"4.95 AUD",,Stargazer,,SGS162F,yes,new,MAKEUP,,,,,,,0.01,kg,https://cdn.shopify.com/s/files/1/0836/9167/files/compact-dual-or-pencil-sharpener-beserk-all-beserkstaple-black-brushes-and-tools-clickfrenzy15-2023-cosmetics-discountapp-eyes-fp-home-homewares-office-office-and-stationery-stargazer_9c2f257a-d198-474a-8ca8-17929c821c4e.jpg?v=1687776265,https://www.beserk.com.au/pages/privacy-policy,https://www.beserk.com.au/pages/terms-and-conditions,https://www.beserk.com.au/pages/beserk-returns,AU,AU
9433115661,"Tea Rex | Giant Mug","Tea Rex roars into your morning routine with 900ml of pure dinosaur-powered caffeine.  This cheeky mug channels Jurassic Park vibes with a bold parody design that'll make every sip feel prehistoric. Dimensions: 110mm wide × 125mm high Hand wash only — keep this dino legend away from the dishwasher.  Perfect for tea lovers, coffee fiends, and anyone who appreciates a good prehistoric pun.",Beserk,https://www.beserk.com.au/products/tea-rex-giant-mug?variant=34701999501&country=AU,https://cdn.shopify.com/s/files/1/0836/9167/files/homewares-tea-rex-giant-mug-1.jpg?v=1689424128,in_stock,"14.95 AUD",,Homewares,,M-RO-GCM/TR,yes,new,"HOME ADDITIONS",,,,,,,0.91,kg,https://cdn.shopify.com/s/files/1/0836/9167/files/homewares-tea-rex-giant-mug-2.jpg?v=1689424128,https://www.beserk.com.au/pages/privacy-policy,https://www.beserk.com.au/pages/terms-and-conditions,https://www.beserk.com.au/pages/beserk-returns,AU,AU
9433151885,"Salem  | WALLET","It's Bat Country! A colony of bats flies across this black wallet with a scalloped batwing top panel. With sections for cash, card, and change, this wallet is both fashionable and functional. - Black wallet - White Embroidered bat design - Zip closure SIZE:  Length: 19cm, Height: 10cm, Depth: 2.5cm MATERIAL:  100% PVC BANNED ALTERNATIVE",Beserk,https://www.beserk.com.au/products/salem-bat-white-black-wallet?variant=34702285965&country=AU,https://cdn.shopify.com/s/files/1/0836/9167/products/142262136301-06_banned-1119.jpg?v=1663212759,in_stock,"34.95 AUD",,"Banned Alternative",,,no,new,WALLET,,,,,,,0.165,kg,"https://cdn.shopify.com/s/files/1/0836/9167/products/wallet_salem_white_1.jpg?v=1663212784,https://cdn.shopify.com/s/files/1/0836/9167/products/Banned_Apparel_Salem_inside2_60fdf464-c7b4-48a0-99b1-a97f26b11814.JPG?v=1663212759",https://www.beserk.com.au/pages/privacy-policy,https://www.beserk.com.au/pages/terms-and-conditions,https://www.beserk.com.au/pages/beserk-returns,AU,AU
9433151949,"Salem Bat [Purple/Black] | Wallet","Bat's all, folks! A colony of bats flies across this black wallet with a scalloped batwing top panel. With sections for cash, card, and change, this wallet is both fashionable and functional. - Black wallet - Embroidered bat design - Zip closure SIZE:  Length: 19cm, Height: 10cm, Depth: 2.5cm MATERIAL:  100% PVC BANNED ALTERNATIVE ~ LOST QUEEN",Beserk,https://www.beserk.com.au/products/salem-bat-purple-black-wallet?variant=34702286861&country=AU,https://cdn.shopify.com/s/files/1/0836/9167/files/salem-bat-purpleblack-or-wallet-beserk-accessories-all-banned-apparel-bat-bats-black-chain-clickfrenzy15-2023-discountapp-fp-gothic-gothic-accessories-handbags-and-purses-pricematched.jpg?v=1687776280,in_stock,"34.95 AUD",,"Banned Alternative",,BA-WBN1430-PU,yes,new,BAGS,,,,,,,0.165,kg,"https://cdn.shopify.com/s/files/1/0836/9167/files/salem-bat-purpleblack-or-wallet-beserk-accessories-all-banned-apparel-bat-bats-black-chain-clickfrenzy15-2023-discountapp-fp-gothic-gothic-accessories-handbags-and-purses-pricematched_c7156e40-22a3-4987-9e57-0ea96f2125bf.jpg?v=1687776282,https://cdn.shopify.com/s/files/1/0836/9167/files/salem-bat-purpleblack-or-wallet-beserk-accessories-all-banned-apparel-bat-bats-black-chain-clickfrenzy15-2023-discountapp-fp-gothic-gothic-accessories-handbags-and-purses-pricematched_966209cf-bccb-4684-ac59-a4da395471d1.jpg?v=1687776284",https://www.beserk.com.au/pages/privacy-policy,https://www.beserk.com.au/pages/terms-and-conditions,https://www.beserk.com.au/pages/beserk-returns,AU,AU
9433166797,"Black | Liquid Eye Liner","The highly pigmented liquid formula delivers a bold eye look that is smudge-proof, flake-proof and smear-proof and with no mess or excess. Use the liner for intense definition, the thin brush supplies smooth, even lines for lasting intensity with rich colour. Weight: 23gr Please Note:  We recommend that you patch test any new product before its continued usage. If any redness or itching occurs do not continue use.  STARGAZER",Beserk,https://www.beserk.com.au/products/black-liquid-eye-liner?variant=34702379341&country=AU,https://cdn.shopify.com/s/files/1/0836/9167/files/black-or-liquid-eye-liner-beserk-all-beserkstaple-black-christmas-cosmetics-clickfrenzy15-2023-cosmetics-cosplay-discountapp-eyeliner-eyes-fp-gothic-halloween-makeup-liner-make-up-mak.jpg?v=1687776280,in_stock,"9.95 AUD","8.95 AUD",Stargazer,,SGS108B-BK,yes,new,MAKEUP,,,,,,,0.02,kg,"https://cdn.shopify.com/s/files/1/0836/9167/files/black-or-liquid-eye-liner-beserk-all-beserkstaple-black-christmas-cosmetics-clickfrenzy15-2023-cosmetics-cosplay-discountapp-eyeliner-eyes-fp-gothic-halloween-makeup-liner-make-up-mak_444bfccd-133b-41d1-bd17-17c2967fc049.jpg?v=1687776282,https://cdn.shopify.com/s/files/1/0836/9167/files/black-or-liquid-eye-liner-beserk-all-beserkstaple-black-christmas-cosmetics-clickfrenzy15-2023-cosmetics-cosplay-discountapp-eyeliner-eyes-fp-gothic-halloween-makeup-liner-make-up-mak_aabd2d89-83f3-40fc-b979-b1f0ba4bc82d.jpg?v=1687776284",https://www.beserk.com.au/pages/privacy-policy,https://www.beserk.com.au/pages/terms-and-conditions,https://www.beserk.com.au/pages/beserk-returns,AU,AU
9433168909,"White | Liquid Eye Liner","The highly pigmented liquid formula delivers a bold eye look that is smudge-proof, flake-proof and smear-proof and with no mess or excess. Use the liner for intense definition, the thin brush supplies smooth, even lines for lasting intensity with rich colour. Weight: 23g Please Note:  We recommend that you patch test any new product before its continued usage. If any redness or itching occurs do not continue use.  STARGAZER",Beserk,https://www.beserk.com.au/products/white-liquid-eye-liner?variant=34702383373&country=AU,https://cdn.shopify.com/s/files/1/0836/9167/files/white-or-liquid-eye-liner-beserk-all-beserkstaple-christmas-cosmetics-clickfrenzy15-2023-cosmetics-discountapp-eyeliner-eyes-fp-halloween-makeup-liner-liquid-eyeliner-make-up-makeup-s.jpg?v=1687776280,out_of_stock,"9.95 AUD",,Stargazer,,SGS108B-WH,yes,new,MAKEUP,,,,,,,0.023,kg,,https://www.beserk.com.au/pages/privacy-policy,https://www.beserk.com.au/pages/terms-and-conditions,https://www.beserk.com.au/pages/beserk-returns,AU,AU
9433170125,"Purple | Semi-Permanent Eye Liner","This Semi-Permanent Eye Liner from Stargazer is long-lasting, waterproof, and easy to apply! Perfect for dramatic eye looks or everyday goth. FEATURES: - Waterproof and Smudge-Proof - Long-Lasting (Up to 24 Hours) - Pigmented Bold Colour - Precision Tip for Thin or Thick Lines - Reversible Felt Tip Nib - Easy Removal with Oil-Based Make-up Remover Wt.: 10g 100% Vegan & Cruelty-Free! Please Note:  We recommend that you patch test any new product before its continued usage. If any redness or itching occurs do not continue use.  STARGAZER Shop all  Goth Eyeliner",Beserk,https://www.beserk.com.au/products/purple-semi-permanent-eye-liner?variant=34702393805&country=AU,https://cdn.shopify.com/s/files/1/0836/9167/files/purple-or-semi-permanent-eye-liner-beserk-all-beserkstaple-clickfrenzy15-2023-cosmetics-discountapp-eye-eyeliner-eyes-fp-goth-gothic-halloween-labelvegan-liner-make-up-makeup-purple-s.jpg?v=1687776287,in_stock,"10.95 AUD",,Stargazer,,SGS169A-05,yes,new,MAKEUP,,,,,,,0.02,kg,"https://cdn.shopify.com/s/files/1/0836/9167/files/purple-or-semi-permanent-eye-liner-beserk-all-beserkstaple-clickfrenzy15-2023-cosmetics-discountapp-eye-eyeliner-eyes-fp-goth-gothic-halloween-labelvegan-liner-make-up-makeup-purple-s_ec76414e-5ff0-41c5-88ce-1fa3e05522f8.jpg?v=1687776289,https://cdn.shopify.com/s/files/1/0836/9167/files/purple-or-semi-permanent-eye-liner-beserk-all-beserkstaple-clickfrenzy15-2023-cosmetics-discountapp-eye-eyeliner-eyes-fp-goth-gothic-halloween-labelvegan-liner-make-up-makeup-purple-s_35b32a79-8dfe-4ecd-a1ab-7357a5d17edb.jpg?v=1687776291",https://www.beserk.com.au/pages/privacy-policy,https://www.beserk.com.au/pages/terms-and-conditions,https://www.beserk.com.au/pages/beserk-returns,AU,AU
9433170829,"Black | Lipstick","Stargazer lipsticks are available in a large spectrum of gorgeous highly pigmented shades and finishes anywhere from hot pink lips, luscious red lips to rebellious Black lips. The Stargazer black lipstick is comfortable to wear, easy to apply and long lasting! 100% Cruelty-Free! Net Weight: 45g Please Note: We recommend that you patch test any new product before its continued usage. If any redness or itching occurs do not continue use.  STARGAZER Shop all  Makeup",Beserk,https://www.beserk.com.au/products/black-lipstick?variant=34702403085&country=AU,https://cdn.shopify.com/s/files/1/0836/9167/files/black-or-lipstick-beserk-all-beserkstaple-black-clickfrenzy15-2023-cosmetics-discountapp-fp-goth-gothic-grunge-halloween-halloween-cosmetics-halloween-makeup-lip-lips-lipstick-make-up.jpg?v=1687776287,in_stock,"8.95 AUD",,Stargazer,,SGS107-110,yes,new,MAKEUP,,,,,,,0.03,kg,"https://cdn.shopify.com/s/files/1/0836/9167/files/black-or-lipstick-beserk-all-beserkstaple-black-clickfrenzy15-2023-cosmetics-discountapp-fp-goth-gothic-grunge-halloween-halloween-cosmetics-halloween-makeup-lip-lips-lipstick-make-up_26f56328-dc3f-406a-b6ff-85c054d33258.jpg?v=1687776289,https://cdn.shopify.com/s/files/1/0836/9167/files/black-or-lipstick-beserk-all-beserkstaple-black-clickfrenzy15-2023-cosmetics-discountapp-fp-goth-gothic-grunge-halloween-halloween-cosmetics-halloween-makeup-lip-lips-lipstick-make-up_e31e37ea-b67a-4cdc-bee1-9f5b7bd738cc.jpg?v=1687776291,https://cdn.shopify.com/s/files/1/0836/9167/files/black-or-lipstick-beserk-all-beserkstaple-black-clickfrenzy15-2023-cosmetics-discountapp-fp-goth-gothic-grunge-halloween-halloween-cosmetics-halloween-makeup-lip-lips-lipstick-make-up_8125b23a-9111-4756-863e-ac61c726534a.jpg?v=1687776293",https://www.beserk.com.au/pages/privacy-policy,https://www.beserk.com.au/pages/terms-and-conditions,https://www.beserk.com.au/pages/beserk-returns,AU,AU
9433172109,"Midnight Black | Semi-Permanent Eye Liner","This Semi-Permanent Eye Liner from Stargazer is long-lasting, waterproof, and easy to apply! Perfect for dramatic eye looks or everyday goth. FEATURES: - Waterproof and Smudge-Proof - Long-Lasting (Up to 24 Hours) - Pigmented Bold Colour - Precision Tip for Thin or Thick Lines - Reversible Felt Tip Nib - Easy Removal with Oil-Based Make-up Remover Wt.:   10g 100% Vegan & Cruelty-Free! Please Note:  We recommend that you patch test any new product before its continued usage. If any redness or itching occurs do not continue use.  STARGAZER Shop all  Makeup Shop all  Goth Eyeliner",Beserk,https://www.beserk.com.au/products/midnight-black-semi-permanent-eye-liner?variant=34702410061&country=AU,https://cdn.shopify.com/s/files/1/0836/9167/files/midnight-black-or-semi-permanent-eye-liner-beserk-all-beserkstaple-black-christmas-cosmetics-clickfrenzy15-2023-cosmetics-cosplay-discountapp-eyeliner-eyes-fp-goth-gothic-grunge-hallo.jpg?v=1687776287,in_stock,"10.95 AUD",,Stargazer,,SGS169A-01,yes,new,MAKEUP,,,,,,,0.02,kg,"https://cdn.shopify.com/s/files/1/0836/9167/files/midnight-black-or-semi-permanent-eye-liner-beserk-all-beserkstaple-black-christmas-cosmetics-clickfrenzy15-2023-cosmetics-cosplay-discountapp-eyeliner-eyes-fp-goth-gothic-grunge-hallo_96812b0b-5bd0-4341-b3ff-87910ed0d7af.jpg?v=1687776289,https://cdn.shopify.com/s/files/1/0836/9167/files/midnight-black-or-semi-permanent-eye-liner-beserk-all-beserkstaple-black-christmas-cosmetics-clickfrenzy15-2023-cosmetics-cosplay-discountapp-eyeliner-eyes-fp-goth-gothic-grunge-hallo_fe8bba53-b563-45ee-814e-8bc1ec627a99.jpg?v=1687776291",https://www.beserk.com.au/pages/privacy-policy,https://www.beserk.com.au/pages/terms-and-conditions,https://www.beserk.com.au/pages/beserk-returns,AU,AU
9433220813,"Glitter Fix | Gel","Glitter Fix Gel Quick drying Glitter Fix Gel is used for applying glitter and glitter stars to the face and body. Use the small sponge wand to apply the gel and then add glitter for a perfect fix! This product is safe for use around the eyes. How To Use: Apply this gel and sprinkle glitter over to keep it in place. Gives a great looking finish! Wash off with soap or make up remover. Contains: 2.9ml 100% Vegan & Cruelty-Free! Please Note:  We recommend that you patch test any new product before its continued usage. If any redness or itching occurs do not continue use.  STARGAZER",Beserk,https://www.beserk.com.au/products/glitter-fix-gel?variant=34702718413&country=AU,https://cdn.shopify.com/s/files/1/0836/9167/files/glitter-fix-or-gel-beserk-all-beserkstaple-body-brushes-and-tools-christmas-cosmetics-clickfrenzy15-2023-cosmetic-glitter-cosmetics-discountapp-fp-glitter-halloween-makeup-labelvegan.jpg?v=1687776296,in_stock,"4.95 AUD",,Stargazer,,SGS162H-GliFix,yes,new,MAKEUP,,,,,,,0.005,kg,,https://www.beserk.com.au/pages/privacy-policy,https://www.beserk.com.au/pages/terms-and-conditions,https://www.beserk.com.au/pages/beserk-returns,AU,AU
9433235853,"Apple Green | Hair Colour","Apple Green is the ideal deep colour for creating styles that are sweet, shiny and utterly irresistible. Soft, silky hair never goes out of style. That’s why all Directions colours contain a conditioning formula that nourishes hair from first application. All Directions colours can be mixed with each other to create your own unique shade! 100% Vegan & Cruelty-Free! Weight:  100ml Please Note:   For vibrant results the colour should be used on bleached or pre lightened hair, or can be used on untreated hair to achieve a subtle tint. Instructions: - Always carry out a patch test on your skin first - Wash your hair and towel dry - Apply dye to your hair, spreading evenly with a tint brush or comb - Allow to develop for around 20 - 45 mins - Rinse out dye until the water starts to run clear DIRECTIONS",Beserk,https://www.beserk.com.au/products/apple-green-hair-colour?variant=34702809293&country=AU,https://cdn.shopify.com/s/files/1/0836/9167/files/directions-apple-green-hair-colour-1.jpg?v=1746740423,in_stock,"13.95 AUD",,Directions,,DIR-APPLE-GREEN-100,yes,new,HAIR,,Green,,unisex,,,0.135,kg,"https://cdn.shopify.com/s/files/1/0836/9167/files/apple-green-or-hair-colour-beserk-420sale-all-beserkstaple-clickfrenzy15-2023-cosmetics-directions-discountapp-dye-fp-green-hair-hair-colour-hair-dye-hair-green-labelvegan-mermaid-rai_596308ab-cfd1-4f67-a22e-8e1591fb1e20.jpg?v=1746740423,https://cdn.shopify.com/s/files/1/0836/9167/files/apple-green-or-hair-colour-beserk-420sale-all-beserkstaple-clickfrenzy15-2023-cosmetics-directions-discountapp-dye-fp-green-hair-hair-colour-hair-dye-hair-green-labelvegan-mermaid-rai_2c5df710-59c9-46a4-9399-d5aeed0c2ea1.jpg?v=1746740423,https://cdn.shopify.com/s/files/1/0836/9167/files/apple-green-or-hair-colour-beserk-420sale-all-beserkstaple-clickfrenzy15-2023-cosmetics-directions-discountapp-dye-fp-green-hair-hair-colour-hair-dye-hair-green-labelvegan-mermaid-rai_9344645f-7bb4-4890-a2db-d9a752f35484.jpg?v=1746740423,https://cdn.shopify.com/s/files/1/0836/9167/files/apple-green-or-hair-colour-beserk-420sale-all-beserkstaple-clickfrenzy15-2023-cosmetics-directions-discountapp-dye-fp-green-hair-hair-colour-hair-dye-hair-green-labelvegan-mermaid-rai_baa4a1dd-6ef0-43a0-9772-f7f2c90466af.jpg?v=1746740423,https://cdn.shopify.com/s/files/1/0836/9167/files/directions-brand-1_a2c93b6a-3e49-470e-a4f5-5ea59fbf4228.jpg?v=1775889625,https://cdn.shopify.com/s/files/1/0836/9167/files/directions-brand-2_bae8ee13-a16d-4def-a015-fcb5d5bd7f44.jpg?v=1775889627,https://cdn.shopify.com/s/files/1/0836/9167/files/directions-brand-3_90a267d5-21a8-45fe-a3a6-9f6726d2b1fb.jpg?v=1775889630,https://cdn.shopify.com/s/files/1/0836/9167/files/directions-apple-green-hero.jpg?v=1775894457",https://www.beserk.com.au/pages/privacy-policy,https://www.beserk.com.au/pages/terms-and-conditions,https://www.beserk.com.au/pages/beserk-returns,AU,AU
9433235917,"Alpine Green | Hair Colour","This deep green is just the shade for those who love to shout about their strong hair colour from the tree-tops. Soft, silky hair never goes out of style. That’s why all Directions colours contain a conditioning formula that nourishes hair from first application. All Directions colours can be mixed with each other to create your own unique shade! 100% Vegan & Cruelty-Free! Weight:  100ml Please Note:   For vibrant results the colour should be used on bleached or pre lightened hair, or can be used on untreated hair to achieve a subtle tint. Instructions: - Always carry out a patch test on your skin first - Wash your hair and towel dry - Apply dye to your hair, spreading evenly with a tint brush or comb - Allow to develop for around 20 - 45 mins - Rinse out dye until the water starts to run clear DIRECTIONS",Beserk,https://www.beserk.com.au/products/alpine-green-hair-colour?variant=34702809357&country=AU,https://cdn.shopify.com/s/files/1/0836/9167/files/directions-alpine-green-hair-colour-1.jpg?v=1746740419,out_of_stock,"13.95 AUD",,Directions,,DIR-ALPINE-GREEN-100,yes,new,HAIR,,,,unisex,,,0.135,kg,"https://cdn.shopify.com/s/files/1/0836/9167/files/alpine-green-or-hair-colour-beserk-420sale-all-beserkstaple-clickfrenzy15-2023-cosmetics-directions-discountapp-dye-fp-goth-green-hair-hair-colour-hair-dye-hair-green-labelvegan-merma_ab765113-cb4d-4b5a-aad8-3984f8c5af68.jpg?v=1746740419,https://cdn.shopify.com/s/files/1/0836/9167/files/alpine-green-or-hair-colour-beserk-420sale-all-beserkstaple-clickfrenzy15-2023-cosmetics-directions-discountapp-dye-fp-goth-green-hair-hair-colour-hair-dye-hair-green-labelvegan-merma_2acafcdb-645e-495e-9742-e4204a4dbacf.jpg?v=1746740419,https://cdn.shopify.com/s/files/1/0836/9167/files/alpine-green-or-hair-colour-beserk-420sale-all-beserkstaple-clickfrenzy15-2023-cosmetics-directions-discountapp-dye-fp-goth-green-hair-hair-colour-hair-dye-hair-green-labelvegan-merma_e09f17d3-7748-46c5-8427-1d47fd5c27bc.jpg?v=1746740419,https://cdn.shopify.com/s/files/1/0836/9167/files/alpine-green-or-hair-colour-beserk-420sale-all-beserkstaple-clickfrenzy15-2023-cosmetics-directions-discountapp-dye-fp-goth-green-hair-hair-colour-hair-dye-hair-green-labelvegan-merma_dcf099e6-d994-466e-94c1-14e744646657.jpg?v=1746740419,https://cdn.shopify.com/s/files/1/0836/9167/files/directions-brand-1_7634e246-02c8-4508-9719-b1f21a6c1bbb.jpg?v=1775889591,https://cdn.shopify.com/s/files/1/0836/9167/files/directions-brand-2_2c40d8e4-cb9e-4460-9fa9-ffc2774b0edd.jpg?v=1775889593,https://cdn.shopify.com/s/files/1/0836/9167/files/directions-brand-3_49b52575-d36a-4b16-9e0d-56dc7536a728.jpg?v=1775889595,https://cdn.shopify.com/s/files/1/0836/9167/files/directions-alpine-green-hero.jpg?v=1775894446",https://www.beserk.com.au/pages/privacy-policy,https://www.beserk.com.au/pages/terms-and-conditions,https://www.beserk.com.au/pages/beserk-returns,AU,AU
9433240909,"Apricot | Hair Colour","A golden colour to make your mouth water and red undertones to match those peak-summer vibes, our energetic Apricot leaves hair looking luscious, lively and bursting with flavour. Soft, silky hair never goes out of style. That’s why all Directions colours contain a conditioning formula that nourishes hair from first application. All Directions colours can be mixed with each other to create your own unique shade! 100% Vegan & Cruelty-Free! Weight:  100ml Please Note:   For vibrant results the colour should be used on bleached or pre lightened hair, or can be used on untreated hair to achieve a subtle tint. Instructions: - Always carry out a patch test on your skin first - Wash your hair and towel dry - Apply dye to your hair, spreading evenly with a tint brush or comb - Allow to develop for around 20 - 45 mins - Rinse out dye until the water starts to run clear DIRECTIONS",Beserk,https://www.beserk.com.au/products/apricot-hair-colour?variant=34702833229&country=AU,https://cdn.shopify.com/s/files/1/0836/9167/files/directions-apricot-hair-colour-1.jpg?v=1746740352,in_stock,"13.95 AUD",,Directions,,DIR-APRICOT-100,yes,new,HAIR,,,,unisex,,,0.135,kg,"https://cdn.shopify.com/s/files/1/0836/9167/files/apricot-or-hair-colour-beserk-all-beserkstaple-clickfrenzy15-2023-cosmetics-directions-discountapp-dye-fp-hair-hair-colour-hair-dye-hair-orange-labelvegan-orange-peach-rainbow-vegan-2.jpg?v=1746740352,https://cdn.shopify.com/s/files/1/0836/9167/files/apricot-or-hair-colour-beserk-all-beserkstaple-clickfrenzy15-2023-cosmetics-directions-discountapp-dye-fp-hair-hair-colour-hair-dye-hair-orange-labelvegan-orange-peach-rainbow-vegan-3.jpg?v=1746740352,https://cdn.shopify.com/s/files/1/0836/9167/files/apricot-or-hair-colour-beserk-all-beserkstaple-clickfrenzy15-2023-cosmetics-directions-discountapp-dye-fp-hair-hair-colour-hair-dye-hair-orange-labelvegan-orange-peach-rainbow-vegan-4.jpg?v=1746740352,https://cdn.shopify.com/s/files/1/0836/9167/files/apricot-or-hair-colour-beserk-all-beserkstaple-clickfrenzy15-2023-cosmetics-directions-discountapp-dye-fp-hair-hair-colour-hair-dye-hair-orange-labelvegan-orange-peach-rainbow-vegan-5.jpg?v=1746740352,https://cdn.shopify.com/s/files/1/0836/9167/files/directions-brand-1_cc808cd3-237c-4d74-8db0-4b419487d753.jpg?v=1775889692,https://cdn.shopify.com/s/files/1/0836/9167/files/directions-brand-2_3672753f-8020-47ba-9289-44c9200b523f.jpg?v=1775889695,https://cdn.shopify.com/s/files/1/0836/9167/files/directions-brand-3_83316c62-7aba-4f3e-bb05-57dd9a56670f.jpg?v=1775889697,https://cdn.shopify.com/s/files/1/0836/9167/files/directions-apricot-hero.jpg?v=1775894463",https://www.beserk.com.au/pages/privacy-policy,https://www.beserk.com.au/pages/terms-and-conditions,https://www.beserk.com.au/pages/beserk-returns,AU,AU
9433241037,"Atlantic Blue | Hair Colour","Taking inspiration from the depths of the ocean, Atlantic Blue recreates the shimmering tones of the open seas. This colour transforms locks into beautiful rolling waves. Soft, silky hair never goes out of style. That’s why all Directions colours contain a conditioning formula that nourishes hair from first application. All Directions colours can be mixed with each other to create your own unique shade! 100% Vegan & Cruelty-Free! Weight:  100ml Please Note:   For vibrant results the colour should be used on bleached or pre lightened hair, or can be used on untreated hair to achieve a subtle tint. Instructions: - Always carry out a patch test on your skin first - Wash your hair and towel dry - Apply dye to your hair, spreading evenly with a tint brush or comb - Allow to develop for around 20 - 45 mins - Rinse out dye until the water starts to run clear DIRECTIONS",Beserk,https://www.beserk.com.au/products/atlantic-blue-hair-colour?variant=34702833421&country=AU,https://cdn.shopify.com/s/files/1/0836/9167/files/directions-atlantic-blue-hair-colour-1.jpg?v=1746740426,out_of_stock,"13.95 AUD",,Directions,,DIR-ATLANTIC-BLUE-100,yes,new,HAIR,,,,unisex,,,0.135,kg,"https://cdn.shopify.com/s/files/1/0836/9167/files/atlantic-blue-or-hair-colour-beserk-all-beserkstaple-blue-clickfrenzy15-2023-cosmetics-directions-discountapp-dye-fp-hair-hair-blue-hair-colour-hair-dye-labelvegan-vegan-2.jpg?v=1746740426,https://cdn.shopify.com/s/files/1/0836/9167/files/atlantic-blue-or-hair-colour-beserk-all-beserkstaple-blue-clickfrenzy15-2023-cosmetics-directions-discountapp-dye-fp-hair-hair-blue-hair-colour-hair-dye-labelvegan-vegan-3.jpg?v=1746740426,https://cdn.shopify.com/s/files/1/0836/9167/files/atlantic-blue-or-hair-colour-beserk-all-beserkstaple-blue-clickfrenzy15-2023-cosmetics-directions-discountapp-dye-fp-hair-hair-blue-hair-colour-hair-dye-labelvegan-vegan-4.jpg?v=1746740426,https://cdn.shopify.com/s/files/1/0836/9167/files/atlantic-blue-or-hair-colour-beserk-all-beserkstaple-blue-clickfrenzy15-2023-cosmetics-directions-discountapp-dye-fp-hair-hair-blue-hair-colour-hair-dye-labelvegan-vegan-5.jpg?v=1746740426,https://cdn.shopify.com/s/files/1/0836/9167/files/directions-atlantic-blue-supplier-1.jpg?v=1775889359,https://cdn.shopify.com/s/files/1/0836/9167/files/directions-atlantic-blue-supplier-2.jpg?v=1775889361,https://cdn.shopify.com/s/files/1/0836/9167/files/directions-atlantic-blue-supplier-3.jpg?v=1775889363,https://cdn.shopify.com/s/files/1/0836/9167/files/directions-atlantic-blue-supplier-4.jpg?v=1775889365,https://cdn.shopify.com/s/files/1/0836/9167/files/directions-atlantic-blue-supplier-5.jpg?v=1775889367",https://www.beserk.com.au/pages/privacy-policy,https://www.beserk.com.au/pages/terms-and-conditions,https://www.beserk.com.au/pages/beserk-returns,AU,AU
9433241101,"Cerise | Hair Colour","As iconic as it looks, this strong, deep pink will leave a lasting-impression on anyone who sees it, wears it and can’t live without it. Soft, silky hair never goes out of style. That’s why all Directions colours contain a conditioning formula that nourishes hair from first application. All Directions colours can be mixed with each other to create your own unique shade! 100% Vegan & Cruelty-Free! Weight:  100ml Please Note:   For vibrant results the colour should be used on bleached or pre lightened hair, or can be used on untreated hair to achieve a subtle tint. Instructions: - Always carry out a patch test on your skin first - Wash your hair and towel dry - Apply dye to your hair, spreading evenly with a tint brush or comb - Allow to develop for around 20 - 45 mins - Rinse out dye until the water starts to run clear DIRECTIONS",Beserk,https://www.beserk.com.au/products/cerise-hair-colour?variant=34702833357&country=AU,https://cdn.shopify.com/s/files/1/0836/9167/files/directions-cerise-hair-colour-1.jpg?v=1746740435,in_stock,"13.95 AUD",,Directions,,DIR-CERISE-100,yes,new,HAIR,,,,unisex,,,0.135,kg,"https://cdn.shopify.com/s/files/1/0836/9167/files/cerise-or-hair-colour-beserk-all-beserkstaple-clickfrenzy15-2023-colour-pink-cosmetics-directions-discountapp-dye-fp-hair-hair-colour-hair-dye-hair-pink-hair-purple-labelvegan-mermaid_b7fa3294-67ce-474d-835c-93720b138cf3.jpg?v=1746740435,https://cdn.shopify.com/s/files/1/0836/9167/files/cerise-or-hair-colour-beserk-all-beserkstaple-clickfrenzy15-2023-colour-pink-cosmetics-directions-discountapp-dye-fp-hair-hair-colour-hair-dye-hair-pink-hair-purple-labelvegan-mermaid_fb4932b1-bb2e-4075-a5c1-ada7ba91c18d.jpg?v=1746740435,https://cdn.shopify.com/s/files/1/0836/9167/files/cerise-or-hair-colour-beserk-all-beserkstaple-clickfrenzy15-2023-colour-pink-cosmetics-directions-discountapp-dye-fp-hair-hair-colour-hair-dye-hair-pink-hair-purple-labelvegan-mermaid_1975941d-81d5-459e-a260-7ec1888c1d2f.jpg?v=1746740435,https://cdn.shopify.com/s/files/1/0836/9167/files/cerise-or-hair-colour-beserk-all-beserkstaple-clickfrenzy15-2023-colour-pink-cosmetics-directions-discountapp-dye-fp-hair-hair-colour-hair-dye-hair-pink-hair-purple-labelvegan-mermaid_5a35970c-5fd2-47aa-a331-8997578c6aac.jpg?v=1746740435,https://cdn.shopify.com/s/files/1/0836/9167/files/directions-brand-1.jpg?v=1775889544,https://cdn.shopify.com/s/files/1/0836/9167/files/directions-brand-2.jpg?v=1775889547,https://cdn.shopify.com/s/files/1/0836/9167/files/directions-brand-3.jpg?v=1775889549,https://cdn.shopify.com/s/files/1/0836/9167/files/directions-cerise-hero.jpg?v=1775894481",https://www.beserk.com.au/pages/privacy-policy,https://www.beserk.com.au/pages/terms-and-conditions,https://www.beserk.com.au/pages/beserk-returns,AU,AU
9433241165,"Carnation Pink | Hair Colour","Give hair a full-bloom effect with Carnation Pink – a brilliantly bright and lively colour that perfectly captures the essence of light floral qualities. Soft, silky hair never goes out of style. That’s why all Directions colours contain a conditioning formula that nourishes hair from first application. All Directions colours can be mixed with each other to create your own unique shade! 100% Vegan & Cruelty-Free! Weight:  100ml Please Note:   For vibrant results the colour should be used on bleached or pre lightened hair, or can be used on untreated hair to achieve a subtle tint. Instructions: - Always carry out a patch test on your skin first - Wash your hair and towel dry - Apply dye to your hair, spreading evenly with a tint brush or comb - Allow to develop for around 20 - 45 mins - Rinse out dye until the water starts to run clear DIRECTIONS",Beserk,https://www.beserk.com.au/products/carnation-pink-hair-colour?variant=34702833485&country=AU,https://cdn.shopify.com/s/files/1/0836/9167/files/directions-carnation-pink-hair-colour-1.jpg?v=1746740431,in_stock,"13.95 AUD",,Directions,,DIR-CARNATION-PINK-100,yes,new,HAIR,,,,unisex,,,0.135,kg,"https://cdn.shopify.com/s/files/1/0836/9167/files/carnation-pink-or-hair-colour-beserk-all-beserkstaple-clickfrenzy15-2023-cosmetics-directions-discountapp-dye-fp-hair-hair-colour-hair-dye-hair-pink-labelvegan-mermaid-pink-rainbow-ve_7ffddc99-641b-47d4-a360-2b11e181bff5.jpg?v=1746740431,https://cdn.shopify.com/s/files/1/0836/9167/files/carnation-pink-or-hair-colour-beserk-all-beserkstaple-clickfrenzy15-2023-cosmetics-directions-discountapp-dye-fp-hair-hair-colour-hair-dye-hair-pink-labelvegan-mermaid-pink-rainbow-ve_7c97a62d-2f3c-4c6e-af6e-cdf047b75b0f.jpg?v=1746740431,https://cdn.shopify.com/s/files/1/0836/9167/files/carnation-pink-or-hair-colour-beserk-all-beserkstaple-clickfrenzy15-2023-cosmetics-directions-discountapp-dye-fp-hair-hair-colour-hair-dye-hair-pink-labelvegan-mermaid-pink-rainbow-ve_8c49e61f-f07a-4ec1-8f95-b7ba7553c6fd.jpg?v=1746740431,https://cdn.shopify.com/s/files/1/0836/9167/files/carnation-pink-or-hair-colour-beserk-all-beserkstaple-clickfrenzy15-2023-cosmetics-directions-discountapp-dye-fp-hair-hair-colour-hair-dye-hair-pink-labelvegan-mermaid-pink-rainbow-ve_26030c0d-16ec-41ed-9bcb-30e2e1339618.jpg?v=1746740431,https://cdn.shopify.com/s/files/1/0836/9167/files/directions-brand-1_5fcb00a2-2999-4cf8-ac27-01fcdcb1e6bb.jpg?v=1775889618,https://cdn.shopify.com/s/files/1/0836/9167/files/directions-brand-2_12d675c6-a9c8-4751-80d3-106144503ecf.jpg?v=1775889621,https://cdn.shopify.com/s/files/1/0836/9167/files/directions-brand-3_52f51d25-89f8-42f7-9733-f0f5b95c760a.jpg?v=1775889623,https://cdn.shopify.com/s/files/1/0836/9167/files/directions-carnation-pink-hero.jpg?v=1775894475",https://www.beserk.com.au/pages/privacy-policy,https://www.beserk.com.au/pages/terms-and-conditions,https://www.beserk.com.au/pages/beserk-returns,AU,AU
9433241293,"Ebony | Hair Colour","Ebony envelops your locks in a lustrous shine with a natural undertone of red. As the darkest colour in the Directions range, use this shade for a quick cover-up. Please note Ebony is not a pure black colour. Soft, silky hair never goes out of style. That’s why all Directions colours contain a conditioning formula that nourishes hair from first application. All Directions colours can be mixed with each other to create your own unique shade! 100% Vegan & Cruelty-Free! Weight:  100ml Please Note:   For vibrant results the colour should be used on bleached or pre lightened hair, or can be used on untreated hair to achieve a subtle tint. Instructions: - Always carry out a patch test on your skin first - Wash your hair and towel dry - Apply dye to your hair, spreading evenly with a tint brush or comb - Allow to develop for around 20 - 45 mins - Rinse out dye until the water starts to run clear DIRECTIONS",Beserk,https://www.beserk.com.au/products/ebony-hair-colour-1?variant=34702833613&country=AU,https://cdn.shopify.com/s/files/1/0836/9167/files/directions-ebony-hair-colour-1.jpg?v=1746740450,in_stock,"13.95 AUD",,Directions,,DIR-EBONY-100,yes,new,HAIR,,,,unisex,,,0.135,kg,"https://cdn.shopify.com/s/files/1/0836/9167/files/ebony-or-hair-colour-beserk-all-beserkstaple-black-clickfrenzy15-2023-cosmetics-directions-discountapp-dye-fp-goth-hair-hair-black-hair-colour-hair-dye-labelvegan-vegan-2.jpg?v=1746740450,https://cdn.shopify.com/s/files/1/0836/9167/files/ebony-or-hair-colour-beserk-all-beserkstaple-black-clickfrenzy15-2023-cosmetics-directions-discountapp-dye-fp-goth-hair-hair-black-hair-colour-hair-dye-labelvegan-vegan-3.jpg?v=1746740450,https://cdn.shopify.com/s/files/1/0836/9167/files/ebony-or-hair-colour-beserk-all-beserkstaple-black-clickfrenzy15-2023-cosmetics-directions-discountapp-dye-fp-goth-hair-hair-black-hair-colour-hair-dye-labelvegan-vegan-4.jpg?v=1746740450,https://cdn.shopify.com/s/files/1/0836/9167/files/directions-brand-1_b11f4481-9e41-4201-9fdc-fc724c5e9c28.jpg?v=1775889747,https://cdn.shopify.com/s/files/1/0836/9167/files/directions-brand-2_bd9e4da5-0aab-4de8-81a7-80f9cf3e723f.jpg?v=1775889749,https://cdn.shopify.com/s/files/1/0836/9167/files/directions-brand-3_4d5d74d8-0604-46ea-81f9-a36857d027b1.jpg?v=1775889751",https://www.beserk.com.au/pages/privacy-policy,https://www.beserk.com.au/pages/terms-and-conditions,https://www.beserk.com.au/pages/beserk-returns,AU,AU
9433241677,"Dark Tulip | Hair Colour","A twist on tulip: this darker colour gives hair a rich, wine-like shine. With deep shades of purple and red, it’s perfect for those who want coverage on almost any base. For the most vivid results, we recommend applying to bleached hair.   Image of swatch is a simulation of the colour on a level 10. Soft, silky hair never goes out of style. That’s why all Directions colours contain a conditioning formula that nourishes hair from first application. All Directions colours can be mixed with each other to create your own unique shade! 100% Vegan & Cruelty-Free! Weight:  100ml Please Note:   For vibrant results the colour should be used on bleached or pre lightened hair, or can be used on untreated hair to achieve a subtle tint. Instructions: - Always carry out a patch test on your skin first - Wash your hair and towel dry - Apply dye to your hair, spreading evenly with a tint brush or comb - Allow to develop for around 20 - 45 mins - Rinse out dye until the water starts to run clear DIRECTIONS",Beserk,https://www.beserk.com.au/products/dark-tulip-hair-colour?variant=34702833933&country=AU,https://cdn.shopify.com/s/files/1/0836/9167/files/directions-dark-tulip-hair-colour-1.jpg?v=1746740441,in_stock,"13.95 AUD",,Directions,,DIR-DARK-TULIP-100,yes,new,HAIR,,,,unisex,,,0.135,kg,"https://cdn.shopify.com/s/files/1/0836/9167/files/dark-tulip-or-hair-colour-beserk-all-beserkstaple-clickfrenzy15-2023-colour-purple-cosmetics-directions-discountapp-dye-fp-goth-hair-hair-colour-hair-dye-hair-purple-hair-red-labelveg_ea6cb2eb-cc63-44a5-8ab5-2a8459620bcd.jpg?v=1746740441,https://cdn.shopify.com/s/files/1/0836/9167/files/dark-tulip-or-hair-colour-beserk-all-beserkstaple-clickfrenzy15-2023-colour-purple-cosmetics-directions-discountapp-dye-fp-goth-hair-hair-colour-hair-dye-hair-purple-hair-red-labelveg_719e22bb-cc70-425e-a534-e60230007a25.jpg?v=1746740441,https://cdn.shopify.com/s/files/1/0836/9167/files/dark-tulip-or-hair-colour-beserk-all-beserkstaple-clickfrenzy15-2023-colour-purple-cosmetics-directions-discountapp-dye-fp-goth-hair-hair-colour-hair-dye-hair-purple-hair-red-labelveg_88c91449-9cb9-438c-ba58-1f757ed001ba.jpg?v=1746740441,https://cdn.shopify.com/s/files/1/0836/9167/files/dark-tulip-or-hair-colour-beserk-all-beserkstaple-clickfrenzy15-2023-colour-purple-cosmetics-directions-discountapp-dye-fp-goth-hair-hair-colour-hair-dye-hair-purple-hair-red-labelveg_149ea85e-3a51-4848-b540-2fafe084e744.jpg?v=1746740441,https://cdn.shopify.com/s/files/1/0836/9167/files/directions-brand-1_e51a0e00-7686-4e7c-958c-9deeb8904d18.jpg?v=1775889639,https://cdn.shopify.com/s/files/1/0836/9167/files/directions-brand-2_d98ea037-8add-4027-93d4-b434e2b9ced3.jpg?v=1775889641,https://cdn.shopify.com/s/files/1/0836/9167/files/directions-brand-3_1f66b136-a8e6-4301-aea9-805fed5696f4.jpg?v=1775889643,https://cdn.shopify.com/s/files/1/0836/9167/files/directions-dark-tulip-hero.jpg?v=1775894487",https://www.beserk.com.au/pages/privacy-policy,https://www.beserk.com.au/pages/terms-and-conditions,https://www.beserk.com.au/pages/beserk-returns,AU,AU
9433245325,"Flamingo Pink | Hair Colour","Taking inspiration from one of the boldest creatures in the animal kingdom, Directions created the fabulous Flamingo Pink for those who want to stand out and ruffle some feathers. Soft, silky hair never goes out of style. That’s why all Directions colours contain a conditioning formula that nourishes hair from first application. All Directions colours can be mixed with each other to create your own unique shade! 100% Vegan & Cruelty-Free! Weight:  100ml Please Note:   For vibrant results the colour should be used on bleached or pre lightened hair, or can be used on untreated hair to achieve a subtle tint. Instructions: - Always carry out a patch test on your skin first - Wash your hair and towel dry - Apply dye to your hair, spreading evenly with a tint brush or comb - Allow to develop for around 20 - 45 mins - Rinse out dye until the water starts to run clear DIRECTIONS",Beserk,https://www.beserk.com.au/products/flamingo-pink-hair-colour?variant=34702858509&country=AU,https://cdn.shopify.com/s/files/1/0836/9167/files/directions-flamingo-pink-hair-colour-1.jpg?v=1746740454,out_of_stock,"13.95 AUD",,Directions,,DIR-FLAMINGO-PINK-100,yes,new,HAIR,,,,unisex,,,0.135,kg,"https://cdn.shopify.com/s/files/1/0836/9167/files/flamingo-pink-or-hair-colour-beserk-all-beserkstaple-bright-pink-clickfrenzy15-2023-cosmetics-directions-discountapp-dye-fp-hair-hair-colour-hair-colours-hair-dye-hair-dyes-hair-pink_13d0329f-2c97-4612-8daa-44153c5198b5.jpg?v=1746740454,https://cdn.shopify.com/s/files/1/0836/9167/files/flamingo-pink-or-hair-colour-beserk-all-beserkstaple-bright-pink-clickfrenzy15-2023-cosmetics-directions-discountapp-dye-fp-hair-hair-colour-hair-colours-hair-dye-hair-dyes-hair-pink_068add20-bf00-435d-b59e-c3538982dad9.jpg?v=1746740454,https://cdn.shopify.com/s/files/1/0836/9167/files/flamingo-pink-or-hair-colour-beserk-all-beserkstaple-bright-pink-clickfrenzy15-2023-cosmetics-directions-discountapp-dye-fp-hair-hair-colour-hair-colours-hair-dye-hair-dyes-hair-pink_a3a9d733-13ac-443f-93c4-1a49f35c475c.jpg?v=1746740454,https://cdn.shopify.com/s/files/1/0836/9167/files/flamingo-pink-or-hair-colour-beserk-all-beserkstaple-bright-pink-clickfrenzy15-2023-cosmetics-directions-discountapp-dye-fp-hair-hair-colour-hair-colours-hair-dye-hair-dyes-hair-pink_29a66f4c-3d0b-4a2d-b13d-fff8c3a8e467.jpg?v=1746740454,https://cdn.shopify.com/s/files/1/0836/9167/files/directions-brand-1_4ae3ee12-5088-4cd3-b21d-395cb9df45bc.jpg?v=1775889564,https://cdn.shopify.com/s/files/1/0836/9167/files/directions-brand-2_3db59f7f-4153-418d-8057-22d2af0bdbd4.jpg?v=1775889566,https://cdn.shopify.com/s/files/1/0836/9167/files/directions-brand-3_f90283dd-e6db-4a5a-925b-7373f30a3029.jpg?v=1775889569,https://cdn.shopify.com/s/files/1/0836/9167/files/directions-flamingo-pink-hero.jpg?v=1775894505",https://www.beserk.com.au/pages/privacy-policy,https://www.beserk.com.au/pages/terms-and-conditions,https://www.beserk.com.au/pages/beserk-returns,AU,AU
9433245453,"Midnight Blue | Hair Colour","Cloak your hair in the depth and mystery of a starry sky, with the dark royal tone of Midnight Blue. Soft, silky hair never goes out of style. That’s why all Directions colours contain a conditioning formula that nourishes hair from first application. All Directions colours can be mixed with each other to create your own unique shade! 100% Vegan & Cruelty-Free! Weight:  100ml Please Note:   For vibrant results the colour should be used on bleached or pre lightened hair, or can be used on untreated hair to achieve a subtle tint. Instructions: - Always carry out a patch test on your skin first - Wash your hair and towel dry - Apply dye to your hair, spreading evenly with a tint brush or comb - Allow to develop for around 20 - 45 mins - Rinse out dye until the water starts to run clear DIRECTIONS Shop all  Directions",Beserk,https://www.beserk.com.au/products/midnight-blue-hair-colour?variant=34702858637&country=AU,https://cdn.shopify.com/s/files/1/0836/9167/files/directions-midnight-blue-hair-colour-1.jpg?v=1746740827,out_of_stock,"13.95 AUD",,Directions,,DIR-MIDNIGHT-BLUE-100,yes,new,HAIR,,,,unisex,,,0.135,kg,"https://cdn.shopify.com/s/files/1/0836/9167/files/midnight-blue-or-hair-colour-beserk-all-beserkstaple-blue-clickfrenzy15-2023-cosmetics-cruelty-free-dark-blue-directions-discountapp-dye-fp-goth-hair-hair-blue-hair-colour-hair-dye-la_0991335e-5a19-4c7a-856e-abd8eb2d83b1.jpg?v=1746740827,https://cdn.shopify.com/s/files/1/0836/9167/files/midnight-blue-or-hair-colour-beserk-all-beserkstaple-blue-clickfrenzy15-2023-cosmetics-cruelty-free-dark-blue-directions-discountapp-dye-fp-goth-hair-hair-blue-hair-colour-hair-dye-la_f06a4cb8-c46a-44f0-b452-b67a1a0766e4.jpg?v=1746740827,https://cdn.shopify.com/s/files/1/0836/9167/files/midnight-blue-or-hair-colour-beserk-all-beserkstaple-blue-clickfrenzy15-2023-cosmetics-cruelty-free-dark-blue-directions-discountapp-dye-fp-goth-hair-hair-blue-hair-colour-hair-dye-la_5641d1e2-de02-4383-936c-fdf762db325f.jpg?v=1746740827,https://cdn.shopify.com/s/files/1/0836/9167/files/midnight-blue-or-hair-colour-beserk-all-beserkstaple-blue-clickfrenzy15-2023-cosmetics-cruelty-free-dark-blue-directions-discountapp-dye-fp-goth-hair-hair-blue-hair-colour-hair-dye-la_b50b853b-fd20-4f15-850b-c195cf925b59.jpg?v=1746740827,https://cdn.shopify.com/s/files/1/0836/9167/files/directions-brand-1_57bbed6f-a7ec-4ab0-8148-1ff75ae1efa4.jpg?v=1775889632,https://cdn.shopify.com/s/files/1/0836/9167/files/directions-brand-2_4b97a7ca-9f90-4b58-b323-1374909c584f.jpg?v=1775889634,https://cdn.shopify.com/s/files/1/0836/9167/files/directions-brand-3_3e769048-4175-4d5d-8e88-b03bd2d7dfb8.jpg?v=1775889636,https://cdn.shopify.com/s/files/1/0836/9167/files/directions-midnight-blue-hero.jpg?v=1775894529",https://www.beserk.com.au/pages/privacy-policy,https://www.beserk.com.au/pages/terms-and-conditions,https://www.beserk.com.au/pages/beserk-returns,AU,AU
9433245517,"Lavender Purple | Hair Colour","With its calming nature, Lavender’s effortless blend of pink and purple tones adds a sense of coolness to any look. Soft, silky hair never goes out of style. That’s why all Directions colours contain a conditioning formula that nourishes hair from first application. All Directions colours can be mixed with each other to create your own unique shade! 100% Vegan & Cruelty-Free! Weight:  100ml Please Note:   For vibrant results the colour should be used on bleached or pre lightened hair, or can be used on untreated hair to achieve a subtle tint. Instructions: - Always carry out a patch test on your skin first - Wash your hair and towel dry - Apply dye to your hair, spreading evenly with a tint brush or comb - Allow to develop for around 20 - 45 mins - Rinse out dye until the water starts to run clear DIRECTIONS Shop all  Directions",Beserk,https://www.beserk.com.au/products/lavender-hair-colour-1?variant=34702858701&country=AU,https://cdn.shopify.com/s/files/1/0836/9167/files/directions-lavender-hair-colour-1.jpg?v=1746740823,out_of_stock,"13.95 AUD",,Directions,,DIR-LAVENDER-100,yes,new,HAIR,,,,unisex,,,0.135,kg,"https://cdn.shopify.com/s/files/1/0836/9167/files/lavender-or-hair-colour-beserk-all-beserkstaple-clickfrenzy15-2023-cosmetics-directions-discountapp-dye-fp-hair-hair-colour-hair-dye-hair-purple-labelvegan-light-purple-mermaid-pastel_26feb5b8-59df-40d0-aea7-ae5293f4072a.jpg?v=1746740823,https://cdn.shopify.com/s/files/1/0836/9167/files/lavender-or-hair-colour-beserk-all-beserkstaple-clickfrenzy15-2023-cosmetics-directions-discountapp-dye-fp-hair-hair-colour-hair-dye-hair-purple-labelvegan-light-purple-mermaid-pastel_2d88b19a-1d69-44a3-9662-55d8691d90f6.jpg?v=1746740823,https://cdn.shopify.com/s/files/1/0836/9167/files/lavender-or-hair-colour-beserk-all-beserkstaple-clickfrenzy15-2023-cosmetics-directions-discountapp-dye-fp-hair-hair-colour-hair-dye-hair-purple-labelvegan-light-purple-mermaid-pastel_0e09fe3e-5476-40e2-9a09-0d26309619d8.jpg?v=1746740823,https://cdn.shopify.com/s/files/1/0836/9167/files/lavender-or-hair-colour-beserk-all-beserkstaple-clickfrenzy15-2023-cosmetics-directions-discountapp-dye-fp-hair-hair-colour-hair-dye-hair-purple-labelvegan-light-purple-mermaid-pastel_5812558b-2ede-4314-b3ea-4510cdff5f16.jpg?v=1746740823,https://cdn.shopify.com/s/files/1/0836/9167/files/directions-brand-1_752e0436-e291-4174-988b-d6eda09641cf.jpg?v=1775889658,https://cdn.shopify.com/s/files/1/0836/9167/files/directions-brand-2_96c07192-a417-4fc8-b028-71a408e75c88.jpg?v=1775889661,https://cdn.shopify.com/s/files/1/0836/9167/files/directions-brand-3_d738bddd-5d86-4eab-a968-67615dd1a017.jpg?v=1775889663,https://cdn.shopify.com/s/files/1/0836/9167/files/directions-lavender-hero.jpg?v=1775894427",https://www.beserk.com.au/pages/privacy-policy,https://www.beserk.com.au/pages/terms-and-conditions,https://www.beserk.com.au/pages/beserk-returns,AU,AU
9433245709,"Lagoon Blue | Hair Colour","Perfect for creating shimmering locks, our Lagoon Blue helps hair embrace its inner aquatic shine. Soft, silky hair never goes out of style. That’s why all Directions colours contain a conditioning formula that nourishes hair from first application. All Directions colours can be mixed with each other to create your own unique shade! 100% Vegan & Cruelty-Free! Weight:  100ml Please Note:   For vibrant results the colour should be used on bleached or pre lightened hair, or can be used on untreated hair to achieve a subtle tint. Instructions: - Always carry out a patch test on your skin first - Wash your hair and towel dry - Apply dye to your hair, spreading evenly with a tint brush or comb - Allow to develop for around 20 - 45 mins - Rinse out dye until the water starts to run clear Photos are taken from the La Riche Directions website  DIRECTIONS Shop all  Directions",Beserk,https://www.beserk.com.au/products/lagoon-blue-hair-colour?variant=34702859277&country=AU,https://cdn.shopify.com/s/files/1/0836/9167/files/directions-lagoon-blue-hair-colour-1.jpg?v=1746740822,out_of_stock,"13.95 AUD",,Directions,,DIR-LAGOON-BLUE-100,yes,new,HAIR,,,,unisex,,,0.135,kg,"https://cdn.shopify.com/s/files/1/0836/9167/files/lagoon-blue-or-hair-colour-beserk-all-beserkstaple-blue-clickfrenzy15-2023-cosmetics-cruelty-free-cruetly-free-directions-discountapp-dye-fp-hair-hair-blue-hair-colour-hair-dye-labelv_ed9a27d3-9517-41ea-a2f1-fe2317993b38.jpg?v=1746740822,https://cdn.shopify.com/s/files/1/0836/9167/files/lagoon-blue-or-hair-colour-beserk-all-beserkstaple-blue-clickfrenzy15-2023-cosmetics-cruelty-free-cruetly-free-directions-discountapp-dye-fp-hair-hair-blue-hair-colour-hair-dye-labelv_cdc1e352-23bb-40bd-be04-6e7145487e67.jpg?v=1746740822,https://cdn.shopify.com/s/files/1/0836/9167/files/lagoon-blue-or-hair-colour-beserk-all-beserkstaple-blue-clickfrenzy15-2023-cosmetics-cruelty-free-cruetly-free-directions-discountapp-dye-fp-hair-hair-blue-hair-colour-hair-dye-labelv_49315035-4015-4fe4-975f-103c72faed0b.jpg?v=1746740822,https://cdn.shopify.com/s/files/1/0836/9167/files/lagoon-blue-or-hair-colour-beserk-all-beserkstaple-blue-clickfrenzy15-2023-cosmetics-cruelty-free-cruetly-free-directions-discountapp-dye-fp-hair-hair-blue-hair-colour-hair-dye-labelv_56daa8f7-36ac-4493-b394-044170232adf.jpg?v=1746740822,https://cdn.shopify.com/s/files/1/0836/9167/files/directions-brand-1_f071652d-00c0-4caf-b8c1-90e8d005b430.jpg?v=1775889558,https://cdn.shopify.com/s/files/1/0836/9167/files/directions-brand-2_c69b180c-320d-41a5-86cf-69e0a1233d17.jpg?v=1775889560,https://cdn.shopify.com/s/files/1/0836/9167/files/directions-brand-3_dba831a2-0c65-4575-a8da-0a1d64b70c08.jpg?v=1775889562,https://cdn.shopify.com/s/files/1/0836/9167/files/directions-lagoon-blue-hero.jpg?v=1775894523",https://www.beserk.com.au/pages/privacy-policy,https://www.beserk.com.au/pages/terms-and-conditions,https://www.beserk.com.au/pages/beserk-returns,AU,AU
9433245837,"Pastel Pink | Hair Colour","Light, bright and forever on-trend. Our Pastel Pink gives hair a vibrant pop of candyfloss that’s guaranteed to make it stand out from the crowd. Soft, silky hair never goes out of style. That’s why all Directions colours contain a conditioning formula that nourishes hair from first application. All Directions colours can be mixed with each other to create your own unique shade! 100% Vegan & Cruelty-Free! Weight:  100ml Please Note:   For vibrant results the colour should be used on bleached or pre lightened hair, or can be used on untreated hair to achieve a subtle tint. Instructions: - Always carry out a patch test on your skin first - Wash your hair and towel dry - Apply dye to your hair, spreading evenly with a tint brush or comb - Allow to develop for around 20 - 45 mins - Rinse out dye until the water starts to run clear DIRECTIONS Shop all  Directions  ",Beserk,https://www.beserk.com.au/products/pastel-pink-hair-colour?variant=34702859405&country=AU,https://cdn.shopify.com/s/files/1/0836/9167/files/directions-pastel-pink-hair-colour-1.jpg?v=1746740836,in_stock,"13.95 AUD",,Directions,,DIR-PASTEL-PINK-100,yes,new,HAIR,,,,unisex,,,0.135,kg,"https://cdn.shopify.com/s/files/1/0836/9167/files/pastel-pink-or-hair-colour-beserk-all-beserkstaple-clickfrenzy15-2023-cosmetics-cruelty-free-directions-discountapp-dye-fp-hair-hair-colour-hair-dye-hair-pink-labelvegan-light-pink-me_ba0c3981-b1ef-4422-953b-677b04ce89dc.jpg?v=1746740836,https://cdn.shopify.com/s/files/1/0836/9167/files/pastel-pink-or-hair-colour-beserk-all-beserkstaple-clickfrenzy15-2023-cosmetics-cruelty-free-directions-discountapp-dye-fp-hair-hair-colour-hair-dye-hair-pink-labelvegan-light-pink-me_7d463b73-9071-4a82-890c-b792d583d9a0.jpg?v=1746740836,https://cdn.shopify.com/s/files/1/0836/9167/files/pastel-pink-or-hair-colour-beserk-all-beserkstaple-clickfrenzy15-2023-cosmetics-cruelty-free-directions-discountapp-dye-fp-hair-hair-colour-hair-dye-hair-pink-labelvegan-light-pink-me_f7c1cadc-cf95-43c2-acfb-4f87b86cdad3.jpg?v=1746740836,https://cdn.shopify.com/s/files/1/0836/9167/files/pastel-pink-or-hair-colour-beserk-all-beserkstaple-clickfrenzy15-2023-cosmetics-cruelty-free-directions-discountapp-dye-fp-hair-hair-colour-hair-dye-hair-pink-labelvegan-light-pink-me_25362bfa-86ea-4f5f-9de8-5686b381a59e.jpg?v=1746740836,https://cdn.shopify.com/s/files/1/0836/9167/files/directions-brand-1_4818d54b-d09b-418a-916a-5ba479116878.jpg?v=1775889611,https://cdn.shopify.com/s/files/1/0836/9167/files/directions-brand-2_9505ad31-45e2-4fab-b59a-4eb930564469.jpg?v=1775889614,https://cdn.shopify.com/s/files/1/0836/9167/files/directions-brand-3_48ce0799-3ac5-432f-aabe-77e0ad2db62f.jpg?v=1775889616,https://cdn.shopify.com/s/files/1/0836/9167/files/directions-pastel-pink-hero.jpg?v=1775894552",https://www.beserk.com.au/pages/privacy-policy,https://www.beserk.com.au/pages/terms-and-conditions,https://www.beserk.com.au/pages/beserk-returns,AU,AU
9433246029,"Neon Blue | Hair Colour","To reach ultimate intensity, our brilliant Neon Blue illuminates hair with show-stopping cobalt tones and a shimmering purple tone. Soft, silky hair never goes out of style. That’s why all Directions colours contain a conditioning formula that nourishes hair from first application. All Directions colours can be mixed with each other to create your own unique shade! 100% Vegan & Cruelty-Free! Weight:  100ml Please Note:   For vibrant results the colour should be used on bleached or pre lightened hair, or can be used on untreated hair to achieve a subtle tint. Instructions: - Always carry out a patch test on your skin first - Wash your hair and towel dry - Apply dye to your hair, spreading evenly with a tint brush or comb - Allow to develop for around 20 - 45 mins - Rinse out dye until the water starts to run clear DIRECTIONS Shop all  Directions",Beserk,https://www.beserk.com.au/products/neon-blue-hair-colour?variant=34702859597&country=AU,https://cdn.shopify.com/s/files/1/0836/9167/files/directions-neon-blue-hair-colour-1.jpg?v=1746740829,in_stock,"13.95 AUD",,Directions,,DIR-NEON-BLUE-100,yes,new,HAIR,,,,unisex,,,0.135,kg,"https://cdn.shopify.com/s/files/1/0836/9167/files/neon-blue-or-hair-colour-beserk-all-beserkstaple-blue-clickfrenzy15-2023-cosmetics-cruelty-free-dark-blue-directions-discountapp-dye-dyes-fp-hair-hair-blue-hair-colour-hair-colours-ha_535cfcf9-bbdf-43a2-a24f-85fb2f488a3e.jpg?v=1746740829,https://cdn.shopify.com/s/files/1/0836/9167/files/neon-blue-or-hair-colour-beserk-all-beserkstaple-blue-clickfrenzy15-2023-cosmetics-cruelty-free-dark-blue-directions-discountapp-dye-dyes-fp-hair-hair-blue-hair-colour-hair-colours-ha_5282834e-5214-47f4-8854-420609282902.jpg?v=1746740829,https://cdn.shopify.com/s/files/1/0836/9167/files/neon-blue-or-hair-colour-beserk-all-beserkstaple-blue-clickfrenzy15-2023-cosmetics-cruelty-free-dark-blue-directions-discountapp-dye-dyes-fp-hair-hair-blue-hair-colour-hair-colours-ha_569b9a93-d697-4590-8f44-953d3039a439.jpg?v=1746740829,https://cdn.shopify.com/s/files/1/0836/9167/files/neon-blue-or-hair-colour-beserk-all-beserkstaple-blue-clickfrenzy15-2023-cosmetics-cruelty-free-dark-blue-directions-discountapp-dye-dyes-fp-hair-hair-blue-hair-colour-hair-colours-ha_9e6462f8-e664-483b-a74b-b041cc382aff.jpg?v=1746740829,https://cdn.shopify.com/s/files/1/0836/9167/files/directions-brand-1_edd99e29-3db0-4866-a4cc-bb2645429d32.jpg?v=1775889740,https://cdn.shopify.com/s/files/1/0836/9167/files/directions-brand-2_b675a132-c455-494b-867d-90b6a4e1857a.jpg?v=1775889742,https://cdn.shopify.com/s/files/1/0836/9167/files/directions-brand-3_673e10ac-c2ae-4d4d-9c0f-89e488cb15f4.jpg?v=1775889744,https://cdn.shopify.com/s/files/1/0836/9167/files/directions-neon-blue-hero.jpg?v=1775894534",https://www.beserk.com.au/pages/privacy-policy,https://www.beserk.com.au/pages/terms-and-conditions,https://www.beserk.com.au/pages/beserk-returns,AU,AU
9433247245,"Bright Daffodil | Hair Colour","Give your hair a freshly-bloomed look with a yellow tone as bright as daffodils. Ideal for those who want a look that never goes unnoticed all-year-round, Bright Daffodil delivers a bright glow that's perfect for summer-y styles. Soft, silky hair never goes out of style. That’s why all Directions colours contain a conditioning formula that nourishes hair from first application. All Directions colours can be mixed with each other to create your own unique shade! 100% Vegan & Cruelty-Free! Weight:  100ml Please Note:   For vibrant results the colour should be used on bleached or pre lightened hair, or can be used on untreated hair to achieve a subtle tint. Instructions: - Always carry out a patch test on your skin first - Wash your hair and towel dry - Apply dye to your hair, spreading evenly with a tint brush or comb - Allow to develop for around 20 - 45 mins - Rinse out dye until the water starts to run clear DIRECTIONS",Beserk,https://www.beserk.com.au/products/bright-daffodil-hair-colour?variant=34702862861&country=AU,https://cdn.shopify.com/s/files/1/0836/9167/files/directions-bright-daffodil-hair-colour-1.jpg?v=1746740427,in_stock,"13.95 AUD",,Directions,,DIR-BRIGHT-DAFFODIL-100,yes,new,HAIR,,,,unisex,,,0.135,kg,"https://cdn.shopify.com/s/files/1/0836/9167/files/bright-daffodil-or-hair-colour-beserk-all-beserkstaple-clickfrenzy15-2023-cosmetics-directions-discountapp-dye-fp-hair-hair-colour-hair-dye-hair-yellow-labelvegan-mermaid-vegan-yellow_ff52c295-82b1-423a-80c7-0beea1937a24.jpg?v=1746740427,https://cdn.shopify.com/s/files/1/0836/9167/files/bright-daffodil-or-hair-colour-beserk-all-beserkstaple-clickfrenzy15-2023-cosmetics-directions-discountapp-dye-fp-hair-hair-colour-hair-dye-hair-yellow-labelvegan-mermaid-vegan-yellow_f9f96307-988c-4e26-bbce-41b807fbb70f.jpg?v=1746740427,https://cdn.shopify.com/s/files/1/0836/9167/files/bright-daffodil-or-hair-colour-beserk-all-beserkstaple-clickfrenzy15-2023-cosmetics-directions-discountapp-dye-fp-hair-hair-colour-hair-dye-hair-yellow-labelvegan-mermaid-vegan-yellow_439f4ea0-d6d2-4422-be0f-250af390eea5.jpg?v=1746740427,https://cdn.shopify.com/s/files/1/0836/9167/files/bright-daffodil-or-hair-colour-beserk-all-beserkstaple-clickfrenzy15-2023-cosmetics-directions-discountapp-dye-fp-hair-hair-colour-hair-dye-hair-yellow-labelvegan-mermaid-vegan-yellow_25e1d19d-8d30-46ba-ba30-672fddc3533a.jpg?v=1746740427,https://cdn.shopify.com/s/files/1/0836/9167/files/directions-brand-1_5bcafebf-0275-483c-a8cd-21e6d0960c3e.jpg?v=1775889685,https://cdn.shopify.com/s/files/1/0836/9167/files/directions-brand-2_f8f9fe46-d22e-4a2e-b4d7-c482f59fc77a.jpg?v=1775889688,https://cdn.shopify.com/s/files/1/0836/9167/files/directions-brand-3_22c999ab-36e9-4567-a63b-90b6a5d4d0db.jpg?v=1775889690,https://cdn.shopify.com/s/files/1/0836/9167/files/directions-bright-daffodil-hero.jpg?v=1775894469",https://www.beserk.com.au/pages/privacy-policy,https://www.beserk.com.au/pages/terms-and-conditions,https://www.beserk.com.au/pages/beserk-returns,AU,AU
9433252429,"Lilac Purple | Hair Colour","For those searching for a little magic, the quest is finally over. Lilac’s enchanting results of pale purple are perfect for creating flowing manes with a soft glam style. Soft, silky hair never goes out of style. That’s why all Directions colours contain a conditioning formula that nourishes hair from first application. All Directions colours can be mixed with each other to create your own unique shade! 100% Vegan & Cruelty-Free! Weight:  100ml Please Note:   For vibrant results the colour should be used on bleached or pre lightened hair, or can be used on untreated hair to achieve a subtle tint. Instructions: - Always carry out a patch test on your skin first - Wash your hair and towel dry - Apply dye to your hair, spreading evenly with a tint brush or comb - Allow to develop for around 20 - 45 mins - Rinse out dye until the water starts to run clear DIRECTIONS Shop all  Directions",Beserk,https://www.beserk.com.au/products/lilac-hair-colour-1?variant=34702902349&country=AU,https://cdn.shopify.com/s/files/1/0836/9167/files/directions-lilac-hair-colour-1.jpg?v=1746740825,in_stock,"13.95 AUD",,Directions,,DIR-LILAC-100,yes,new,HAIR,,,,unisex,,,0.135,kg,"https://cdn.shopify.com/s/files/1/0836/9167/files/lilac-or-hair-colour-beserk-all-beserkstaple-clickfrenzy15-2023-cosmetics-directions-discountapp-dye-fp-hair-hair-colour-hair-dye-hair-purple-labelvegan-light-purple-mermaid-pastel-pu_1048a71c-f8b4-4d08-804a-6878f8628a49.jpg?v=1746740825,https://cdn.shopify.com/s/files/1/0836/9167/files/lilac-or-hair-colour-beserk-all-beserkstaple-clickfrenzy15-2023-cosmetics-directions-discountapp-dye-fp-hair-hair-colour-hair-dye-hair-purple-labelvegan-light-purple-mermaid-pastel-pu_430ae457-e8fd-4b8d-b41b-0263b551bf88.jpg?v=1746740825,https://cdn.shopify.com/s/files/1/0836/9167/files/lilac-or-hair-colour-beserk-all-beserkstaple-clickfrenzy15-2023-cosmetics-directions-discountapp-dye-fp-hair-hair-colour-hair-dye-hair-purple-labelvegan-light-purple-mermaid-pastel-pu_339340d8-1ed9-45f7-8cc7-e275839cd264.jpg?v=1746740825,https://cdn.shopify.com/s/files/1/0836/9167/files/lilac-or-hair-colour-beserk-all-beserkstaple-clickfrenzy15-2023-cosmetics-directions-discountapp-dye-fp-hair-hair-colour-hair-dye-hair-purple-labelvegan-light-purple-mermaid-pastel-pu_31a45326-b6f7-4a8c-92b9-c4b3e02096d1.jpg?v=1746740825,https://cdn.shopify.com/s/files/1/0836/9167/files/directions-brand-1_8678dc8e-f0a6-4ef8-a7b4-0339548ca9f6.jpg?v=1775889604,https://cdn.shopify.com/s/files/1/0836/9167/files/directions-brand-2_91187f35-d8fd-4f7d-b4dd-ddc5a9aa5544.jpg?v=1775889607,https://cdn.shopify.com/s/files/1/0836/9167/files/directions-brand-3_a06bf5f8-a63b-469a-a34b-2fdd2cbf716a.jpg?v=1775889609,https://cdn.shopify.com/s/files/1/0836/9167/files/directions-lilac-hero.jpg?v=1775894432",https://www.beserk.com.au/pages/privacy-policy,https://www.beserk.com.au/pages/terms-and-conditions,https://www.beserk.com.au/pages/beserk-returns,AU,AU
9433253517,"Spring Green | Hair Colour","Brighter days, brighter clothes and bright green hair in abundance! We love it when Spring comes around. Soft, silky hair never goes out of style. That’s why all Directions colours contain a conditioning formula that nourishes hair from first application. All Directions colours can be mixed with each other to create your own unique shade! 100% Vegan & Cruelty-Free! Weight: 100ml Please Note: For vibrant results the colour should be used on bleached or pre lightened hair, or can be used on untreated hair to achieve a subtle tint. Instructions: - Always carry out a patch test on your skin first - Wash your hair and towel dry - Apply dye to your hair, spreading evenly with a tint brush or comb - Allow to develop for around 20 - 45 mins - Rinse out dye until the water starts to run clear DIRECTIONS",Beserk,https://www.beserk.com.au/products/spring-green-hair-colour?variant=34702905293&country=AU,https://cdn.shopify.com/s/files/1/0836/9167/files/directions-spring-green-hair-colour-1.jpg?v=1746741008,in_stock,"13.95 AUD",,Directions,,DIR-SPRING-GREEN-100,yes,new,HAIR,,,,unisex,,,0.135,kg,"https://cdn.shopify.com/s/files/1/0836/9167/files/spring-green-or-hair-colour-beserk-420sale-all-beserkstaple-clickfrenzy15-2023-cosmetics-directions-discountapp-dye-fp-green-hair-hair-colour-hair-dye-hair-green-labelvegan-mermaid-ra_7e1964ed-67cd-4d4c-a8bf-c2e573174bc2.jpg?v=1746741008,https://cdn.shopify.com/s/files/1/0836/9167/files/spring-green-or-hair-colour-beserk-420sale-all-beserkstaple-clickfrenzy15-2023-cosmetics-directions-discountapp-dye-fp-green-hair-hair-colour-hair-dye-hair-green-labelvegan-mermaid-ra_28e2a33b-6257-4057-854d-4d7cfbe6afbf.jpg?v=1746741008,https://cdn.shopify.com/s/files/1/0836/9167/files/spring-green-or-hair-colour-beserk-420sale-all-beserkstaple-clickfrenzy15-2023-cosmetics-directions-discountapp-dye-fp-green-hair-hair-colour-hair-dye-hair-green-labelvegan-mermaid-ra_f8aa0678-2e28-4fe5-a79f-14b7967742a7.jpg?v=1746741008,https://cdn.shopify.com/s/files/1/0836/9167/files/spring-green-or-hair-colour-beserk-420sale-all-beserkstaple-clickfrenzy15-2023-cosmetics-directions-discountapp-dye-fp-green-hair-hair-colour-hair-dye-hair-green-labelvegan-mermaid-ra_10a354ff-5b9c-4015-bec1-7f3f499a8762.jpg?v=1746741008,https://cdn.shopify.com/s/files/1/0836/9167/files/directions-brand-1_c3e3cd00-082f-41c2-b70d-c5b781b73460.jpg?v=1775889665,https://cdn.shopify.com/s/files/1/0836/9167/files/directions-brand-2_0ea34702-26a9-41d2-8ff9-d470daf1a52d.jpg?v=1775889667,https://cdn.shopify.com/s/files/1/0836/9167/files/directions-brand-3_817d6e89-ba9a-4d70-9c74-f93c58180aae.jpg?v=1775889670,https://cdn.shopify.com/s/files/1/0836/9167/files/directions-spring-green-hero.jpg?v=1775894601",https://www.beserk.com.au/pages/privacy-policy,https://www.beserk.com.au/pages/terms-and-conditions,https://www.beserk.com.au/pages/beserk-returns,AU,AU
9433253645,"Poppy Red | Hair Colour","Poppy Red captures the bright crisp colour of the instantly recognisable red wildflower with subtle orange hues, giving you a look that's head and shoulders above the rest. Soft, silky hair never goes out of style. That’s why all Directions colours contain a conditioning formula that nourishes hair from first application. All Directions colours can be mixed with each other to create your own unique shade! 100% Vegan & Cruelty-Free! Weight:  100ml Please Note:   For vibrant results the colour should be used on bleached or pre lightened hair, or can be used on untreated hair to achieve a subtle tint. Instructions: - Always carry out a patch test on your skin first - Wash your hair and towel dry - Apply dye to your hair, spreading evenly with a tint brush or comb - Allow to develop for around 20 - 45 mins - Rinse out dye until the water starts to run clear DIRECTIONS Shop all  Directions",Beserk,https://www.beserk.com.au/products/poppy-red-hair-colour?variant=34702905421&country=AU,https://cdn.shopify.com/s/files/1/0836/9167/files/directions-poppy-red-hair-colour-1.jpg?v=1746740847,in_stock,"13.95 AUD",,Directions,,DIR-POPPY-RED-100,yes,new,HAIR,,,,unisex,,,0.135,kg,"https://cdn.shopify.com/s/files/1/0836/9167/files/poppy-red-or-hair-colour-beserk-all-beserkstaple-clickfrenzy15-2023-cosmetics-directions-discountapp-dye-fp-hair-hair-colour-hair-dye-hair-red-labelvegan-rainbow-red-vegan-2.jpg?v=1746740847,https://cdn.shopify.com/s/files/1/0836/9167/files/poppy-red-or-hair-colour-beserk-all-beserkstaple-clickfrenzy15-2023-cosmetics-directions-discountapp-dye-fp-hair-hair-colour-hair-dye-hair-red-labelvegan-rainbow-red-vegan-3.jpg?v=1746740847,https://cdn.shopify.com/s/files/1/0836/9167/files/poppy-red-or-hair-colour-beserk-all-beserkstaple-clickfrenzy15-2023-cosmetics-directions-discountapp-dye-fp-hair-hair-colour-hair-dye-hair-red-labelvegan-rainbow-red-vegan-4.jpg?v=1746740847,https://cdn.shopify.com/s/files/1/0836/9167/files/poppy-red-or-hair-colour-beserk-all-beserkstaple-clickfrenzy15-2023-cosmetics-directions-discountapp-dye-fp-hair-hair-colour-hair-dye-hair-red-labelvegan-rainbow-red-vegan-5.jpg?v=1746740847,https://cdn.shopify.com/s/files/1/0836/9167/files/directions-brand-1_a4648c36-7a07-449c-a86b-9aa8370d1c8f.jpg?v=1775889645,https://cdn.shopify.com/s/files/1/0836/9167/files/directions-brand-2_0bda0d93-bfd8-4e18-acd5-ae87301cb983.jpg?v=1775889647,https://cdn.shopify.com/s/files/1/0836/9167/files/directions-brand-3_05a0209d-a34d-4d55-926f-76419cad3f12.jpg?v=1775889650,https://cdn.shopify.com/s/files/1/0836/9167/files/directions-poppy-red-hero.jpg?v=1775894579",https://www.beserk.com.au/pages/privacy-policy,https://www.beserk.com.au/pages/terms-and-conditions,https://www.beserk.com.au/pages/beserk-returns,AU,AU
9433253709,"Plum Purple | Hair Colour","Recommended as part of a balanced collection... giving hair a delicious red-purple look, Plum is a cool and warm colour, with its mix of blues and reds. Soft, silky hair never goes out of style. That’s why all Directions colours contain a conditioning formula that nourishes hair from first application. All Directions colours can be mixed with each other to create your own unique shade! 100% Vegan & Cruelty-Free! Weight:  100ml Please Note:   For vibrant results the colour should be used on bleached or pre lightened hair, or can be used on untreated hair to achieve a subtle tint. Instructions: - Always carry out a patch test on your skin first - Wash your hair and towel dry - Apply dye to your hair, spreading evenly with a tint brush or comb - Allow to develop for around 20 - 45 mins - Rinse out dye until the water starts to run clear DIRECTIONS Shop all  Directions",Beserk,https://www.beserk.com.au/products/plum-hair-colour-1?variant=34702905485&country=AU,https://cdn.shopify.com/s/files/1/0836/9167/files/directions-plum-hair-colour-1.jpg?v=1746740845,in_stock,"13.95 AUD",,Directions,,DIR-PLUM-100,yes,new,HAIR,,,,unisex,,,0.135,kg,"https://cdn.shopify.com/s/files/1/0836/9167/files/plum-or-hair-colour-beserk-all-beserkstaple-clickfrenzy15-2023-cosmetics-dark-purple-directions-discountapp-dye-fp-goth-hair-hair-colour-hair-dye-hair-purple-labelvegan-mermaid-purple_e811ef6c-e9ef-4a76-9b71-b8a788d94d86.jpg?v=1746740845,https://cdn.shopify.com/s/files/1/0836/9167/files/plum-or-hair-colour-beserk-all-beserkstaple-clickfrenzy15-2023-cosmetics-dark-purple-directions-discountapp-dye-fp-goth-hair-hair-colour-hair-dye-hair-purple-labelvegan-mermaid-purple_a9532229-b88a-4d7b-9a6f-f9f178a19e12.jpg?v=1746740845,https://cdn.shopify.com/s/files/1/0836/9167/files/plum-or-hair-colour-beserk-all-beserkstaple-clickfrenzy15-2023-cosmetics-dark-purple-directions-discountapp-dye-fp-goth-hair-hair-colour-hair-dye-hair-purple-labelvegan-mermaid-purple_b7ccd2ff-3df6-4c85-aa20-a8fd60a9506a.jpg?v=1746740845,https://cdn.shopify.com/s/files/1/0836/9167/files/plum-or-hair-colour-beserk-all-beserkstaple-clickfrenzy15-2023-cosmetics-dark-purple-directions-discountapp-dye-fp-goth-hair-hair-colour-hair-dye-hair-purple-labelvegan-mermaid-purple_73b451e7-0fd0-45ba-a79a-34829f20249d.jpg?v=1746740845,https://cdn.shopify.com/s/files/1/0836/9167/files/directions-brand-1_bcd79bdf-7ffd-435e-97c1-3d685573e574.jpg?v=1775889571,https://cdn.shopify.com/s/files/1/0836/9167/files/directions-brand-2_1a1d76f1-c5ba-40b8-8797-ba8065fb0862.jpg?v=1775889573,https://cdn.shopify.com/s/files/1/0836/9167/files/directions-brand-3_5f22afed-f09a-4f47-8499-1b016c9c38b6.jpg?v=1775889575,https://cdn.shopify.com/s/files/1/0836/9167/files/directions-plum-hero.jpg?v=1775894720",https://www.beserk.com.au/pages/privacy-policy,https://www.beserk.com.au/pages/terms-and-conditions,https://www.beserk.com.au/pages/beserk-returns,AU,AU
9433253773,"Rose Red | Hair Colour","With its lustrous vibrancy and deep magenta tones, it’s easy to see why so many people fall in love with Rose Red. Soft, silky hair never goes out of style. That’s why all Directions colours contain a conditioning formula that nourishes hair from first application. All Directions colours can be mixed with each other to create your own unique shade! 100% Vegan & Cruelty-Free! Weight:  100ml Please Note:   For vibrant results the colour should be used on bleached or pre lightened hair, or can be used on untreated hair to achieve a subtle tint. Instructions: - Always carry out a patch test on your skin first - Wash your hair and towel dry - Apply dye to your hair, spreading evenly with a tint brush or comb - Allow to develop for around 20 - 45 mins - Rinse out dye until the water starts to run clear DIRECTIONS Shop all  Directions",Beserk,https://www.beserk.com.au/products/rose-red-hair-colour?variant=34702905549&country=AU,https://cdn.shopify.com/s/files/1/0836/9167/files/directions-rose-red-hair-colour-1.jpg?v=1746740999,out_of_stock,"13.95 AUD",,Directions,,DIR-ROSE-RED-100,yes,new,HAIR,,,,unisex,,,0.135,kg,"https://cdn.shopify.com/s/files/1/0836/9167/files/rose-red-or-hair-colour-beserk-all-beserkstaple-clickfrenzy15-2023-cosmetics-directions-discountapp-dye-fp-hair-hair-colour-hair-dye-hair-red-labelvegan-mermaid-rainbow-red-vegan-2.jpg?v=1746740999,https://cdn.shopify.com/s/files/1/0836/9167/files/rose-red-or-hair-colour-beserk-all-beserkstaple-clickfrenzy15-2023-cosmetics-directions-discountapp-dye-fp-hair-hair-colour-hair-dye-hair-red-labelvegan-mermaid-rainbow-red-vegan-3.jpg?v=1746740999,https://cdn.shopify.com/s/files/1/0836/9167/files/rose-red-or-hair-colour-beserk-all-beserkstaple-clickfrenzy15-2023-cosmetics-directions-discountapp-dye-fp-hair-hair-colour-hair-dye-hair-red-labelvegan-mermaid-rainbow-red-vegan-4.jpg?v=1746740999,https://cdn.shopify.com/s/files/1/0836/9167/files/rose-red-or-hair-colour-beserk-all-beserkstaple-clickfrenzy15-2023-cosmetics-directions-discountapp-dye-fp-hair-hair-colour-hair-dye-hair-red-labelvegan-mermaid-rainbow-red-vegan-5.jpg?v=1746740999,https://cdn.shopify.com/s/files/1/0836/9167/files/directions-brand-1_20db3dad-b0e4-46d6-a16f-041a12473d55.jpg?v=1775889672,https://cdn.shopify.com/s/files/1/0836/9167/files/directions-brand-2_de8fd2f1-8331-465e-a4f1-fe0ec75d5fc9.jpg?v=1775889674,https://cdn.shopify.com/s/files/1/0836/9167/files/directions-brand-3_56054693-e9cd-4563-ae80-ae753f854752.jpg?v=1775889676,https://cdn.shopify.com/s/files/1/0836/9167/files/directions-rose-red-hero.jpg?v=1775894585",https://www.beserk.com.au/pages/privacy-policy,https://www.beserk.com.au/pages/terms-and-conditions,https://www.beserk.com.au/pages/beserk-returns,AU,AU
9433253901,"Tangerine | Hair Colour","This blazing orange has been freshly squeezed to give hair a jaw-dropping citrus twist. For that sweet taste of summer, Tangerine infuses locks with sunset orange tones. Soft, silky hair never goes out of style. That’s why all Directions colours contain a conditioning formula that nourishes hair from first application. All Directions colours can be mixed with each other to create your own unique shade! 100% Vegan & Cruelty-Free! Weight:  100ml Please Note:   For vibrant results the colour should be used on bleached or pre lightened hair, or can be used on untreated hair to achieve a subtle tint. Instructions: - Always carry out a patch test on your skin first - Wash your hair and towel dry - Apply dye to your hair, spreading evenly with a tint brush or comb - Allow to develop for around 20 - 45 mins - Rinse out dye until the water starts to run clear DIRECTIONS Shop all  Directions",Beserk,https://www.beserk.com.au/products/tangerine-hair-colour?variant=34702905677&country=AU,https://cdn.shopify.com/s/files/1/0836/9167/files/directions-tangerine-hair-colour-1.jpg?v=1746741015,in_stock,"13.95 AUD",,Directions,,DIR-TANGERINE-100,yes,new,HAIR,,,,unisex,,,0.135,kg,"https://cdn.shopify.com/s/files/1/0836/9167/files/tangerine-or-hair-colour-beserk-all-beserkstaple-clickfrenzy15-2023-cosmetics-directions-discountapp-dye-fp-hair-hair-colour-hair-dye-hair-orange-labelvegan-orange-rainbow-vegan-2.jpg?v=1746741015,https://cdn.shopify.com/s/files/1/0836/9167/files/tangerine-or-hair-colour-beserk-all-beserkstaple-clickfrenzy15-2023-cosmetics-directions-discountapp-dye-fp-hair-hair-colour-hair-dye-hair-orange-labelvegan-orange-rainbow-vegan-3.jpg?v=1746741015,https://cdn.shopify.com/s/files/1/0836/9167/files/tangerine-or-hair-colour-beserk-all-beserkstaple-clickfrenzy15-2023-cosmetics-directions-discountapp-dye-fp-hair-hair-colour-hair-dye-hair-orange-labelvegan-orange-rainbow-vegan-4.jpg?v=1746741015,https://cdn.shopify.com/s/files/1/0836/9167/files/tangerine-or-hair-colour-beserk-all-beserkstaple-clickfrenzy15-2023-cosmetics-directions-discountapp-dye-fp-hair-hair-colour-hair-dye-hair-orange-labelvegan-orange-rainbow-vegan-5.jpg?v=1746741015,https://cdn.shopify.com/s/files/1/0836/9167/files/directions-brand-1_5ced9768-e5ce-46a0-80a9-4aa6767cc030.jpg?v=1775889726,https://cdn.shopify.com/s/files/1/0836/9167/files/directions-brand-2_ef140fec-cc11-403a-9568-b1569898c08e.jpg?v=1775889729,https://cdn.shopify.com/s/files/1/0836/9167/files/directions-brand-3_582960d3-0acc-4ca6-8645-a86f7d2ecb54.jpg?v=1775889731,https://cdn.shopify.com/s/files/1/0836/9167/files/directions-tangerine-hero.jpg?v=1775894621",https://www.beserk.com.au/pages/privacy-policy,https://www.beserk.com.au/pages/terms-and-conditions,https://www.beserk.com.au/pages/beserk-returns,AU,AU
9433254029,"Rubine Red | Hair Colour","A brilliantly rich ruby red that breaks the mould with glimmering hues of pink. Soft, silky hair never goes out of style. That’s why all Directions colours contain a conditioning formula that nourishes hair from first application. All Directions colours can be mixed with each other to create your own unique shade! 100% Vegan & Cruelty-Free! Weight:  100ml Please Note:   For vibrant results the colour should be used on bleached or pre lightened hair, or can be used on untreated hair to achieve a subtle tint. Instructions: - Always carry out a patch test on your skin first - Wash your hair and towel dry - Apply dye to your hair, spreading evenly with a tint brush or comb - Allow to develop for around 20 - 45 mins - Rinse out dye until the water starts to run clear DIRECTIONS Shop all  Directions",Beserk,https://www.beserk.com.au/products/rubine-hair-colour?variant=34702905997&country=AU,https://cdn.shopify.com/s/files/1/0836/9167/files/directions-rubine-hair-colour-1.jpg?v=1746741002,out_of_stock,"13.95 AUD",,Directions,,DIR-RUBINE-100,yes,new,HAIR,,,,unisex,,,0.135,kg,"https://cdn.shopify.com/s/files/1/0836/9167/files/rubine-or-hair-colour-beserk-all-beserkstaple-clickfrenzy15-2023-cosmetics-directions-discountapp-dye-fp-hair-hair-colour-hair-dye-hair-red-labelvegan-mermaid-red-vegan-2.jpg?v=1746741002,https://cdn.shopify.com/s/files/1/0836/9167/files/rubine-or-hair-colour-beserk-all-beserkstaple-clickfrenzy15-2023-cosmetics-directions-discountapp-dye-fp-hair-hair-colour-hair-dye-hair-red-labelvegan-mermaid-red-vegan-3.jpg?v=1746741002,https://cdn.shopify.com/s/files/1/0836/9167/files/rubine-or-hair-colour-beserk-all-beserkstaple-clickfrenzy15-2023-cosmetics-directions-discountapp-dye-fp-hair-hair-colour-hair-dye-hair-red-labelvegan-mermaid-red-vegan-4.jpg?v=1746741002,https://cdn.shopify.com/s/files/1/0836/9167/files/rubine-or-hair-colour-beserk-all-beserkstaple-clickfrenzy15-2023-cosmetics-directions-discountapp-dye-fp-hair-hair-colour-hair-dye-hair-red-labelvegan-mermaid-red-vegan-5.jpg?v=1746741002,https://cdn.shopify.com/s/files/1/0836/9167/files/directions-brand-1_85fd676b-14ba-4672-817d-8aecb9d2f97c.jpg?v=1775889584,https://cdn.shopify.com/s/files/1/0836/9167/files/directions-brand-2_34cf6420-c3a3-420a-a401-86cc86f577eb.jpg?v=1775889586,https://cdn.shopify.com/s/files/1/0836/9167/files/directions-brand-3_bef9e9e3-0f92-45de-92c4-a39fe458abf9.jpg?v=1775889589,https://cdn.shopify.com/s/files/1/0836/9167/files/directions-rubine-hero.jpg?v=1775894591",https://www.beserk.com.au/pages/privacy-policy,https://www.beserk.com.au/pages/terms-and-conditions,https://www.beserk.com.au/pages/beserk-returns,AU,AU
9433254093,"Turquoise | Hair Colour","Turquoise has the perfect tide of blues and greens. With its refreshing aqua hues, it’ll leave locks shining gemstone-bright. Soft, silky hair never goes out of style. That’s why all Directions colours contain a conditioning formula that nourishes hair from first application. All Directions colours can be mixed with each other to create your own unique shade! 100% Vegan & Cruelty-Free! Weight:  100ml Please Note:   For vibrant results the colour should be used on bleached or pre lightened hair, or can be used on untreated hair to achieve a subtle tint. Instructions: - Always carry out a patch test on your skin first - Wash your hair and towel dry - Apply dye to your hair, spreading evenly with a tint brush or comb - Allow to develop for around 20 - 45 mins - Rinse out dye until the water starts to run clear DIRECTIONS",Beserk,https://www.beserk.com.au/products/directions-turquoise-hair-colour?variant=34702906253&country=AU,https://cdn.shopify.com/s/files/1/0836/9167/files/directions-turquoise-hair-colour-1.jpg?v=1746741019,in_stock,"13.95 AUD",,Directions,,DIR-TURQUOISE-100,yes,new,HAIR,,,,unisex,,,0.135,kg,"https://cdn.shopify.com/s/files/1/0836/9167/files/turquoise-or-hair-colour-beserk-all-aqua-beserkstaple-blue-clickfrenzy15-2023-cosmetics-directions-discountapp-dye-fp-hair-hair-blue-hair-colour-hair-dye-hair-products-hair-turquoise_80e4816a-5d2f-49c5-b8cf-346325ddcc92.jpg?v=1746741019,https://cdn.shopify.com/s/files/1/0836/9167/files/turquoise-or-hair-colour-beserk-all-aqua-beserkstaple-blue-clickfrenzy15-2023-cosmetics-directions-discountapp-dye-fp-hair-hair-blue-hair-colour-hair-dye-hair-products-hair-turquoise_2b8aecbf-48e4-4a57-aab9-8dd2f7f83756.jpg?v=1746741019,https://cdn.shopify.com/s/files/1/0836/9167/files/turquoise-or-hair-colour-beserk-all-aqua-beserkstaple-blue-clickfrenzy15-2023-cosmetics-directions-discountapp-dye-fp-hair-hair-blue-hair-colour-hair-dye-hair-products-hair-turquoise_29605661-84d6-462a-9a39-41b933540839.jpg?v=1746741019,https://cdn.shopify.com/s/files/1/0836/9167/files/turquoise-or-hair-colour-beserk-all-aqua-beserkstaple-blue-clickfrenzy15-2023-cosmetics-directions-discountapp-dye-fp-hair-hair-blue-hair-colour-hair-dye-hair-products-hair-turquoise_1d283b4b-b1d5-4383-87b7-efae4bf869cc.jpg?v=1746741019,https://cdn.shopify.com/s/files/1/0836/9167/files/directions-brand-1_ba8c01fd-4f24-4d62-beac-917110f98736.jpg?v=1775889578,https://cdn.shopify.com/s/files/1/0836/9167/files/directions-brand-2_f7cc008a-c03f-41df-b3b2-d0498b3dbec5.jpg?v=1775889580,https://cdn.shopify.com/s/files/1/0836/9167/files/directions-brand-3_57920d28-04fa-45d3-86f7-4137543ebd6d.jpg?v=1775889582,https://cdn.shopify.com/s/files/1/0836/9167/files/directions-turquoise-hero.jpg?v=1775894739",https://www.beserk.com.au/pages/privacy-policy,https://www.beserk.com.au/pages/terms-and-conditions,https://www.beserk.com.au/pages/beserk-returns,AU,AU
9433254989,"Tulip Red | Hair Colour","Add this shade to your collection to be in full-bloom all year round. Tulip is anything but a subtle red, with punchy pink tones. Soft, silky hair never goes out of style. That’s why all Directions colours contain a conditioning formula that nourishes hair from first application. All Directions colours can be mixed with each other to create your own unique shade! 100% Vegan & Cruelty-Free! Weight:  100ml Please Note:   For vibrant results the colour should be used on bleached or pre lightened hair, or can be used on untreated hair to achieve a subtle tint. Instructions: - Always carry out a patch test on your skin first - Wash your hair and towel dry - Apply dye to your hair, spreading evenly with a tint brush or comb - Allow to develop for around 20 - 45 mins - Rinse out dye until the water starts to run clear DIRECTIONS Shop all  Directions",Beserk,https://www.beserk.com.au/products/tulip-hair-colour?variant=34702909389&country=AU,https://cdn.shopify.com/s/files/1/0836/9167/files/directions-tulip-hair-colour-1.jpg?v=1746741017,in_stock,"13.95 AUD",,Directions,,DIR-TULIP-100,yes,new,HAIR,,,,unisex,,,0.135,kg,"https://cdn.shopify.com/s/files/1/0836/9167/files/tulip-or-hair-colour-beserk-all-beserkstaple-clickfrenzy15-2023-cosmetics-directions-discountapp-dye-fp-hair-hair-colour-hair-dye-hair-products-hair-red-labelvegan-rainbow-red-vegan-2.jpg?v=1746741017,https://cdn.shopify.com/s/files/1/0836/9167/files/tulip-or-hair-colour-beserk-all-beserkstaple-clickfrenzy15-2023-cosmetics-directions-discountapp-dye-fp-hair-hair-colour-hair-dye-hair-products-hair-red-labelvegan-rainbow-red-vegan-3.jpg?v=1746741017,https://cdn.shopify.com/s/files/1/0836/9167/files/tulip-or-hair-colour-beserk-all-beserkstaple-clickfrenzy15-2023-cosmetics-directions-discountapp-dye-fp-hair-hair-colour-hair-dye-hair-products-hair-red-labelvegan-rainbow-red-vegan-4.jpg?v=1746741017,https://cdn.shopify.com/s/files/1/0836/9167/files/tulip-or-hair-colour-beserk-all-beserkstaple-clickfrenzy15-2023-cosmetics-directions-discountapp-dye-fp-hair-hair-colour-hair-dye-hair-products-hair-red-labelvegan-rainbow-red-vegan-5.jpg?v=1746741017,https://cdn.shopify.com/s/files/1/0836/9167/files/directions-brand-1_7e3540c4-536b-465f-bb73-ecbee96e0905.jpg?v=1775889733,https://cdn.shopify.com/s/files/1/0836/9167/files/directions-brand-2_cf028072-275c-4c80-b6a7-e75e1ffa227e.jpg?v=1775889736,https://cdn.shopify.com/s/files/1/0836/9167/files/directions-brand-3_3895bb27-9d6a-4a64-88ef-f75bd699b266.jpg?v=1775889738,https://cdn.shopify.com/s/files/1/0836/9167/files/directions-tulip-hero.jpg?v=1775894628",https://www.beserk.com.au/pages/privacy-policy,https://www.beserk.com.au/pages/terms-and-conditions,https://www.beserk.com.au/pages/beserk-returns,AU,AU
9433256589,"Silver | Hair Colour","Icy-cool tones give this seriously metallic shade of Silver a breathtaking shine. Dazzle differently by alternatively using Silver to tone away any unwanted yellow in your hair. Soft, silky hair never goes out of style. That’s why all Directions colours contain a conditioning formula that nourishes hair from first application. All Directions colours can be mixed with each other to create your own unique shade! 100% Vegan & Cruelty-Free! Weight:  100ml Please Note:   For vibrant results the colour should be used on bleached or pre lightened hair, or can be used on untreated hair to achieve a subtle tint. Instructions: - Always carry out a patch test on your skin first - Wash your hair and towel dry - Apply dye to your hair, spreading evenly with a tint brush or comb - Allow to develop for around 20 - 45 mins - Rinse out dye until the water starts to run clear DIRECTIONS Shop all  Directions                                         ",Beserk,https://www.beserk.com.au/products/silver-hair-colour-1?variant=34702934797&country=AU,https://cdn.shopify.com/s/files/1/0836/9167/files/directions-silver-hair-colour-1.jpg?v=1746741004,in_stock,"13.95 AUD",,Directions,,DIR-SILVER-100,yes,new,HAIR,,,,unisex,,,0.135,kg,"https://cdn.shopify.com/s/files/1/0836/9167/files/silver-or-hair-colour-beserk-all-beserkstaple-clickfrenzy15-2023-cosmetics-directions-discountapp-dye-fp-grey-hair-hair-colour-hair-dye-hair-silver-labelvegan-silver-vegan-2.jpg?v=1746741004,https://cdn.shopify.com/s/files/1/0836/9167/files/silver-or-hair-colour-beserk-all-beserkstaple-clickfrenzy15-2023-cosmetics-directions-discountapp-dye-fp-grey-hair-hair-colour-hair-dye-hair-silver-labelvegan-silver-vegan-3.jpg?v=1746741004,https://cdn.shopify.com/s/files/1/0836/9167/files/silver-or-hair-colour-beserk-all-beserkstaple-clickfrenzy15-2023-cosmetics-directions-discountapp-dye-fp-grey-hair-hair-colour-hair-dye-hair-silver-labelvegan-silver-vegan-4.jpg?v=1746741004,https://cdn.shopify.com/s/files/1/0836/9167/files/silver-or-hair-colour-beserk-all-beserkstaple-clickfrenzy15-2023-cosmetics-directions-discountapp-dye-fp-grey-hair-hair-colour-hair-dye-hair-silver-labelvegan-silver-vegan-5.jpg?v=1746741004,https://cdn.shopify.com/s/files/1/0836/9167/files/directions-brand-1_28d60881-3ab4-4062-9b67-be96c73c6809.jpg?v=1775889652,https://cdn.shopify.com/s/files/1/0836/9167/files/directions-brand-2_e4e5034f-c6c1-42cc-bed2-ba3cee10bb37.jpg?v=1775889654,https://cdn.shopify.com/s/files/1/0836/9167/files/directions-brand-3_518bd83b-18b8-4547-b406-11e6b7adadce.jpg?v=1775889656,https://cdn.shopify.com/s/files/1/0836/9167/files/directions-silver-hero.jpg?v=1775894724",https://www.beserk.com.au/pages/privacy-policy,https://www.beserk.com.au/pages/terms-and-conditions,https://www.beserk.com.au/pages/beserk-returns,AU,AU
9433256845,"Violet | Hair Colour","An intense purple and red undertone, Violet is a top pick for those looking for hair colour that’s as wild as their imagination. Soft, silky hair never goes out of style. That’s why all Directions colours contain a conditioning formula that nourishes hair from first application. All Directions colours can be mixed with each other to create your own unique shade! 100% Vegan & Cruelty-Free! Weight:  100ml Please Note:   For vibrant results the colour should be used on bleached or pre lightened hair, or can be used on untreated hair to achieve a subtle tint. Instructions: - Always carry out a patch test on your skin first - Wash your hair and towel dry - Apply dye to your hair, spreading evenly with a tint brush or comb - Allow to develop for around 20 - 45 mins - Rinse out dye until the water starts to run clear DIRECTIONS Shop all  Directions",Beserk,https://www.beserk.com.au/products/violet-hair-colour-1?variant=34702935437&country=AU,https://cdn.shopify.com/s/files/1/0836/9167/files/directions-violet-hair-colour-1.jpg?v=1746741025,in_stock,"13.95 AUD",,Directions,,DIR-VIOLET-100,yes,new,HAIR,,,,unisex,,,0.135,kg,"https://cdn.shopify.com/s/files/1/0836/9167/files/violet-or-hair-colour-beserk-all-beserkstaple-clickfrenzy15-2023-cosmetics-directions-discountapp-dye-fp-hair-hair-colour-hair-dye-hair-products-hair-purple-labelvegan-purple-rainbow_33240463-bea7-4d0b-96e2-b12c75e326c7.jpg?v=1746741025,https://cdn.shopify.com/s/files/1/0836/9167/files/violet-or-hair-colour-beserk-all-beserkstaple-clickfrenzy15-2023-cosmetics-directions-discountapp-dye-fp-hair-hair-colour-hair-dye-hair-products-hair-purple-labelvegan-purple-rainbow_9a491449-0c30-4c08-be38-f31e5566770a.jpg?v=1746741025,https://cdn.shopify.com/s/files/1/0836/9167/files/violet-or-hair-colour-beserk-all-beserkstaple-clickfrenzy15-2023-cosmetics-directions-discountapp-dye-fp-hair-hair-colour-hair-dye-hair-products-hair-purple-labelvegan-purple-rainbow_c3424828-26f2-42a2-b156-aac965816774.jpg?v=1746741025,https://cdn.shopify.com/s/files/1/0836/9167/files/violet-or-hair-colour-beserk-all-beserkstaple-clickfrenzy15-2023-cosmetics-directions-discountapp-dye-fp-hair-hair-colour-hair-dye-hair-products-hair-purple-labelvegan-purple-rainbow_70d10ea3-d799-44e9-8e46-f4fb0e93ec13.jpg?v=1746741025,https://cdn.shopify.com/s/files/1/0836/9167/files/directions-brand-1_b044f55e-6829-49a8-ae55-e5df99ff9fd2.jpg?v=1775889551,https://cdn.shopify.com/s/files/1/0836/9167/files/directions-brand-2_adf000f5-c73c-4ae1-9fdb-d772ea740af3.jpg?v=1775889553,https://cdn.shopify.com/s/files/1/0836/9167/files/directions-brand-3_6be9e42a-d58f-439c-b3a0-14291fdd9646.jpg?v=1775889556,https://cdn.shopify.com/s/files/1/0836/9167/files/directions-violet-hero.jpg?v=1775894748",https://www.beserk.com.au/pages/privacy-policy,https://www.beserk.com.au/pages/terms-and-conditions,https://www.beserk.com.au/pages/beserk-returns,AU,AU
9433257421,"Vermillion Red | Hair Colour","Vermillion Red infuses hair with life, with its deep blood-like formula and orange undertones. Soft, silky hair never goes out of style. That’s why all Directions colours contain a conditioning formula that nourishes hair from first application. All Directions colours can be mixed with each other to create your own unique shade! 100% Vegan & Cruelty-Free! Weight:  100ml Please Note:   For vibrant results the colour should be used on bleached or pre lightened hair, or can be used on untreated hair to achieve a subtle tint. Instructions: - Always carry out a patch test on your skin first - Wash your hair and towel dry - Apply dye to your hair, spreading evenly with a tint brush or comb - Allow to develop for around 20 - 45 mins - Rinse out dye until the water starts to run clear DIRECTIONS Shop all  Directions",Beserk,https://www.beserk.com.au/products/vermillion-red-hair-colour-1?variant=34702937165&country=AU,https://cdn.shopify.com/s/files/1/0836/9167/files/directions-vermillion-red-hair-colour-1.jpg?v=1746741023,in_stock,"13.95 AUD",,Directions,,DIR-VERMILLION-RED-100,yes,new,HAIR,,,,unisex,,,0.135,kg,"https://cdn.shopify.com/s/files/1/0836/9167/files/vermillion-red-or-hair-colour-beserk-all-beserkstaple-clickfrenzy15-2023-cosmetics-directions-discountapp-dye-fp-hair-hair-colour-hair-dye-hair-products-hair-red-labelvegan-rainbow-re_82bd5e45-b03a-4c2b-a059-674fa7ce52c3.jpg?v=1746741023,https://cdn.shopify.com/s/files/1/0836/9167/files/vermillion-red-or-hair-colour-beserk-all-beserkstaple-clickfrenzy15-2023-cosmetics-directions-discountapp-dye-fp-hair-hair-colour-hair-dye-hair-products-hair-red-labelvegan-rainbow-re_0eaf76d9-6017-43d8-b7c0-2606ecc993fc.jpg?v=1746741023,https://cdn.shopify.com/s/files/1/0836/9167/files/vermillion-red-or-hair-colour-beserk-all-beserkstaple-clickfrenzy15-2023-cosmetics-directions-discountapp-dye-fp-hair-hair-colour-hair-dye-hair-products-hair-red-labelvegan-rainbow-re_e1b12bbf-5360-405e-abc3-ba972fc72697.jpg?v=1746741023,https://cdn.shopify.com/s/files/1/0836/9167/files/vermillion-red-or-hair-colour-beserk-all-beserkstaple-clickfrenzy15-2023-cosmetics-directions-discountapp-dye-fp-hair-hair-colour-hair-dye-hair-products-hair-red-labelvegan-rainbow-re_7fa97497-5a1f-491c-9c6b-b287f37c23c4.jpg?v=1746741023,https://cdn.shopify.com/s/files/1/0836/9167/files/directions-brand-1_c57967e4-55d0-48ee-93e7-c577dc5023b9.jpg?v=1775889760,https://cdn.shopify.com/s/files/1/0836/9167/files/directions-brand-2_cc73a8cb-85dd-4793-873a-c31e9bc26f2c.jpg?v=1775889762,https://cdn.shopify.com/s/files/1/0836/9167/files/directions-brand-3_3d302fed-032d-4945-8b52-9158f2176db6.jpg?v=1775889764,https://cdn.shopify.com/s/files/1/0836/9167/files/directions-vermillion-red-hero.jpg?v=1775894744",https://www.beserk.com.au/pages/privacy-policy,https://www.beserk.com.au/pages/terms-and-conditions,https://www.beserk.com.au/pages/beserk-returns,AU,AU
9433260173,"Pillarbox Red | Hair Colour","A classic colour with uncompromising brightness, Pillarbox Red is just as vibrant as its name suggests. Soft, silky hair never goes out of style. That’s why all Directions colours contain a conditioning formula that nourishes hair from first application. All Directions colours can be mixed with each other to create your own unique shade! 100% Vegan & Cruelty-Free! Weight:  100ml Please Note:   For vibrant results the colour should be used on bleached or pre lightened hair, or can be used on untreated hair to achieve a subtle tint. Instructions: - Always carry out a patch test on your skin first - Wash your hair and towel dry - Apply dye to your hair, spreading evenly with a tint brush or comb - Allow to develop for around 20 - 45 mins - Rinse out dye until the water starts to run clear DIRECTIONS Shop all  Directions",Beserk,https://www.beserk.com.au/products/pillarbox-red-hair-colour?variant=34702953997&country=AU,https://cdn.shopify.com/s/files/1/0836/9167/files/directions-pillarbox-red-hair-colour-1.jpg?v=1746740843,in_stock,"13.95 AUD",,Directions,,DIR-PILLAR-RED-100,yes,new,HAIR,,,,unisex,,,0.135,kg,"https://cdn.shopify.com/s/files/1/0836/9167/files/pillarbox-red-or-hair-colour-beserk-all-beserkstaple-clickfrenzy15-2023-cosmetics-directions-discountapp-dye-fp-hair-hair-colour-hair-dye-hair-red-labelvegan-rainbow-red-vegan-2.jpg?v=1746740843,https://cdn.shopify.com/s/files/1/0836/9167/files/pillarbox-red-or-hair-colour-beserk-all-beserkstaple-clickfrenzy15-2023-cosmetics-directions-discountapp-dye-fp-hair-hair-colour-hair-dye-hair-red-labelvegan-rainbow-red-vegan-3.jpg?v=1746740843,https://cdn.shopify.com/s/files/1/0836/9167/files/pillarbox-red-or-hair-colour-beserk-all-beserkstaple-clickfrenzy15-2023-cosmetics-directions-discountapp-dye-fp-hair-hair-colour-hair-dye-hair-red-labelvegan-rainbow-red-vegan-4.jpg?v=1746740843,https://cdn.shopify.com/s/files/1/0836/9167/files/pillarbox-red-or-hair-colour-beserk-all-beserkstaple-clickfrenzy15-2023-cosmetics-directions-discountapp-dye-fp-hair-hair-colour-hair-dye-hair-red-labelvegan-rainbow-red-vegan-5.jpg?v=1746740843,https://cdn.shopify.com/s/files/1/0836/9167/files/directions-brand-1_6a260c7e-3cbd-4a49-bb49-31a2e3cee4fc.jpg?v=1775889712,https://cdn.shopify.com/s/files/1/0836/9167/files/directions-brand-2_012ff422-a92b-41ef-85b7-926f38b9609d.jpg?v=1775889715,https://cdn.shopify.com/s/files/1/0836/9167/files/directions-brand-3_2f6c627f-7163-44c3-b9b6-d00517b16a5a.jpg?v=1775889717,https://cdn.shopify.com/s/files/1/0836/9167/files/directions-pillarbox-red-hero.jpg?v=1775894570",https://www.beserk.com.au/pages/privacy-policy,https://www.beserk.com.au/pages/terms-and-conditions,https://www.beserk.com.au/pages/beserk-returns,AU,AU
9433260429,"White Toner | Hair Colour","This White Toner is here to remove those unwanted yellow tones that bleaching can leave behind and can alternatively be used to pastelise any colour in our range by mixing to create a new tone. Soft, silky hair never goes out of style. That’s why all Directions colours contain a conditioning formula that nourishes hair from first application. All Directions colours can be mixed with each other to create your own unique shade! 100% Vegan & Cruelty-Free! Weight:  100ml Please Note:   For vibrant results the colour should be used on bleached or pre lightened hair, or can be used on untreated hair to achieve a subtle tint. Instructions: - Always carry out a patch test on your skin first - Wash your hair and towel dry - Apply dye to your hair, spreading evenly with a tint brush or comb - Allow to develop for around 20 - 45 mins - Rinse out dye until the water starts to run clear DIRECTIONS Shop all  Directions",Beserk,https://www.beserk.com.au/products/white-toner-hair-colour?variant=34702955277&country=AU,https://cdn.shopify.com/s/files/1/0836/9167/files/directions-white-toner-hair-colour-1.jpg?v=1746741028,in_stock,"13.95 AUD",,Directions,,DIR-WHITE-TONER-100,yes,new,HAIR,,,,unisex,,,0.135,kg,"https://cdn.shopify.com/s/files/1/0836/9167/files/white-toner-or-hair-colour-beserk-all-beserkstaple-clickfrenzy15-2023-cosmetics-directions-discountapp-dye-fp-hair-hair-colour-hair-dye-hair-products-hair-toner-labelvegan-toner-vegan_136556d9-c6ff-41ad-a899-b26abb496c39.jpg?v=1746741028,https://cdn.shopify.com/s/files/1/0836/9167/files/white-toner-or-hair-colour-beserk-all-beserkstaple-clickfrenzy15-2023-cosmetics-directions-discountapp-dye-fp-hair-hair-colour-hair-dye-hair-products-hair-toner-labelvegan-toner-vegan_11f4bf8f-d0c3-4ef9-b472-ce88d6020507.jpg?v=1746741028,https://cdn.shopify.com/s/files/1/0836/9167/files/white-toner-or-hair-colour-beserk-all-beserkstaple-clickfrenzy15-2023-cosmetics-directions-discountapp-dye-fp-hair-hair-colour-hair-dye-hair-products-hair-toner-labelvegan-toner-vegan_f78a8d36-a12f-472b-a34c-9d19334e831d.jpg?v=1746741028,https://cdn.shopify.com/s/files/1/0836/9167/files/directions-brand-1_932dd0b3-2de7-4f78-a68a-5b8754ac9b90.jpg?v=1775889597,https://cdn.shopify.com/s/files/1/0836/9167/files/directions-brand-2_1f428af1-dba3-4bc7-a9d6-17147b7a7056.jpg?v=1775889599,https://cdn.shopify.com/s/files/1/0836/9167/files/directions-brand-3_f5c650ea-1782-47a7-844a-5481df82bfc9.jpg?v=1775889602,https://cdn.shopify.com/s/files/1/0836/9167/files/directions-white-toner-hero.jpg?v=1775894646",https://www.beserk.com.au/pages/privacy-policy,https://www.beserk.com.au/pages/terms-and-conditions,https://www.beserk.com.au/pages/beserk-returns,AU,AU
9433279181,"Plum | Semi-Permanent Lip Stain Pen","Colour your lips with the Plum 10 Semi-Permanent Lip Stain Pen from Stargazer! FEATURES: - Kiss-Proof and Smudge-Proof - Hydrating and Long-Lasting (Up to 12 Hours) - Bright, Vibrant Colour - Precision Felt Tip -   Reversible Felt Tip Nib - Easy Removal with Oil-Based Make-up Remover 100% Vegan & Cruelty-Free! Please Note:  We recommend that you patch test any new product before its continued usage. If any redness or itching occurs do not continue use.  Colour may appear different due to screen differences.  STARGAZER",Beserk,https://www.beserk.com.au/products/plum-semi-permanent-lip-stain-pen?variant=34703098893&country=AU,https://cdn.shopify.com/s/files/1/0836/9167/files/plum-or-semi-permanent-lip-stain-pen-beserk-all-clickfrenzy15-2023-cosmetics-discountapp-fp-gothic-halloween-labelvegan-light-lip-lips-lipstick-make-up-makeup-pastel-purple-stargazer.jpg?v=1687776387,in_stock,"10.95 AUD",,Stargazer,,SGS187-10,yes,new,MAKEUP,,,,,,,0.02,kg,"https://cdn.shopify.com/s/files/1/0836/9167/files/Stargazer-lip-stain-swatch-10.jpg?v=1756253737,https://cdn.shopify.com/s/files/1/0836/9167/files/plum-or-semi-permanent-lip-stain-pen-beserk-all-clickfrenzy15-2023-cosmetics-discountapp-fp-gothic-halloween-labelvegan-light-lip-lips-lipstick-make-up-makeup-pastel-purple-stargazer_c3884c66-d9dd-40ce-b3db-4eff9c58dd2c.jpg?v=1756253737",https://www.beserk.com.au/pages/privacy-policy,https://www.beserk.com.au/pages/terms-and-conditions,https://www.beserk.com.au/pages/beserk-returns,AU,AU
9433402445,"Phantom Green | Hair Colour [118Ml]","COLOUR - PHANTOM GREEN Get in tune with Mother Nature herself with Phantom Green! This deep forest green  will show vibrantly on pre-lightened hair, but will give darker hair a subtle emerald tint. Phantom Green has strong blue undertones, so it will often fade to more of a deep blue shade, especially on very light hair. #AFProTip: For more of a jewel-toned emerald or teal, mix Phantom Green with some Aquamarine! Arctic Fox Hair Colour is cruelty-free, semi-permanent hair dye that is made only from vegan ingredients. - 100% Vegan (Non-GMO) - No Animal By-products - Never Tested on Animals - Extra Conditioning - No Peroxide - No Ammonia - PPD Free - DIY Formula - Hydrating + Zero Damage - Best Results With Pre-Lightened Hair - Always Do a Patch & Strand Test Before Colouring SIZE: 118ml / 4oz ARCTIC FOX",Beserk,https://www.beserk.com.au/products/phantom-green-hair-colour-118ml?variant=34703900557&country=AU,https://cdn.shopify.com/s/files/1/0836/9167/files/phantom-green-hair-colour-118ml_2.jpg?v=1786741939,in_stock,"19.95 AUD",,"Arctic Fox",,AF-118-PG,yes,new,HAIR,,,,,,,0.15,kg,"https://cdn.shopify.com/s/files/1/0836/9167/files/phantom-green-hair-colour-118ml_3.jpg?v=1786742001,https://cdn.shopify.com/s/files/1/0836/9167/files/phantom-green-or-hair-colour-118ml-beserk-420sale-all-arctic-fox-artic-fox-clickfrenzy15-2023-cosmetics-dark-green-discountapp-fp-green-hair-colour-hair-dye-hair-green-labelvegan-leth_72493857-5c0b-40e6-8927-1b2200153adb.jpg?v=1687776389,https://cdn.shopify.com/s/files/1/0836/9167/files/phantom-green-or-hair-colour-118ml-beserk-420sale-all-arctic-fox-artic-fox-clickfrenzy15-2023-cosmetics-dark-green-discountapp-fp-green-hair-colour-hair-dye-hair-green-labelvegan-leth_13916a72-37c6-442f-a1ce-7ac4c04cfcaf.jpg?v=1687776392,https://cdn.shopify.com/s/files/1/0836/9167/files/phantom-green-or-hair-colour-118ml-beserk-420sale-all-arctic-fox-artic-fox-clickfrenzy15-2023-cosmetics-dark-green-discountapp-fp-green-hair-colour-hair-dye-hair-green-labelvegan-leth_28918187-f79e-4965-9649-83a77478190e.jpg?v=1687776394,https://cdn.shopify.com/s/files/1/0836/9167/files/phantom-green-hair-colour-118ml_1.jpg?v=1786742001,https://cdn.shopify.com/s/files/1/0836/9167/files/phantom-green-hair-colour-118ml_4.jpg?v=1786742001",https://www.beserk.com.au/pages/privacy-policy,https://www.beserk.com.au/pages/terms-and-conditions,https://www.beserk.com.au/pages/beserk-returns,AU,AU
9433402829,"Phantom Green | Hair Colour [236Ml]","COLOUR - PHANTOM GREEN Get in tune with Mother Nature herself with Phantom Green! This deep forest green  will show vibrantly on pre-lightened hair, but will give darker hair a subtle emerald tint. Phantom Green has strong blue undertones, so it will often fade to more of a deep blue shade, especially on very light hair. #AFProTip: For more of a jewel-toned emerald or teal, mix Phantom Green with some Aquamarine! Arctic Fox Hair Colour is cruelty-free, semi-permanent hair dye that is made only from vegan ingredients. - 100% Vegan (Non-GMO) - No Animal By-products - Never Tested on Animals - Extra Conditioning - No Peroxide - No Ammonia - PPD Free - DIY Formula - Hydrating + Zero Damage - Best Results With Pre-Lightened Hair - Always Do a Patch & Strand Test Before Colouring SIZE:  236ml / 8oz ARCTIC FOX",Beserk,https://www.beserk.com.au/products/phantom-green-hair-colour-236ml?variant=34703901325&country=AU,https://cdn.shopify.com/s/files/1/0836/9167/files/phantom-green-hair-colour-236ml.jpg?v=1786741941,out_of_stock,"29.95 AUD",,"Arctic Fox",,AF-236-PG,yes,new,HAIR,,,,,,,0.28,kg,"https://cdn.shopify.com/s/files/1/0836/9167/files/phantom-green-hair-colour-118ml_4_51358d6b-d290-436a-9494-ae99f174a1b6.jpg?v=1786742004,https://cdn.shopify.com/s/files/1/0836/9167/files/phantom-green-or-hair-colour-236ml-beserk-420sale-all-arctic-fox-artic-fox-clickfrenzy15-2023-cosmetics-dark-green-discountapp-fp-green-hair-colour-hair-dye-hair-green-labelvegan-leth_3a8f815c-13a6-4d53-995b-ce216585603b.jpg?v=1687776401,https://cdn.shopify.com/s/files/1/0836/9167/files/phantom-green-or-hair-colour-236ml-beserk-420sale-all-arctic-fox-artic-fox-clickfrenzy15-2023-cosmetics-dark-green-discountapp-fp-green-hair-colour-hair-dye-hair-green-labelvegan-leth_13ec0aef-6e53-495b-b259-0472ac121835.jpg?v=1687776404,https://cdn.shopify.com/s/files/1/0836/9167/files/phantom-green-or-hair-colour-236ml-beserk-420sale-all-arctic-fox-artic-fox-clickfrenzy15-2023-cosmetics-dark-green-discountapp-fp-green-hair-colour-hair-dye-hair-green-labelvegan-leth_6989100b-d542-42e0-a41d-9f4ec738947a.jpg?v=1687776406,https://cdn.shopify.com/s/files/1/0836/9167/files/phantom-green-hair-colour-118ml_1_5d09b3f8-8aa5-4c1c-9ff4-743db145b8be.jpg?v=1786742004,https://cdn.shopify.com/s/files/1/0836/9167/files/phantom-green-hair-colour-118ml_3_c8823c53-803d-4e7f-8518-dab454fc02e9.jpg?v=1786742004",https://www.beserk.com.au/pages/privacy-policy,https://www.beserk.com.au/pages/terms-and-conditions,https://www.beserk.com.au/pages/beserk-returns,AU,AU
9433408589,"Aquamarine | Hair Colour [118Ml]","COLOUR - AQUAMARINE Mermaid vibes for days! Aquamarine is a vibrant turquoise shade that is highly pigmented. It'll turn out most vividly on pre-lightened hair, but can still work to give a deep teal tint to darker shades of unbleached hair. #AFProTip: To cover a more brassy-toned blonde, try mixing Aquamarine with a little bit of Purple Rain to get a perfect cobalt or a deep indigo! Arctic Fox Hair Colour is cruelty-free, semi-permanent hair dye that is made only from vegan ingredients. -  100% Vegan (Non-GMO) -  No Animal By-products -  Never Tested on Animals -  Extra Conditioning -  No Peroxide -  No Ammonia -  PPD Free -  DIY Formula -  Hydrating + Zero Damage -  Best Results With Pre-Lightened Hair -  Always Do a Patch & Strand Test Before Colouring SIZE: 118ml / 4oz ARCTIC FOX Shop all  Arctic Fox",Beserk,https://www.beserk.com.au/products/aquamarine-hair-colour-118ml?variant=34703939469&country=AU,https://cdn.shopify.com/s/files/1/0836/9167/files/Aquamarine_4oz_02_af2e73ae-9dde-4e6f-bdbe-46416719fdb5_015.jpg?v=1786703331,in_stock,"19.95 AUD",,"Arctic Fox",,AF-118-AQ,yes,new,HAIR,,,,,,,0.15,kg,"https://cdn.shopify.com/s/files/1/0836/9167/files/aquamarine-hair-colour-118ml-_1.jpg?v=1786700485,https://cdn.shopify.com/s/files/1/0836/9167/files/aquamarine-or-hair-colour-118ml-beserk-all-arctic-fox-artic-fox-blue-clickfrenzy15-2023-cosmetics-discountapp-featured-fp-hair-blue-hair-colour-hair-dye-labelvegan-lethal-industries-m_bcde1145-c63a-41d4-a4aa-2af7ff3b7778.jpg?v=1687776401,https://cdn.shopify.com/s/files/1/0836/9167/files/aquamarine-or-hair-colour-118ml-beserk-all-arctic-fox-artic-fox-blue-clickfrenzy15-2023-cosmetics-discountapp-featured-fp-hair-blue-hair-colour-hair-dye-labelvegan-lethal-industries-m_b6d1e17c-ea7e-4c20-9413-6d139304cc0f.jpg?v=1687776404,https://cdn.shopify.com/s/files/1/0836/9167/files/aquamarine-or-hair-colour-118ml-beserk-all-arctic-fox-artic-fox-blue-clickfrenzy15-2023-cosmetics-discountapp-featured-fp-hair-blue-hair-colour-hair-dye-labelvegan-lethal-industries-m_3a743753-0f55-4178-96fe-e001c6985c01.jpg?v=1687776406,https://cdn.shopify.com/s/files/1/0836/9167/files/aquamarine-or-hair-colour-118ml-beserk-all-arctic-fox-artic-fox-blue-clickfrenzy15-2023-cosmetics-discountapp-featured-fp-hair-blue-hair-colour-hair-dye-labelvegan-lethal-industries-m_ed67fd85-58ea-42a3-bf44-be71565a66b6.jpg?v=1687776408,https://cdn.shopify.com/s/files/1/0836/9167/files/aquamarine-or-hair-colour-118ml-beserk-all-arctic-fox-artic-fox-blue-clickfrenzy15-2023-cosmetics-discountapp-featured-fp-hair-blue-hair-colour-hair-dye-labelvegan-lethal-industries-m_8728ea7b-e58a-4971-8784-3bf458542670.jpg?v=1687776411,https://cdn.shopify.com/s/files/1/0836/9167/files/aquamarine-hair-colour-236ml-_4.jpg?v=1786700525",https://www.beserk.com.au/pages/privacy-policy,https://www.beserk.com.au/pages/terms-and-conditions,https://www.beserk.com.au/pages/beserk-returns,AU,AU
9433408653,"Arctic Mist Diluter | Hair Colour [236Ml]","COLOUR - ARCTIC MIST DILUTER Ever wondered how to get the perfect pastel? The mystery is over! Arctic Mist diluter is the ideal base for mixing up a custom colour or pastel using any other AF shade. We suggest starting with Arctic Mist, then add your next shade little by little until you get that perfect hue. Happy mixing, may the force be with you! Arctic Mist is not a dye, toner, or lightening product. This diluter will have no effect on the hair if applied by itself - it’s meant to be mixed with other colours to create custom shades. Arctic Fox Hair Colour is cruelty-free, semi-permanent hair dye that is made only from vegan ingredients. - 100% Vegan (Non-GMO) - No Animal By-products - Never Tested on Animals - Extra Conditioning - No Peroxide - No Ammonia - PPD Free - DIY Formula - Hydrating + Zero Damage - Best Results With Pre-Lightened Hair - Always Do a Patch & Strand Test Before Colouring SIZE:  236ml / 8oz ARCTIC FOX Shop all  Arctic Fox",Beserk,https://www.beserk.com.au/products/arctic-mist-diluter-hair-colour-236ml?variant=34703939533&country=AU,https://cdn.shopify.com/s/files/1/0836/9167/files/arctic-mist_007.jpg?v=1786703338,out_of_stock,"29.95 AUD",,"Arctic Fox",,AF-236-MD,yes,new,HAIR,,,,,,,0.28,kg,"https://cdn.shopify.com/s/files/1/0836/9167/files/arctic-mist-diluter-hair-colour-236ml-_5.jpg?v=1786700556,https://cdn.shopify.com/s/files/1/0836/9167/files/arctic-mist-diluter-or-hair-colour-236ml-beserk-all-arctic-fox-artic-fox-clickfrenzy15-2023-cosmetics-discountapp-fp-hair-colour-hair-dye-hair-toner-labelvegan-lethal-industries-paste_db67b476-9a07-4a50-bd2e-1ba2b21f4ad8.jpg?v=1687776401,https://cdn.shopify.com/s/files/1/0836/9167/files/arctic-mist-diluter-or-hair-colour-236ml-beserk-all-arctic-fox-artic-fox-clickfrenzy15-2023-cosmetics-discountapp-fp-hair-colour-hair-dye-hair-toner-labelvegan-lethal-industries-paste_75a525f9-846b-402d-8afc-5efc8a37a9a7.jpg?v=1687776403,https://cdn.shopify.com/s/files/1/0836/9167/files/arctic-mist-diluter-or-hair-colour-236ml-beserk-all-arctic-fox-artic-fox-clickfrenzy15-2023-cosmetics-discountapp-fp-hair-colour-hair-dye-hair-toner-labelvegan-lethal-industries-paste_bfac0ca1-2cc5-435f-8645-bac0d1334a99.jpg?v=1687776406,https://cdn.shopify.com/s/files/1/0836/9167/files/arctic-mist-diluter-or-hair-colour-236ml-beserk-all-arctic-fox-artic-fox-clickfrenzy15-2023-cosmetics-discountapp-fp-hair-colour-hair-dye-hair-toner-labelvegan-lethal-industries-paste_164696a5-3846-473a-86d9-e5e2e8c1e190.jpg?v=1687776408,https://cdn.shopify.com/s/files/1/0836/9167/files/arctic-mist-diluter-hair-colour-236ml-_2.jpg?v=1786700556,https://cdn.shopify.com/s/files/1/0836/9167/files/arctic-mist-diluter-hair-colour-236ml-_3.jpg?v=1786700556,https://cdn.shopify.com/s/files/1/0836/9167/files/arctic-mist-diluter-hair-colour-236ml-_4.jpg?v=1786700556",https://www.beserk.com.au/pages/privacy-policy,https://www.beserk.com.au/pages/terms-and-conditions,https://www.beserk.com.au/pages/beserk-returns,AU,AU
9433408845,"Poseidon | Hair Colour [118Ml]","COLOUR - POSEIDON Make some serious waves with this mythical shade. Poseidon is a vibrant, medium true blue. For the most vivid results, this oceanic colour should be applied to hair that has been pre-lightened to a cool-toned level 8 or lighter. #AFProTip: Try mixing Poseidon with a little bit of Arctic Mist to get a beautiful pastel baby blue! Have a bit of brassiness to your hair and need a darker shade? Fear not! Add a dash of Purple Rain to fight those unwanted brassy tones. Arctic Fox Hair Colour is cruelty-free, semi-permanent hair dye that is made only from vegan ingredients. - 100% Vegan (Non-GMO) - No Animal By-products - Never Tested on Animals - Extra Conditioning - No Peroxide - No Ammonia - PPD Free - DIY Formula - Hydrating + Zero Damage - Best Results With Pre-Lightened Hair - Always Do a Patch & Strand Test Before Colouring SIZE: 118ml / 4oz ARCTIC FOX",Beserk,https://www.beserk.com.au/products/poseidon-hair-colour-118ml?variant=34703940045&country=AU,https://cdn.shopify.com/s/files/1/0836/9167/files/poseidon-hair-colour-118ml_2.jpg?v=1786741950,in_stock,"19.95 AUD",,"Arctic Fox",,AF-118-PD,yes,new,HAIR,,,,,,,0.15,kg,"https://cdn.shopify.com/s/files/1/0836/9167/files/poseidon-hair-colour-118ml_1.jpg?v=1786742027,https://cdn.shopify.com/s/files/1/0836/9167/files/poseidon-or-hair-colour-118ml-beserk-all-arctic-fox-artic-fox-blue-clickfrenzy15-2023-cosmetics-dark-blue-discountapp-fp-hair-blue-hair-colour-hair-dye-labelvegan-lethal-industries-me_6381142d-05b5-449a-a7e7-5930197f4ea9.jpg?v=1687776401,https://cdn.shopify.com/s/files/1/0836/9167/files/poseidon-or-hair-colour-118ml-beserk-all-arctic-fox-artic-fox-blue-clickfrenzy15-2023-cosmetics-dark-blue-discountapp-fp-hair-blue-hair-colour-hair-dye-labelvegan-lethal-industries-me_d445e877-d87d-42f6-9245-8db4db0b2f17.jpg?v=1687776407,https://cdn.shopify.com/s/files/1/0836/9167/files/poseidon-or-hair-colour-118ml-beserk-all-arctic-fox-artic-fox-blue-clickfrenzy15-2023-cosmetics-dark-blue-discountapp-fp-hair-blue-hair-colour-hair-dye-labelvegan-lethal-industries-me_26049ac7-ace7-411d-9993-78bc8fdde007.jpg?v=1687776410,https://cdn.shopify.com/s/files/1/0836/9167/files/poseidon-hair-colour-118ml_3.jpg?v=1786742027",https://www.beserk.com.au/pages/privacy-policy,https://www.beserk.com.au/pages/terms-and-conditions,https://www.beserk.com.au/pages/beserk-returns,AU,AU
9433409037,"Poseidon | Hair Colour [236Ml]","COLOUR - POSEIDON Make some serious waves with this mythical shade. Poseidon is a vibrant, medium true blue. For the most vivid results, this oceanic colour should be applied to hair that has been pre-lightened to a cool-toned level 8 or lighter. #AFProTip: Try mixing Poseidon with a little bit of Arctic Mist to get a beautiful pastel baby blue! Have a bit of brassiness to your hair and need a darker shade? Fear not! Add a dash of Purple Rain to fight those unwanted brassy tones. Arctic Fox Hair Colour is cruelty-free, semi-permanent hair dye that is made only from vegan ingredients. - 100% Vegan (Non-GMO) - No Animal By-products - Never Tested on Animals - Extra Conditioning - No Peroxide - No Ammonia - PPD Free - DIY Formula - Hydrating + Zero Damage - Best Results With Pre-Lightened Hair - Always Do a Patch & Strand Test Before Colouring SIZE:  236ml / 8oz ARCTIC FOX Shop all  Arctic Fox",Beserk,https://www.beserk.com.au/products/poseidon-hair-colour-236ml?variant=34703940301&country=AU,https://cdn.shopify.com/s/files/1/0836/9167/files/poseidon-hair-colour-236ml.jpg?v=1786741953,in_stock,"29.95 AUD",,"Arctic Fox",,AF-236-PD,yes,new,HAIR,,,,,,,0.28,kg,"https://cdn.shopify.com/s/files/1/0836/9167/files/poseidon-hair-colour-118ml_3_a2a93acc-ed0a-4874-8823-4f18071a40ab.jpg?v=1786742029,https://cdn.shopify.com/s/files/1/0836/9167/files/poseidon-or-hair-colour-236ml-beserk-all-arctic-fox-artic-fox-blue-clickfrenzy15-2023-cosmetics-dark-blue-discountapp-fp-hair-blue-hair-colour-hair-dye-labelvegan-lethal-industries-me_f2fe1daa-3edd-4d96-8248-0bfe49db43df.jpg?v=1687776401,https://cdn.shopify.com/s/files/1/0836/9167/files/poseidon-or-hair-colour-236ml-beserk-all-arctic-fox-artic-fox-blue-clickfrenzy15-2023-cosmetics-dark-blue-discountapp-fp-hair-blue-hair-colour-hair-dye-labelvegan-lethal-industries-me_48a3d124-8d8e-4c91-a793-46c556e97f82.jpg?v=1687776404,https://cdn.shopify.com/s/files/1/0836/9167/files/poseidon-or-hair-colour-236ml-beserk-all-arctic-fox-artic-fox-blue-clickfrenzy15-2023-cosmetics-dark-blue-discountapp-fp-hair-blue-hair-colour-hair-dye-labelvegan-lethal-industries-me_830ecadb-88e0-4d2d-9bcb-2c10a39a9625.jpg?v=1687776406,https://cdn.shopify.com/s/files/1/0836/9167/files/poseidon-hair-colour-118ml_1_ca946f61-572b-444d-af26-793de20e5756.jpg?v=1786742029",https://www.beserk.com.au/pages/privacy-policy,https://www.beserk.com.au/pages/terms-and-conditions,https://www.beserk.com.au/pages/beserk-returns,AU,AU
9433409357,"Aquamarine | Hair Colour [236Ml]","COLOUR - AQUAMARINE Mermaid vibes for days! Aquamarine is a vibrant turquoise shade that is highly pigmented. It'll turn out most vividly on pre-lightened hair, but can still work to give a deep teal tint to darker shades of unbleached hair. #AFProTip: To cover a more brassy-toned blonde, try mixing Aquamarine with a little bit of Purple Rain to get a perfect cobalt or a deep indigo! Arctic Fox Hair Colour is cruelty-free, semi-permanent hair dye that is made only from vegan ingredients. -  100% Vegan (Non-GMO) -  No Animal By-products -  Never Tested on Animals -  Extra Conditioning -  No Peroxide -  No Ammonia -  PPD Free -  DIY Formula -  Hydrating + Zero Damage -  Best Results With Pre-Lightened Hair -  Always Do a Patch & Strand Test Before Colouring SIZE:  236ml / 8oz ARCTIC FOX Shop all Arctic Fox",Beserk,https://www.beserk.com.au/products/aquamarine-hair-colour-236ml?variant=34703941133&country=AU,https://cdn.shopify.com/s/files/1/0836/9167/files/Aquamrine_8oz_02_2_32a4c6b5-19aa-47e7-986e-7360e822_010.jpg?v=1786703334,in_stock,"29.95 AUD",,"Arctic Fox",,AF-236-AQ,yes,new,HAIR,,,,,,,0.28,kg,"https://cdn.shopify.com/s/files/1/0836/9167/files/aquamarine-hair-colour-236ml-_5.jpg?v=1786700549,https://cdn.shopify.com/s/files/1/0836/9167/files/aquamarine-or-hair-colour-236ml-beserk-all-arctic-fox-artic-fox-blue-clickfrenzy15-2023-cosmetics-discountapp-fp-hair-blue-hair-colour-hair-dye-labelvegan-lethal-industries-mermaid-ra_3dc88f74-8ace-46ad-87e0-38d4f4e4145a.jpg?v=1687776418,https://cdn.shopify.com/s/files/1/0836/9167/files/aquamarine-or-hair-colour-236ml-beserk-all-arctic-fox-artic-fox-blue-clickfrenzy15-2023-cosmetics-discountapp-fp-hair-blue-hair-colour-hair-dye-labelvegan-lethal-industries-mermaid-ra_c83a375c-6718-46d1-8b94-396c50fb6fa9.jpg?v=1687776421,https://cdn.shopify.com/s/files/1/0836/9167/files/aquamarine-or-hair-colour-236ml-beserk-all-arctic-fox-artic-fox-blue-clickfrenzy15-2023-cosmetics-discountapp-fp-hair-blue-hair-colour-hair-dye-labelvegan-lethal-industries-mermaid-ra_74ac0976-4d49-4758-82b5-ff2f67aaafc5.jpg?v=1687776423,https://cdn.shopify.com/s/files/1/0836/9167/files/aquamarine-or-hair-colour-236ml-beserk-all-arctic-fox-artic-fox-blue-clickfrenzy15-2023-cosmetics-discountapp-fp-hair-blue-hair-colour-hair-dye-labelvegan-lethal-industries-mermaid-ra_38db088d-c5d7-426a-b0d6-340f8d11307e.jpg?v=1687776426,https://cdn.shopify.com/s/files/1/0836/9167/files/aquamarine-or-hair-colour-236ml-beserk-all-arctic-fox-artic-fox-blue-clickfrenzy15-2023-cosmetics-discountapp-fp-hair-blue-hair-colour-hair-dye-labelvegan-lethal-industries-mermaid-ra_5289d1ae-2689-4cff-afea-373c3f72522c.jpg?v=1687776428,https://cdn.shopify.com/s/files/1/0836/9167/files/aquamarine-hair-colour-236ml-_4_3d9c0971-1ab0-4b18-b386-bbc377cb9056.jpg?v=1786700549",https://www.beserk.com.au/pages/privacy-policy,https://www.beserk.com.au/pages/terms-and-conditions,https://www.beserk.com.au/pages/beserk-returns,AU,AU
9433409485,"Purple Af | Hair Colour [236Ml]","COLOUR - PURPLE AF Shh...don't tell any of our other shades, but Purple Rain is one of our faves. This deep, true purple is a versatile colour that works well on a variety of base colours from platinum to light brown, giving deep tints of colour to darker hair and showing vibrantly on lightened hair. It even works well to cover up other faded colours effectively! #AFProTip: Purple AF pairs well with tons of other AF shades; try mixing it with some Wrath for a burgundy, or Poseidon for a deep indigo. Arctic Fox Hair Colour is cruelty-free, semi-permanent hair dye that is made only from vegan ingredients. - 100% Vegan (Non-GMO) - No Animal By-products - Never Tested on Animals - Extra Conditioning - No Peroxide - No Ammonia - PPD Free - DIY Formula - Hydrating + Zero Damage - Best Results With Pre-Lightened Hair - Always Do a Patch & Strand Test Before Colouring SIZE:  236ml / 8oz ARCTIC FOX",Beserk,https://www.beserk.com.au/products/purple-rain-hair-colour-236ml?variant=34703941261&country=AU,https://cdn.shopify.com/s/files/1/0836/9167/files/purple-af-hair-colour-236ml.jpg?v=1786741957,in_stock,"29.95 AUD",,"Arctic Fox",,AF-236-PR,yes,new,HAIR,,,,,,,0.28,kg,"https://cdn.shopify.com/s/files/1/0836/9167/files/purple-af-hair-colour-118ml_1_3ce3e81c-ae74-4f2a-b952-f7d0aa60538f.jpg?v=1786742035,https://cdn.shopify.com/s/files/1/0836/9167/files/purple-af-or-hair-colour-236ml-beserk-all-arctic-fox-artic-fox-clickfrenzy15-2023-cosmetics-discountapp-fp-hair-colour-hair-dye-hair-purple-labelvegan-lethal-industries-mermaid-purple_ef02cdc1-b0b0-4381-a64c-3dde0649f8df.jpg?v=1687776418,https://cdn.shopify.com/s/files/1/0836/9167/files/purple-af-or-hair-colour-236ml-beserk-all-arctic-fox-artic-fox-clickfrenzy15-2023-cosmetics-discountapp-fp-hair-colour-hair-dye-hair-purple-labelvegan-lethal-industries-mermaid-purple_8b2c8b6a-7994-41fb-bc24-f6e890c097ff.jpg?v=1687776420,https://cdn.shopify.com/s/files/1/0836/9167/files/purple-af-or-hair-colour-236ml-beserk-all-arctic-fox-artic-fox-clickfrenzy15-2023-cosmetics-discountapp-fp-hair-colour-hair-dye-hair-purple-labelvegan-lethal-industries-mermaid-purple_ec8c596a-acc6-434e-967a-ef6c48ddec25.jpg?v=1687776423,https://cdn.shopify.com/s/files/1/0836/9167/files/purple-af-or-hair-colour-236ml-beserk-all-arctic-fox-artic-fox-clickfrenzy15-2023-cosmetics-discountapp-fp-hair-colour-hair-dye-hair-purple-labelvegan-lethal-industries-mermaid-purple_319a949f-646c-4816-83c8-53dba74800fb.jpg?v=1687776425,https://cdn.shopify.com/s/files/1/0836/9167/files/purple-af-hair-colour-118ml_2_7eafb648-0a56-4c17-96e2-da47eb685b69.jpg?v=1786742035,https://cdn.shopify.com/s/files/1/0836/9167/files/purple-af-hair-colour-118ml_4_51a95fc0-12cc-4274-82b9-57bbc95e3a91.jpg?v=1786742035,https://cdn.shopify.com/s/files/1/0836/9167/files/purple-af-hair-colour-118ml_5_6bcc16d8-ee37-4652-bc91-70244ac7bc20.jpg?v=1786742035",https://www.beserk.com.au/pages/privacy-policy,https://www.beserk.com.au/pages/terms-and-conditions,https://www.beserk.com.au/pages/beserk-returns,AU,AU
9433409549,"Sunset Orange | Hair Colour [118Ml]","COLOUR - SUNSET ORANGE Is it hot in here or is it just you?! Sunset Orange is a fiery, deep red-orange that turns out well on a more medium blonde! Brassy tones won’t cause any problems for this colour. Since it’s primarily red-based, the red undertones of Sunset Orange may come through more strongly on hair that is more of a light blonde, around a level 9 or lighter. #AFProTip: If you’re aiming for more of a light true orange, mix Sunset Orange with some Cosmic Sunshine! Arctic Fox Hair Colour is cruelty-free, semi-permanent hair dye that is made only from vegan ingredients. - 100% Vegan (Non-GMO) - No Animal By-products - Never Tested on Animals - Extra Conditioning - No Peroxide - No Ammonia - PPD Free - DIY Formula - Hydrating + Zero Damage - Best Results With Pre-Lightened Hair - Always Do a Patch & Strand Test Before Colouring SIZE: 118ml / 4oz ARCTIC FOX",Beserk,https://www.beserk.com.au/products/sunset-orange-hair-colour-118ml?variant=34703941453&country=AU,https://cdn.shopify.com/s/files/1/0836/9167/files/sunset-orange-hair-colour-118ml_2.jpg?v=1786748866,in_stock,"19.95 AUD",,"Arctic Fox",,AF-118-SO,yes,new,HAIR,,,,,,,0.15,kg,"https://cdn.shopify.com/s/files/1/0836/9167/files/sunset-orange-hair-colour-118ml_3.jpg?v=1786748914,https://cdn.shopify.com/s/files/1/0836/9167/files/sunset-orange-or-hair-colour-118ml-beserk-all-arctic-fox-artic-fox-clickfrenzy15-2023-colour-orange-cosmetics-discountapp-fp-hair-colour-hair-dye-hair-orange-labelvegan-lethal-industr_eb9202df-cd44-47c4-b74a-70614d6c6e04.jpg?v=1687776418,https://cdn.shopify.com/s/files/1/0836/9167/files/sunset-orange-or-hair-colour-118ml-beserk-all-arctic-fox-artic-fox-clickfrenzy15-2023-colour-orange-cosmetics-discountapp-fp-hair-colour-hair-dye-hair-orange-labelvegan-lethal-industr_080ca638-e678-4a40-8e22-c62c80a9ac41.jpg?v=1687776421,https://cdn.shopify.com/s/files/1/0836/9167/files/sunset-orange-or-hair-colour-118ml-beserk-all-arctic-fox-artic-fox-clickfrenzy15-2023-colour-orange-cosmetics-discountapp-fp-hair-colour-hair-dye-hair-orange-labelvegan-lethal-industr_ee963dfc-95df-4356-aed2-4ae0486bc239.jpg?v=1687776423,https://cdn.shopify.com/s/files/1/0836/9167/files/sunset-orange-hair-colour-118ml_1.jpg?v=1786748914,https://cdn.shopify.com/s/files/1/0836/9167/files/sunset-orange-hair-colour-118ml_4.jpg?v=1786748914",https://www.beserk.com.au/pages/privacy-policy,https://www.beserk.com.au/pages/terms-and-conditions,https://www.beserk.com.au/pages/beserk-returns,AU,AU
9433409677,"Purple Af | Hair Colour [118Ml]","COLOUR - PURPLE AF We don't want to rain on anyone's parade, but Purple AF is one of our faves. Formally known as Purple Rain, this deep, true purple is a versatile color that works well on a variety of base colors from platinum to light brown, giving deep tints of color to darker hair and showing vibrantly on lightened hair. It even works well to cover up other faded colors effectively! #AFProTip: Purple AF pairs well with tons of other AF shades; try mixing it with some Wrath for a burgundy, or Poseidon for a deep indigo. Arctic Fox Hair Colour is cruelty-free, semi-permanent hair dye that is made only from vegan ingredients. - 100% Vegan (Non-GMO) - No Animal By-products - Never Tested on Animals - Extra Conditioning - No Peroxide - No Ammonia - PPD Free - DIY Formula - Hydrating + Zero Damage - Best Results With Pre-Lightened Hair - Always Do a Patch & Strand Test Before Colouring SIZE: 118ml / 4oz ARCTIC FOX Shop all  Arctic Fox",Beserk,https://www.beserk.com.au/products/purple-rain-hair-colour-118ml?variant=34703941773&country=AU,https://cdn.shopify.com/s/files/1/0836/9167/files/purple-af-hair-colour-118ml_3.jpg?v=1786741955,in_stock,"19.95 AUD",,"Arctic Fox",,AF-118-PR,yes,new,HAIR,,,,,,,0.15,kg,"https://cdn.shopify.com/s/files/1/0836/9167/files/purple-af-or-hair-colour-118ml-beserk-all-arctic-fox-artic-fox-clickfrenzy15-2023-cosmetics-discountapp-fp-hair-colour-hair-dye-hair-purple-labelvegan-lethal-industries-mermaid-purple_9f0baf16-7c24-4b1a-96a2-566d8b7a746d.jpg?v=1687776418,https://cdn.shopify.com/s/files/1/0836/9167/files/purple-af-or-hair-colour-118ml-beserk-all-arctic-fox-artic-fox-clickfrenzy15-2023-cosmetics-discountapp-fp-hair-colour-hair-dye-hair-purple-labelvegan-lethal-industries-mermaid-purple_6c41fd86-a96b-4c8a-bc85-4c6305473c06.jpg?v=1687776421,https://cdn.shopify.com/s/files/1/0836/9167/files/purple-af-or-hair-colour-118ml-beserk-all-arctic-fox-artic-fox-clickfrenzy15-2023-cosmetics-discountapp-fp-hair-colour-hair-dye-hair-purple-labelvegan-lethal-industries-mermaid-purple_3279715f-285f-4238-8972-2a733d7b1275.jpg?v=1687776423,https://cdn.shopify.com/s/files/1/0836/9167/files/purple-af-or-hair-colour-118ml-beserk-all-arctic-fox-artic-fox-clickfrenzy15-2023-cosmetics-discountapp-fp-hair-colour-hair-dye-hair-purple-labelvegan-lethal-industries-mermaid-purple_9cef7101-ffcf-4670-b523-0ae4ee37a846.jpg?v=1687776426,https://cdn.shopify.com/s/files/1/0836/9167/files/purple-af-hair-colour-118ml_1.jpg?v=1786742033,https://cdn.shopify.com/s/files/1/0836/9167/files/purple-af-hair-colour-118ml_2.jpg?v=1786742033,https://cdn.shopify.com/s/files/1/0836/9167/files/purple-af-hair-colour-118ml_4.jpg?v=1786742033,https://cdn.shopify.com/s/files/1/0836/9167/files/purple-af-hair-colour-118ml_5.jpg?v=1786742033",https://www.beserk.com.au/pages/privacy-policy,https://www.beserk.com.au/pages/terms-and-conditions,https://www.beserk.com.au/pages/beserk-returns,AU,AU
9433415693,"Poison | Hair Colour [118Ml]","COLOUR - POISON Pick your poison...this is our most vibrant, truest red and will give you a fiery look. Because Poison has a slight orange undertone, it will not fade to pink, it will fade into a lighter version of itself. Poison will give a dark, subtle tint to darker tones of hair but will turn out most vibrantly on hair that is pre-lightened to around a level 8. #AFProTip: For a super sweet peach add a few drops of Poison to an Arctic Mist base! Arctic Fox Hair Colour is cruelty-free, semi-permanent hair dye that is made only from vegan ingredients. -  100% Vegan (Non-GMO) -  No Animal By-products -  Never Tested on Animals -  Extra Conditioning -  No Peroxide -  No Ammonia -  PPD Free -  DIY Formula -  Hydrating + Zero Damage -  Best Results With Pre-Lightened Hair -  Always Do a Patch & Strand Test Before Colouring SIZE: 118ml / 4oz ARCTIC FOX",Beserk,https://www.beserk.com.au/products/poison-hair-colour-118ml?variant=34703978829&country=AU,https://cdn.shopify.com/s/files/1/0836/9167/files/poison-hair-colour-118ml_2.jpg?v=1786741946,in_stock,"19.95 AUD",,"Arctic Fox",,AF-118-POISON,yes,new,HAIR,,,,,,,0.15,kg,"https://cdn.shopify.com/s/files/1/0836/9167/files/poison-hair-colour-118ml_3.jpg?v=1786742013,https://cdn.shopify.com/s/files/1/0836/9167/files/poison-or-hair-colour-118ml-beserk-all-arctic-fox-artic-fox-clickfrenzy15-2023-colour-red-cosmetics-discountapp-fp-hair-colour-hair-dye-hair-red-labelvegan-lethal-industries-rainbow-r_480b8ea4-e390-4d9e-b0d8-83810795af80.jpg?v=1687776418,https://cdn.shopify.com/s/files/1/0836/9167/files/poison-or-hair-colour-118ml-beserk-all-arctic-fox-artic-fox-clickfrenzy15-2023-colour-red-cosmetics-discountapp-fp-hair-colour-hair-dye-hair-red-labelvegan-lethal-industries-rainbow-r_a3af48fb-d4ab-4c6d-87b0-2c49ae56b997.jpg?v=1687776421,https://cdn.shopify.com/s/files/1/0836/9167/files/poison-or-hair-colour-118ml-beserk-all-arctic-fox-artic-fox-clickfrenzy15-2023-colour-red-cosmetics-discountapp-fp-hair-colour-hair-dye-hair-red-labelvegan-lethal-industries-rainbow-r_f7ccb02b-7595-4d05-a091-9cb5f3223411.jpg?v=1687776423,https://cdn.shopify.com/s/files/1/0836/9167/files/poison-hair-colour-118ml_1.jpg?v=1786742013,https://cdn.shopify.com/s/files/1/0836/9167/files/poison-hair-colour-118ml_4.jpg?v=1786742013",https://www.beserk.com.au/pages/privacy-policy,https://www.beserk.com.au/pages/terms-and-conditions,https://www.beserk.com.au/pages/beserk-returns,AU,AU
9433415885,"Poison | Hair Colour [236Ml]","COLOUR - POISON Pick your poison...this is our most vibrant, truest red and will give you a fiery look. Because Poison has a slight orange undertone, it will not fade to pink, it will fade into a lighter version of itself. Poison will give a dark, subtle tint to darker tones of hair but will turn out most vibrantly on hair that is pre-lightened to around a level 8. #AFProTip: For a super sweet peach add a few drops of Poison to an Arctic Mist base! Arctic Fox Hair Colour is cruelty-free, semi-permanent hair dye that is made only from vegan ingredients. -  100% Vegan (Non-GMO) -  No Animal By-products -  Never Tested on Animals -  Extra Conditioning -  No Peroxide -  No Ammonia -  PPD Free -  DIY Formula -  Hydrating + Zero Damage -  Best Results With Pre-Lightened Hair -  Always Do a Patch & Strand Test Before Colouring SIZE: 236ml / 8oz ARCTIC FOX Shop all  Arctic Fox",Beserk,https://www.beserk.com.au/products/poison-hair-colour-236ml?variant=34703979277&country=AU,https://cdn.shopify.com/s/files/1/0836/9167/files/poison-hair-colour-236ml.jpg?v=1786741948,in_stock,"29.95 AUD",,"Arctic Fox",,AF-236-POISON,yes,new,HAIR,,,,,,,0.28,kg,"https://cdn.shopify.com/s/files/1/0836/9167/files/poison-hair-colour-118ml_4_5b0c426b-d636-449e-bf8e-af0e06a57590.jpg?v=1786742014,https://cdn.shopify.com/s/files/1/0836/9167/files/poison-or-hair-colour-236ml-beserk-all-arctic-fox-artic-fox-clickfrenzy15-2023-colour-red-cosmetics-discountapp-fp-hair-colour-hair-dye-hair-red-labelvegan-lethal-industries-rainbow-r_11ae0cf9-2196-4491-9b6d-9a32e1ca2700.jpg?v=1687776435,https://cdn.shopify.com/s/files/1/0836/9167/files/poison-or-hair-colour-236ml-beserk-all-arctic-fox-artic-fox-clickfrenzy15-2023-colour-red-cosmetics-discountapp-fp-hair-colour-hair-dye-hair-red-labelvegan-lethal-industries-rainbow-r_d3f082c6-fc4c-413a-b1c8-63c104bac1d2.jpg?v=1687776438,https://cdn.shopify.com/s/files/1/0836/9167/files/poison-or-hair-colour-236ml-beserk-all-arctic-fox-artic-fox-clickfrenzy15-2023-colour-red-cosmetics-discountapp-fp-hair-colour-hair-dye-hair-red-labelvegan-lethal-industries-rainbow-r_df537499-1483-445b-bdcd-4af5c7841291.jpg?v=1687776440,https://cdn.shopify.com/s/files/1/0836/9167/files/poison-hair-colour-118ml_1_f6b7df6e-6a0e-4486-86f8-90d1c5697729.jpg?v=1786742014,https://cdn.shopify.com/s/files/1/0836/9167/files/poison-hair-colour-118ml_3_1fc5d1d4-93af-4096-80ad-817200853e47.jpg?v=1786742014",https://www.beserk.com.au/pages/privacy-policy,https://www.beserk.com.au/pages/terms-and-conditions,https://www.beserk.com.au/pages/beserk-returns,AU,AU
9433416077,"Virgin Pink | Hair Colour [236Ml]","COLOUR - VIRGIN PINK Picture this: You’re laying on the beach with flowers in your hair. Ready to bring those tropical vibes everywhere you go with Virgin Pink? This vibrant hot pink will give a deep magenta tint to light brown hair, and will turn out most vibrantly on pre lightened hair - no need to fear brassy tones with this shade. Try mixing with some Wrath for a deeper pink! #AFProTip: Want a lighter pastel pink hue? Start off with an Arctic Mist Diluter base, add drops of Virgin Pink until you've mixed the hue you want! Arctic Fox Hair Colour is cruelty-free, semi-permanent hair dye that is made only from vegan ingredients. - 100% Vegan (Non-GMO) - No Animal By-products - Never Tested on Animals - Extra Conditioning - No Peroxide - No Ammonia - PPD Free - DIY Formula - Hydrating + Zero Damage - Best Results With Pre-Lightened Hair - Always Do a Patch & Strand Test Before Colouring SIZE:  236ml / 8oz ARCTIC FOX",Beserk,https://www.beserk.com.au/products/virgin-pink-hair-colour-236ml?variant=34703979405&country=AU,https://cdn.shopify.com/s/files/1/0836/9167/files/virgin-pink-hair-colour-236ml.jpg?v=1786749612,out_of_stock,"29.95 AUD",,"Arctic Fox",,AF-236-VP,yes,new,HAIR,,,,,,,0.28,kg,"https://cdn.shopify.com/s/files/1/0836/9167/files/virgin-pink-hair-colour-118ml_1_d9b73635-e60a-4fda-9153-7161bd134bac.jpg?v=1786749704,https://cdn.shopify.com/s/files/1/0836/9167/files/virgin-pink-or-hair-colour-236ml-beserk-all-arctic-fox-artic-fox-clickfrenzy15-2023-colour-pink-cosmetics-discountapp-fp-hair-colour-hair-dye-hair-pink-hair-products-labelvegan-lethal_16e2f978-0c8e-4e8c-bb41-57217f9b3d70.jpg?v=1687776435,https://cdn.shopify.com/s/files/1/0836/9167/files/virgin-pink-or-hair-colour-236ml-beserk-all-arctic-fox-artic-fox-clickfrenzy15-2023-colour-pink-cosmetics-discountapp-fp-hair-colour-hair-dye-hair-pink-hair-products-labelvegan-lethal_b9e30abc-49e6-4f66-b935-122dbe62e9f3.jpg?v=1687776438,https://cdn.shopify.com/s/files/1/0836/9167/files/virgin-pink-or-hair-colour-236ml-beserk-all-arctic-fox-artic-fox-clickfrenzy15-2023-colour-pink-cosmetics-discountapp-fp-hair-colour-hair-dye-hair-pink-hair-products-labelvegan-lethal_c6c89ec8-d136-46f1-b2fd-4906772bb962.jpg?v=1687776440",https://www.beserk.com.au/pages/privacy-policy,https://www.beserk.com.au/pages/terms-and-conditions,https://www.beserk.com.au/pages/beserk-returns,AU,AU
9433416141,"Wrath | Hair Colour [236Ml]","COLOUR - WRATH Red lips, red nails, red hair - you can have it all with Wrath. This bold classic never goes out of style! Wrath is a deep red with berry undertones which can become more pink as it fades. It shows up well on brassy tones and gives dark, dimensional tints to darker hair. This shade turns out best on hair pre-lightened to a level 7. #AFProTip: Try mixing Wrath with a drop of Transylvania to create a deep crimson red! Arctic Fox Hair Colour is cruelty-free, semi-permanent hair dye that is made only from vegan ingredients. - 100% Vegan (Non-GMO) - No Animal By-products - Never Tested on Animals - Extra Conditioning - No Peroxide - No Ammonia - PPD Free - DIY Formula - Hydrating + Zero Damage - Best Results With Pre-Lightened Hair - Always Do a Patch & Strand Test Before Colouring SIZE:  236ml / 8oz Shop all  Arctic Fox ARCTIC FOX",Beserk,https://www.beserk.com.au/products/wrath-hair-colour-236ml?variant=34703979469&country=AU,https://cdn.shopify.com/s/files/1/0836/9167/files/wrath-hair-colour-236ml.jpg?v=1786749619,in_stock,"29.95 AUD",,"Arctic Fox",,AF-236-WA,yes,new,HAIR,,,,,,,0.28,kg,"https://cdn.shopify.com/s/files/1/0836/9167/files/wrath-hair-colour-118ml_3_c9e35307-9e32-40f9-8a60-946b4520371c.jpg?v=1786749718,https://cdn.shopify.com/s/files/1/0836/9167/files/wrath-or-hair-colour-236ml-beserk-all-arctic-fox-artic-fox-clickfrenzy15-2023-cosmetics-discountapp-fp-goth-hair-colour-hair-dye-hair-products-hair-red-labelvegan-lethal-industries-re_b048fdb8-4a33-4733-83e9-88a28d8feb45.jpg?v=1687776435,https://cdn.shopify.com/s/files/1/0836/9167/files/wrath-or-hair-colour-236ml-beserk-all-arctic-fox-artic-fox-clickfrenzy15-2023-cosmetics-discountapp-fp-goth-hair-colour-hair-dye-hair-products-hair-red-labelvegan-lethal-industries-re_8141d46f-87de-47c3-9b8c-e5a86b7d5de0.jpg?v=1687776437,https://cdn.shopify.com/s/files/1/0836/9167/files/wrath-or-hair-colour-236ml-beserk-all-arctic-fox-artic-fox-clickfrenzy15-2023-cosmetics-discountapp-fp-goth-hair-colour-hair-dye-hair-products-hair-red-labelvegan-lethal-industries-re_dd564273-142e-439c-865f-dce3dbeb2e41.jpg?v=1687776439,https://cdn.shopify.com/s/files/1/0836/9167/files/wrath-hair-colour-118ml_4_e8a96952-6aed-44e6-8a19-aba05a14d3c7.jpg?v=1786749718,https://cdn.shopify.com/s/files/1/0836/9167/files/wrath-hair-colour-118ml_1_8324e085-2df7-43eb-925d-0d9f93cd59fc.jpg?v=1786749718",https://www.beserk.com.au/pages/privacy-policy,https://www.beserk.com.au/pages/terms-and-conditions,https://www.beserk.com.au/pages/beserk-returns,AU,AU
9433416205,"Virgin Pink | Hair Colour [118Ml]","COLOUR - VIRGIN PINK Picture this: You’re laying on the beach with flowers in your hair. Ready to bring those tropical vibes everywhere you go with Virgin Pink? This vibrant hot pink will give a deep magenta tint to light brown hair, and will turn out most vibrantly on pre lightened hair - no need to fear brassy tones with this shade. Try mixing with some Wrath for a deeper pink! #AFProTip: Want a lighter pastel pink hue? Start off with an Arctic Mist Diluter base, add drops of Virgin Pink until you've mixed the hue you want! Arctic Fox Hair Colour is cruelty-free, semi-permanent hair dye that is made only from vegan ingredients. - 100% Vegan (Non-GMO) - No Animal By-products - Never Tested on Animals - Extra Conditioning - No Peroxide - No Ammonia - PPD Free - DIY Formula - Hydrating + Zero Damage - Best Results With Pre-Lightened Hair - Always Do a Patch & Strand Test Before Colouring SIZE: 118ml / 4oz ARCTIC FOX Shop all  Arctic Fox",Beserk,https://www.beserk.com.au/products/virgin-pink-hair-colour-118ml?variant=34703979597&country=AU,https://cdn.shopify.com/s/files/1/0836/9167/files/virgin-pink-hair-colour-118ml_2.jpg?v=1786749610,out_of_stock,"19.95 AUD",,"Arctic Fox",,AF-118-VP,yes,new,HAIR,,,,,,,0.15,kg,"https://cdn.shopify.com/s/files/1/0836/9167/files/virgin-pink-or-hair-colour-118ml-beserk-all-arctic-fox-artic-fox-clickfrenzy15-2023-colour-pink-cosmetics-discountapp-fp-hair-colour-hair-dye-hair-pink-hair-products-labelvegan-lethal_6432df85-8d9a-4954-bbca-7031c8d34b17.jpg?v=1687776435,https://cdn.shopify.com/s/files/1/0836/9167/files/virgin-pink-or-hair-colour-118ml-beserk-all-arctic-fox-artic-fox-clickfrenzy15-2023-colour-pink-cosmetics-discountapp-fp-hair-colour-hair-dye-hair-pink-hair-products-labelvegan-lethal_5a41444c-e221-44ff-ac91-c407f6fae7f5.jpg?v=1687776438,https://cdn.shopify.com/s/files/1/0836/9167/files/virgin-pink-or-hair-colour-118ml-beserk-all-arctic-fox-artic-fox-clickfrenzy15-2023-colour-pink-cosmetics-discountapp-fp-hair-colour-hair-dye-hair-pink-hair-products-labelvegan-lethal_f7ed2dc6-fbb8-48c8-85e9-dde25cc8eb38.jpg?v=1687776440,https://cdn.shopify.com/s/files/1/0836/9167/files/virgin-pink-hair-colour-118ml_1.jpg?v=1786749674",https://www.beserk.com.au/pages/privacy-policy,https://www.beserk.com.au/pages/terms-and-conditions,https://www.beserk.com.au/pages/beserk-returns,AU,AU
9433417805,"Sunset Orange | Hair Colour [236Ml]","COLOUR - SUNSET ORANGE Is it hot in here or is it just you?! Sunset Orange is a fiery, deep red-orange that turns out well on a more medium blonde! Brassy tones won’t cause any problems for this colour. Since it’s primarily red-based, the red undertones of Sunset Orange may come through more strongly on hair that is more of a light blonde, around a level 9 or lighter. #AFProTip: If you’re aiming for more of a light true orange, mix Sunset Orange with some Cosmic Sunshine! Arctic Fox Hair Colour is cruelty-free, semi-permanent hair dye that is made only from vegan ingredients. - 100% Vegan (Non-GMO) - No Animal By-products - Never Tested on Animals - Extra Conditioning - No Peroxide - No Ammonia - PPD Free - DIY Formula - Hydrating + Zero Damage - Best Results With Pre-Lightened Hair - Always Do a Patch & Strand Test Before Colouring SIZE:  236ml / 8oz ARCTIC FOX",Beserk,https://www.beserk.com.au/products/sunset-orange-hair-colour-236ml?variant=34703982285&country=AU,https://cdn.shopify.com/s/files/1/0836/9167/files/sunset-orange-hair-colour-236ml.jpg?v=1786748879,in_stock,"29.95 AUD",,"Arctic Fox",,AF-236-SO,yes,new,HAIR,,,,,,,0.28,kg,"https://cdn.shopify.com/s/files/1/0836/9167/files/sunset-orange-hair-colour-118ml_1_c7c9745e-e1aa-4742-a9a6-c04a533a18b6.jpg?v=1786748915,https://cdn.shopify.com/s/files/1/0836/9167/files/sunset-orange-or-hair-colour-236ml-beserk-all-arctic-fox-artic-fox-clickfrenzy15-2023-colour-orange-cosmetics-discountapp-fp-hair-colour-hair-dye-hair-orange-labelvegan-lethal-industr_f361968b-627b-4d4c-88c8-840d6a750484.jpg?v=1687776435,https://cdn.shopify.com/s/files/1/0836/9167/files/sunset-orange-or-hair-colour-236ml-beserk-all-arctic-fox-artic-fox-clickfrenzy15-2023-colour-orange-cosmetics-discountapp-fp-hair-colour-hair-dye-hair-orange-labelvegan-lethal-industr_8afdbe4c-8491-46e7-99a7-5eae9d2b640a.jpg?v=1687776438,https://cdn.shopify.com/s/files/1/0836/9167/files/sunset-orange-or-hair-colour-236ml-beserk-all-arctic-fox-artic-fox-clickfrenzy15-2023-colour-orange-cosmetics-discountapp-fp-hair-colour-hair-dye-hair-orange-labelvegan-lethal-industr_ed1fe829-3ec0-4f7b-bd44-090d587f1d2d.jpg?v=1687776440,https://cdn.shopify.com/s/files/1/0836/9167/files/sunset-orange-hair-colour-118ml_3_d5b737cf-a62c-4073-bd3e-bfe029e7f66d.jpg?v=1786748915,https://cdn.shopify.com/s/files/1/0836/9167/files/sunset-orange-hair-colour-118ml_4_5d2af0f2-af46-4433-91c8-94425aef1243.jpg?v=1786748915",https://www.beserk.com.au/pages/privacy-policy,https://www.beserk.com.au/pages/terms-and-conditions,https://www.beserk.com.au/pages/beserk-returns,AU,AU
9433417869,"Violet Dream | Hair Colour [236Ml]","COLOUR - VIOLET DREAM Ready to stop and smell the violets? Violet Dream will give you a hint of spring in any season! This floral purple colour does have some strong magenta undertones and will generally fade into a pink shade. As a highly pigmented colour, Violet Dream will give a deep warm tint to darker shades of hair, and will cover up brassy tones without any issues. It will turn out best on hair that is around a level 7 or lighter! #AFProTip: Try diluting this shade with Arctic Mist to get a gorgeous pastel pink/lavender! Arctic Fox Hair Colour is cruelty-free, semi-permanent hair dye that is made only from vegan ingredients. - 100% Vegan (Non-GMO) - No Animal By-products - Never Tested on Animals - Extra Conditioning - No Peroxide - No Ammonia - PPD Free - DIY Formula - Hydrating + Zero Damage - Best Results With Pre-Lightened Hair - Always Do a Patch & Strand Test Before Colouring SIZE:  236ml / 8oz ARCTIC FOX Shop all  Arctic Fox",Beserk,https://www.beserk.com.au/products/violet-dream-hair-colour-236ml?variant=34703982541&country=AU,https://cdn.shopify.com/s/files/1/0836/9167/files/violet-dream-hair-colour-236ml.jpg?v=1786749607,in_stock,"29.95 AUD",,"Arctic Fox",,AF-236-VD,yes,new,HAIR,,,,,,,0.28,kg,"https://cdn.shopify.com/s/files/1/0836/9167/files/violet-dream-hair-colour-118ml_4_858ea45b-86e0-4227-88ea-47e68c76b1a9.jpg?v=1786749669,https://cdn.shopify.com/s/files/1/0836/9167/files/violet-dream-or-hair-colour-236ml-beserk-all-arctic-fox-artic-fox-bright-purple-clickfrenzy15-2023-colour-purple-cosmetics-discountapp-featured-fp-hair-colour-hair-dye-hair-products-l_79ada916-070f-4388-9f37-f9067e6c21b1.jpg?v=1687776448,https://cdn.shopify.com/s/files/1/0836/9167/files/violet-dream-or-hair-colour-236ml-beserk-all-arctic-fox-artic-fox-bright-purple-clickfrenzy15-2023-colour-purple-cosmetics-discountapp-featured-fp-hair-colour-hair-dye-hair-products-l_5aa4a568-ae7a-4b6e-a064-5a417e1019fd.jpg?v=1687776450,https://cdn.shopify.com/s/files/1/0836/9167/files/violet-dream-or-hair-colour-236ml-beserk-all-arctic-fox-artic-fox-bright-purple-clickfrenzy15-2023-colour-purple-cosmetics-discountapp-featured-fp-hair-colour-hair-dye-hair-products-l_f6e043af-80ca-40af-954c-bd35c18f77a0.jpg?v=1687776452,https://cdn.shopify.com/s/files/1/0836/9167/files/violet-dream-hair-colour-118ml_1_2a9ab0e8-e985-4fff-81f6-562d57abb7fb.jpg?v=1786749669,https://cdn.shopify.com/s/files/1/0836/9167/files/violet-dream-hair-colour-118ml_3_7dc1d327-df29-4b62-9e3b-fda28317dc60.jpg?v=1786749669",https://www.beserk.com.au/pages/privacy-policy,https://www.beserk.com.au/pages/terms-and-conditions,https://www.beserk.com.au/pages/beserk-returns,AU,AU
9433417933,"Violet Dream | Hair Colour [118Ml]","COLOUR - VIOLET DREAM Ready to stop and smell the violets? Violet Dream will give you a hint of spring in any season! This floral purple colour does have some strong magenta undertones and will generally fade into a pink shade. As a highly pigmented colour, Violet Dream will give a deep warm tint to darker shades of hair, and will cover up brassy tones without any issues. It will turn out best on hair that is around a level 7 or lighter! #AFProTip: Try diluting this shade with Arctic Mist to get a gorgeous pastel pink/lavender! Arctic Fox Hair Colour is cruelty-free, semi-permanent hair dye that is made only from vegan ingredients. - 100% Vegan (Non-GMO) - No Animal By-products - Never Tested on Animals - Extra Conditioning - No Peroxide - No Ammonia - PPD Free - DIY Formula - Hydrating + Zero Damage - Best Results With Pre-Lightened Hair - Always Do a Patch & Strand Test Before Colouring SIZE: 118ml / 4oz ARCTIC FOX",Beserk,https://www.beserk.com.au/products/violet-dream-hair-colour-118ml?variant=34703982605&country=AU,https://cdn.shopify.com/s/files/1/0836/9167/files/violet-dream-hair-colour-118ml_2.jpg?v=1786749605,out_of_stock,"19.95 AUD",,"Arctic Fox",,AF-118-VD,yes,new,HAIR,,,,,,,0.15,kg,"https://cdn.shopify.com/s/files/1/0836/9167/files/violet-dream-hair-colour-118ml_3_80bac5b0-07cc-4ebf-b3b5-7c8e64fa9d6d.jpg?v=1786749650,https://cdn.shopify.com/s/files/1/0836/9167/files/violet-dream-or-hair-colour-118ml-beserk-all-arctic-fox-artic-fox-bright-purple-clickfrenzy15-2023-colour-purple-cosmetics-discountapp-fp-hair-colour-hair-dye-hair-products-hair-purpl_e8da1b85-2e53-4b69-b870-9c87c0cf5ab5.jpg?v=1687776447,https://cdn.shopify.com/s/files/1/0836/9167/files/violet-dream-or-hair-colour-118ml-beserk-all-arctic-fox-artic-fox-bright-purple-clickfrenzy15-2023-colour-purple-cosmetics-discountapp-fp-hair-colour-hair-dye-hair-products-hair-purpl_b829880f-87ce-41d5-a7c1-13a51807d75f.jpg?v=1687776450,https://cdn.shopify.com/s/files/1/0836/9167/files/violet-dream-or-hair-colour-118ml-beserk-all-arctic-fox-artic-fox-bright-purple-clickfrenzy15-2023-colour-purple-cosmetics-discountapp-fp-hair-colour-hair-dye-hair-products-hair-purpl_09410126-4f09-441e-b8e7-6091a3d239e8.jpg?v=1687776452,https://cdn.shopify.com/s/files/1/0836/9167/files/violet-dream-hair-colour-118ml_1_15362aad-792e-47b0-b5cd-282c3f58a2a8.jpg?v=1786749651,https://cdn.shopify.com/s/files/1/0836/9167/files/violet-dream-hair-colour-118ml_4_f2649f3a-304c-4e52-a07d-b0a4afaa7241.jpg?v=1786749651",https://www.beserk.com.au/pages/privacy-policy,https://www.beserk.com.au/pages/terms-and-conditions,https://www.beserk.com.au/pages/beserk-returns,AU,AU
9433421965,"Wrath | Hair Colour [118Ml]","COLOUR - WRATH Red lips, red nails, red hair - you can have it all with Wrath. This bold classic never goes out of style! Wrath is a deep red with berry undertones which can become more pink as it fades. It shows up well on brassy tones and gives dark, dimensional tints to darker hair. This shade turns out best on hair pre-lightened to a level 7. #AFProTip: Try mixing Wrath with a drop of Transylvania to create a deep crimson red! Arctic Fox Hair Colour is cruelty-free, semi-permanent hair dye that is made only from vegan ingredients. - 100% Vegan (Non-GMO) - No Animal By-products - Never Tested on Animals - Extra Conditioning - No Peroxide - No Ammonia - PPD Free - DIY Formula - Hydrating + Zero Damage - Best Results With Pre-Lightened Hair - Always Do a Patch & Strand Test Before Colouring SIZE: 118ml / 4oz ARCTIC FOX",Beserk,https://www.beserk.com.au/products/wrath-hair-colour-118ml?variant=34704017805&country=AU,https://cdn.shopify.com/s/files/1/0836/9167/files/wrath-hair-colour-118ml_2.jpg?v=1786749617,in_stock,"19.95 AUD",,"Arctic Fox",,AF-118-WA,yes,new,HAIR,,,,,,,0.15,kg,"https://cdn.shopify.com/s/files/1/0836/9167/files/wrath-hair-colour-118ml_1_07f8ed51-a5c4-4531-a0b3-f3a4ea881af8.jpg?v=1786749717,https://cdn.shopify.com/s/files/1/0836/9167/files/wrath-or-hair-colour-118ml-beserk-all-arctic-fox-artic-fox-clickfrenzy15-2023-cosmetics-discountapp-fp-goth-hair-colour-hair-dye-hair-products-hair-red-labelvegan-lethal-industries-re_2d9767f8-dfb3-4419-9845-193f83445293.jpg?v=1687776447,https://cdn.shopify.com/s/files/1/0836/9167/files/wrath-or-hair-colour-118ml-beserk-all-arctic-fox-artic-fox-clickfrenzy15-2023-cosmetics-discountapp-fp-goth-hair-colour-hair-dye-hair-products-hair-red-labelvegan-lethal-industries-re_e412d1d6-4951-4548-b5a7-16c28b53877a.jpg?v=1687776450,https://cdn.shopify.com/s/files/1/0836/9167/files/wrath-or-hair-colour-118ml-beserk-all-arctic-fox-artic-fox-clickfrenzy15-2023-cosmetics-discountapp-fp-goth-hair-colour-hair-dye-hair-products-hair-red-labelvegan-lethal-industries-re_49580598-992d-45bd-b485-2edfb5184844.jpg?v=1687776452,https://cdn.shopify.com/s/files/1/0836/9167/files/wrath-hair-colour-118ml_4_dca1c84a-c120-4898-862d-896a149d5d67.jpg?v=1786749717,https://cdn.shopify.com/s/files/1/0836/9167/files/wrath-hair-colour-118ml_3_c3fe1e41-cc04-4cf7-96eb-f81d0492119d.jpg?v=1786749717",https://www.beserk.com.au/pages/privacy-policy,https://www.beserk.com.au/pages/terms-and-conditions,https://www.beserk.com.au/pages/beserk-returns,AU,AU
9434212429,"Neon Moon | Hair Colour [236Ml]","COLOUR - NEON MOON *UV‑REACTIVE Electrify your look with one of our faves, Neon Moon. This out of this world shade is a bright, vibrant neon yellow that glows under blacklight. Like our other UV reactive neons, Neon Moon will only show up on hair that is pre-lightened to a level 9 or 10. Neon Moon plays great with our other shades. A few of our favorite recipes: Try adding a couple drops Iris Green for a neon lime shade, or a few drops of Virgin Pink for a bright rose gold Arctic Fox Hair Colour is cruelty-free, semi-permanent hair dye that is made only from vegan ingredients. - 100% Vegan (Non-GMO) - No Animal By-products - Never Tested on Animals - Extra Conditioning - No Peroxide - No Ammonia - PPD Free - DIY Formula - Hydrating + Zero Damage - Best Results With Pre-Lightened Hair - Always Do a Patch & Strand Test Before Colouring SIZE:  236ml / 8oz ARCTIC FOX",Beserk,https://www.beserk.com.au/products/neon-moon-hair-colour-236ml?variant=34708428301&country=AU,https://cdn.shopify.com/s/files/1/0836/9167/files/neon-moon-hair-colour-236ml_2.jpg?v=1786751633,in_stock,"29.95 AUD",,"Arctic Fox",,AF-236-NM,yes,new,HAIR,,,,,,,0.28,kg,"https://cdn.shopify.com/s/files/1/0836/9167/files/neon-moon-hair-colour-236ml_3_9b44ec6f-0fd4-462b-9ea4-0094c1882617.jpg?v=1786751676,https://cdn.shopify.com/s/files/1/0836/9167/files/neon-moon-or-hair-colour-236ml-beserk-all-arctic-fox-artic-fox-clickfrenzy15-2023-cosmetics-discountapp-fp-hair-colour-hair-dye-hair-yellow-labeluvreactive-labelvegan-lethal-industrie_0f020ca6-abe8-43dd-bada-7e243c57a16d.jpg?v=1687776485,https://cdn.shopify.com/s/files/1/0836/9167/files/neon-moon-or-hair-colour-236ml-beserk-all-arctic-fox-artic-fox-clickfrenzy15-2023-cosmetics-discountapp-fp-hair-colour-hair-dye-hair-yellow-labeluvreactive-labelvegan-lethal-industrie_1b471620-be1c-4694-909f-3ee0c5cc7255.jpg?v=1687776487,https://cdn.shopify.com/s/files/1/0836/9167/files/neon-moon-or-hair-colour-236ml-beserk-all-arctic-fox-artic-fox-clickfrenzy15-2023-cosmetics-discountapp-fp-hair-colour-hair-dye-hair-yellow-labeluvreactive-labelvegan-lethal-industrie_9098fa6c-bfac-430f-a81d-684186748ba7.jpg?v=1687776489,https://cdn.shopify.com/s/files/1/0836/9167/files/neon-moon-hair-colour-236ml_1_3f13198a-be3e-4a43-b046-f21b6504e82b.jpg?v=1786751676",https://www.beserk.com.au/pages/privacy-policy,https://www.beserk.com.au/pages/terms-and-conditions,https://www.beserk.com.au/pages/beserk-returns,AU,AU
9434217421,"Neon Moon | Hair Colour [118Ml]","COLOUR - NEON MOON *UV‑REACTIVE Electrify your look with one of our faves, Neon Moon. This out of this world shade is a bright, vibrant neon yellow that glows under blacklight. Like our other UV reactive neons, Neon Moon will only show up on hair that is pre-lightened to a level 9 or 10. Neon Moon plays great with our other shades. A few of our favorite recipes: Try adding a couple drops Iris Green for a neon lime shade, or a few drops of Virgin Pink for a bright rose gold Arctic Fox Hair Colour is cruelty-free, semi-permanent hair dye that is made only from vegan ingredients. - 100% Vegan (Non-GMO) - No Animal By-products - Never Tested on Animals - Extra Conditioning - No Peroxide - No Ammonia - PPD Free - DIY Formula - Hydrating + Zero Damage - Best Results With Pre-Lightened Hair - Always Do a Patch & Strand Test Before Colouring SIZE: 118ml / 4oz ARCTIC FOX",Beserk,https://www.beserk.com.au/products/neon-moon-hair-colour-118ml?variant=34708468429&country=AU,https://cdn.shopify.com/s/files/1/0836/9167/files/neon-moon-hair-colour-118ml_7854b6c1-d492-49b9-bd43-3c7fd1a463ff.jpg?v=1786751674,in_stock,"19.95 AUD",,"Arctic Fox",,AF-118-NM,yes,new,HAIR,,,,,,,0.15,kg,"https://cdn.shopify.com/s/files/1/0836/9167/files/neon-moon-hair-colour-236ml_1.jpg?v=1786751674,https://cdn.shopify.com/s/files/1/0836/9167/files/neon-moon-or-hair-colour-118ml-beserk-all-arctic-fox-artic-fox-clickfrenzy15-2023-colour-yellow-cosmetics-discountapp-fp-hair-colour-hair-dye-hair-yellow-labeluvreactive-labelvegan-le_bd0eb480-fe3d-48d6-b027-2db10a6481ac.jpg?v=1687776485,https://cdn.shopify.com/s/files/1/0836/9167/files/neon-moon-or-hair-colour-118ml-beserk-all-arctic-fox-artic-fox-clickfrenzy15-2023-colour-yellow-cosmetics-discountapp-fp-hair-colour-hair-dye-hair-yellow-labeluvreactive-labelvegan-le_8f88a507-69dd-47c3-846d-1d47c430d30f.jpg?v=1687776488,https://cdn.shopify.com/s/files/1/0836/9167/files/neon-moon-or-hair-colour-118ml-beserk-all-arctic-fox-artic-fox-clickfrenzy15-2023-colour-yellow-cosmetics-discountapp-fp-hair-colour-hair-dye-hair-yellow-labeluvreactive-labelvegan-le_898ba2c2-dddf-4c3e-bd05-368aa19f56e8.jpg?v=1687776490,https://cdn.shopify.com/s/files/1/0836/9167/files/neon-moon-hair-colour-118ml.jpg?v=1786751629,https://cdn.shopify.com/s/files/1/0836/9167/files/neon-moon-hair-colour-236ml_3.jpg?v=1786751674",https://www.beserk.com.au/pages/privacy-policy,https://www.beserk.com.au/pages/terms-and-conditions,https://www.beserk.com.au/pages/beserk-returns,AU,AU
9434217997,"Cosmic Sunshine | Hair Colour [118Ml]","COLOUR - COSMIC SUNSHINE You're a ray of sunshine - now your hair can be, too! Cosmic Sunshine is a lively, sunny yellow shade! As a lighter colour it will turn out best on hair that is lightened to a level 8 or lighter; brassy tones may give it more of a golden glow. #AFProTip: For more of a light, true yellow, Cosmic Sunshine can be mixed with Neon Moon! Arctic Fox Hair Colour is cruelty-free, semi-permanent hair dye that is made only from vegan ingredients. - 100% Vegan (Non-GMO) - No Animal By-products - Never Tested on Animals - Extra Conditioning - No Peroxide - No Ammonia - PPD Free - DIY Formula - Hydrating + Zero Damage - Best Results With Pre-Lightened Hair - Always Do a Patch & Strand Test Before Colouring SIZE: 118ml / 4oz ARCTIC FOX",Beserk,https://www.beserk.com.au/products/cosmic-sunshine-hair-colour-118ml?variant=34708469645&country=AU,https://cdn.shopify.com/s/files/1/0836/9167/files/CosmicSunshine_4oz_02_015.jpg?v=1786701391,in_stock,"19.95 AUD",,"Arctic Fox",,AF-118-CS,yes,new,HAIR,,,,,,,0.15,kg,"https://cdn.shopify.com/s/files/1/0836/9167/files/cosmic-sunshine-hair-colour-118ml-_1.jpg?v=1786701401,https://cdn.shopify.com/s/files/1/0836/9167/files/cosmic-sunshine-or-hair-colour-118ml-beserk-all-arctic-fox-artic-fox-clickfrenzy15-2023-cosmetics-discountapp-fp-hair-colour-hair-dye-hair-yellow-labelvegan-lethal-industries-mermaid_ab048ee6-96c0-4aa4-9e43-8ca13606a5aa.jpg?v=1687776485,https://cdn.shopify.com/s/files/1/0836/9167/files/cosmic-sunshine-hair-colour-118ml-_3.jpg?v=1786701402,https://cdn.shopify.com/s/files/1/0836/9167/files/cosmic-sunshine-or-hair-colour-118ml-beserk-all-arctic-fox-artic-fox-clickfrenzy15-2023-cosmetics-discountapp-fp-hair-colour-hair-dye-hair-yellow-labelvegan-lethal-industries-mermaid_3325f4a8-9a7c-4673-91b0-3f0c7e880753.jpg?v=1687776488,https://cdn.shopify.com/s/files/1/0836/9167/files/cosmic-sunshine-or-hair-colour-118ml-beserk-all-arctic-fox-artic-fox-clickfrenzy15-2023-cosmetics-discountapp-fp-hair-colour-hair-dye-hair-yellow-labelvegan-lethal-industries-mermaid_a164d7e2-9e47-4a65-9552-454a5bff7e7b.jpg?v=1687776490,https://cdn.shopify.com/s/files/1/0836/9167/files/cosmic-sunshine-hair-colour-118ml-_4.jpg?v=1786701401",https://www.beserk.com.au/pages/privacy-policy,https://www.beserk.com.au/pages/terms-and-conditions,https://www.beserk.com.au/pages/beserk-returns,AU,AU
9434218061,"Cosmic Sunshine | Hair Colour [236Ml]","COLOUR - COSMIC SUNSHINE You're a ray of sunshine - now your hair can be, too! Cosmic Sunshine is a lively, sunny yellow shade! As a lighter colour it will turn out best on hair that is lightened to a level 8 or lighter; brassy tones may give it more of a golden glow. #AFProTip: For more of a light, true yellow, Cosmic Sunshine can be mixed with Neon Moon! Arctic Fox Hair Colour is cruelty-free, semi-permanent hair dye that is made only from vegan ingredients. - 100% Vegan (Non-GMO) - No Animal By-products - Never Tested on Animals - Extra Conditioning - No Peroxide - No Ammonia - PPD Free - DIY Formula - Hydrating + Zero Damage - Best Results With Pre-Lightened Hair - Always Do a Patch & Strand Test Before Colouring SIZE:  236ml / 8oz ARCTIC FOX",Beserk,https://www.beserk.com.au/products/cosmic-sunshine-hair-colour-236ml?variant=34708469709&country=AU,https://cdn.shopify.com/s/files/1/0836/9167/files/CosmicSunshine_8oz_02_1_015.jpg?v=1786701389,in_stock,"29.95 AUD",,"Arctic Fox",,AF-236-CS,yes,new,HAIR,,,,,,,0.28,kg,"https://cdn.shopify.com/s/files/1/0836/9167/files/cosmic-sunshine-hair-colour-118ml-_3_66f8e0b4-c261-4425-9815-bc18fb11fa83.jpg?v=1786701404,https://cdn.shopify.com/s/files/1/0836/9167/files/cosmic-sunshine-or-hair-colour-236ml-beserk-all-arctic-fox-artic-fox-clickfrenzy15-2023-cosmetics-discountapp-fp-hair-colour-hair-dye-hair-yellow-labelvegan-lethal-industries-mermaid_c5449fee-8401-42af-b53f-8296bc1492bb.jpg?v=1687776485,https://cdn.shopify.com/s/files/1/0836/9167/files/cosmic-sunshine-or-hair-colour-236ml-beserk-all-arctic-fox-artic-fox-clickfrenzy15-2023-cosmetics-discountapp-fp-hair-colour-hair-dye-hair-yellow-labelvegan-lethal-industries-mermaid_d13496c5-361f-43f8-ba59-64fea9d0d59a.jpg?v=1687776488,https://cdn.shopify.com/s/files/1/0836/9167/files/cosmic-sunshine-or-hair-colour-236ml-beserk-all-arctic-fox-artic-fox-clickfrenzy15-2023-cosmetics-discountapp-fp-hair-colour-hair-dye-hair-yellow-labelvegan-lethal-industries-mermaid_f40ffb3f-5ea1-4cb3-8c99-04d9336de8f5.jpg?v=1687776490,https://cdn.shopify.com/s/files/1/0836/9167/files/cosmic-sunshine-hair-colour-118ml-_1_0d3cd883-6770-47f9-a5af-37fe3e20a192.jpg?v=1786701404,https://cdn.shopify.com/s/files/1/0836/9167/files/cosmic-sunshine-hair-colour-118ml-_4_7fd6a900-0357-4eba-8d04-7ede0f78602c.jpg?v=1786701404",https://www.beserk.com.au/pages/privacy-policy,https://www.beserk.com.au/pages/terms-and-conditions,https://www.beserk.com.au/pages/beserk-returns,AU,AU
9434429389,"Sweet Revenge | Handcuff Bag","What could be safer than a handbag with handcuffs? This shoulder bag is adorned with the signature Banned logo, plus buckles, eyelet studs, pyramid studs and zip pockets.  The dream bondage style grunge goth handbag, with handcuff charm details on the front pocket.   - Buckles and stud details - External and internal pockets - Handcuff charm Materials:  60% cotton 40% polyester Size:  Length: 36cm, Width: 15cm, Height: 27cm BANNED ALTERNATIVE ~ LOST QUEEN",Beserk,https://www.beserk.com.au/products/sweet-revenge-handbag?variant=34709835725&country=AU,https://cdn.shopify.com/s/files/1/0836/9167/files/1736858732BG34579_20BLACK1.jpg?v=1787801505,in_stock,"99.95 AUD",,"Banned Alternative",,BA-BG34579-BLK,yes,new,BAGS,,,,,,,0.95,kg,"https://cdn.shopify.com/s/files/1/0836/9167/files/1736858732BG34579_20BLACK3.jpg?v=1787801524,https://cdn.shopify.com/s/files/1/0836/9167/files/1736858732BG34579_20BLACK4.jpg?v=1787801542,https://cdn.shopify.com/s/files/1/0836/9167/files/1736858732BG34579_20BLACK2.jpg?v=1787801550,https://cdn.shopify.com/s/files/1/0836/9167/files/1736858732BG34579_20BLACK5.jpg?v=1787801561,https://cdn.shopify.com/s/files/1/0836/9167/files/1736858732BG34579_20BLACK6.jpg?v=1787801571",https://www.beserk.com.au/pages/privacy-policy,https://www.beserk.com.au/pages/terms-and-conditions,https://www.beserk.com.au/pages/beserk-returns,AU,AU
9434698381,"Mermaid | Classic Colour","Mermaid is an alluring, cool ocean teal color. Because the color is so light and bright, hair fully bleached to a level 9 or 10 is recommended before use. Cream Formula Semi-Permanent Hair Color. Vegan Formula colors and conditions hair. Manic Panic Hair Color is a conditioning semi-permanent hair colour fortified with a herbal & protein complex. It does not damage the hair but actually, has restorative properties adding moisture and ""fill"" to processed hair. Manic Panic contains no animal by-products, is not tested on animals & is 100% Vegan. WEIGHT : 4 fl. oz / 118ml *Photos are from the Manic Panic Website Please Note: We recommend that you patch test any new product before its continued usage. If any redness or itching occurs do not continue use.  MANIC PANIC ",Beserk,https://www.beserk.com.au/products/mermaid-classic-colour?variant=34711701325&country=AU,https://cdn.shopify.com/s/files/1/0836/9167/files/mermaid-or-classic-colour-beserk-420sale-all-clickfrenzy15-2023-cosmetics-cpgstinc-discountapp-dye-ebaymp-fp-green-hair-colour-hair-dye-hair-green-labeluvreactive-labelvegan-manic-pan.jpg?v=1687776526,in_stock,"29.95 AUD",,"Manic Panic",,MP-HCR11025,yes,new,HAIR,,Green,,,,,0.16,kg,"https://cdn.shopify.com/s/files/1/0836/9167/files/mermaid-or-classic-colour-beserk-420sale-all-clickfrenzy15-2023-cosmetics-cpgstinc-discountapp-dye-ebaymp-fp-green-hair-colour-hair-dye-hair-green-labeluvreactive-labelvegan-manic-pan_fa71eb8f-2d2b-46a4-bbd9-0c715794e18f.jpg?v=1687776529,https://cdn.shopify.com/s/files/1/0836/9167/files/mermaid-or-classic-colour-beserk-420sale-all-clickfrenzy15-2023-cosmetics-cpgstinc-discountapp-dye-ebaymp-fp-green-hair-colour-hair-dye-hair-green-labeluvreactive-labelvegan-manic-pan_af8cff11-18ab-4f59-8052-f28276816272.jpg?v=1687776531,https://cdn.shopify.com/s/files/1/0836/9167/files/mermaid-or-classic-colour-beserk-420sale-all-clickfrenzy15-2023-cosmetics-cpgstinc-discountapp-dye-ebaymp-fp-green-hair-colour-hair-dye-hair-green-labeluvreactive-labelvegan-manic-pan_23f89af6-ae0f-483e-97f5-1c1cd271442e.jpg?v=1687776533,https://cdn.shopify.com/s/files/1/0836/9167/files/mermaid-or-classic-colour-beserk-420sale-all-clickfrenzy15-2023-cosmetics-cpgstinc-discountapp-dye-ebaymp-fp-green-hair-colour-hair-dye-hair-green-labeluvreactive-labelvegan-manic-pan_c0a3a762-5de0-43bc-89fc-73a59ece9b0e.jpg?v=1687776536,https://cdn.shopify.com/s/files/1/0836/9167/files/mermaid-or-classic-colour-beserk-420sale-all-clickfrenzy15-2023-cosmetics-cpgstinc-discountapp-dye-ebaymp-fp-green-hair-colour-hair-dye-hair-green-labeluvreactive-labelvegan-manic-pan_cbb171ec-d2ca-4aa4-893d-1bc1b58f35e4.jpg?v=1687776538,https://cdn.shopify.com/s/files/1/0836/9167/files/mermaid-or-classic-colour-beserk-420sale-all-clickfrenzy15-2023-cosmetics-cpgstinc-discountapp-dye-ebaymp-fp-green-hair-colour-hair-dye-hair-green-labeluvreactive-labelvegan-manic-pan_6c6f0f81-b5cb-4ae9-8212-56b36d3b2e76.jpg?v=1687776540",https://www.beserk.com.au/pages/privacy-policy,https://www.beserk.com.au/pages/terms-and-conditions,https://www.beserk.com.au/pages/beserk-returns,AU,AU
9435223949,"Enchanted Forest | Amplified Colour","Enchanted Forest  is a deep teal green dye with blue undertones that gives hair dark, earthy tones. This color can give virgin, unbleached hair green tones, but for best results we recommend lightening hair to medium level 7 blonde or lighter before use. The Amplified formula is a semi-permanent hair color that lasts 30% longer than our High Voltage Classic color! This stronger and longer-lasting formula is available in many of our best selling shades. Cream Formula Semi-Permanent Hair Color. Vegan Formula colors and conditions hair. Manic Panic Hair Color is a conditioning semi-permanent hair color fortified with a herbal & protein complex. It does not damage the hair but actually has restorative properties adding moisture and ""fill"" to processed hair. Manic Panic contains no animal by-products, is not tested on animals & is 100% Vegan. WEIGHT : 4 fl. oz / 118ml *Photos are from the Manic Panic Website Please Note: We recommend that you patch test any new product before its continued usage. If any redness or itching occurs do not continue use.  MANIC PANIC ",Beserk,https://www.beserk.com.au/products/enchanted-forest-amplified-colour?variant=34717685517&country=AU,https://cdn.shopify.com/s/files/1/0836/9167/files/enchanted-forest-or-amplified-colour-beserk-420sale-all-clickfrenzy15-2023-cosmetics-cpgstinc-discountapp-dye-ebaymp-fp-goth-green-hair-hair-colour-hair-dye-hair-green-labelvegan-mani.jpg?v=1687776633,in_stock,"34.95 AUD",,"Manic Panic",,MP-ACR71009,yes,new,HAIR,,Green,,,,,0.14,kg,"https://cdn.shopify.com/s/files/1/0836/9167/files/enchanted-forest-or-amplified-colour-beserk-420sale-all-clickfrenzy15-2023-cosmetics-cpgstinc-discountapp-dye-ebaymp-fp-goth-green-hair-hair-colour-hair-dye-hair-green-labelvegan-mani_845d80a5-ddd7-4105-b9d4-4b32cc8eec29.jpg?v=1687776636,https://cdn.shopify.com/s/files/1/0836/9167/files/enchanted-forest-or-amplified-colour-beserk-420sale-all-clickfrenzy15-2023-cosmetics-cpgstinc-discountapp-dye-ebaymp-fp-goth-green-hair-hair-colour-hair-dye-hair-green-labelvegan-mani_fc6bb31f-fb75-4a53-b971-779c5b19cc3c.jpg?v=1687776639,https://cdn.shopify.com/s/files/1/0836/9167/files/enchanted-forest-or-amplified-colour-beserk-420sale-all-clickfrenzy15-2023-cosmetics-cpgstinc-discountapp-dye-ebaymp-fp-goth-green-hair-hair-colour-hair-dye-hair-green-labelvegan-mani_7f8d15b4-a4d3-48f8-addd-bb1bca6afd3e.jpg?v=1687776641,https://cdn.shopify.com/s/files/1/0836/9167/files/enchanted-forest-or-amplified-colour-beserk-420sale-all-clickfrenzy15-2023-cosmetics-cpgstinc-discountapp-dye-ebaymp-fp-goth-green-hair-hair-colour-hair-dye-hair-green-labelvegan-mani_f6d5a501-caab-4921-a90a-1d09d1d6009e.jpg?v=1687776644,https://cdn.shopify.com/s/files/1/0836/9167/files/enchanted-forest-or-amplified-colour-beserk-420sale-all-clickfrenzy15-2023-cosmetics-cpgstinc-discountapp-dye-ebaymp-fp-goth-green-hair-hair-colour-hair-dye-hair-green-labelvegan-mani_61c68a5f-a0bf-46f1-9cb8-22ebf6087938.jpg?v=1687776647,https://cdn.shopify.com/s/files/1/0836/9167/files/enchanted-forest-or-amplified-colour-beserk-420sale-all-clickfrenzy15-2023-cosmetics-cpgstinc-discountapp-dye-ebaymp-fp-goth-green-hair-hair-colour-hair-dye-hair-green-labelvegan-mani_d8de59a1-eca5-4a0d-a2fc-23ecd3f487a9.jpg?v=1687776649,https://cdn.shopify.com/s/files/1/0836/9167/files/enchanted-forest-or-amplified-colour-beserk-420sale-all-clickfrenzy15-2023-cosmetics-cpgstinc-discountapp-dye-ebaymp-fp-goth-green-hair-hair-colour-hair-dye-hair-green-labelvegan-mani_d31faac4-a408-4d64-93cd-8ddda9ff26c4.jpg?v=1687776652",https://www.beserk.com.au/pages/privacy-policy,https://www.beserk.com.au/pages/terms-and-conditions,https://www.beserk.com.au/pages/beserk-returns,AU,AU
9435248717,"Transylvania | Hair Colour [118Ml]","COLOUR - TRANSYLVANIA Raven wings, stormy night skies, and hair as black as your heart - Transylvania is the perfect fit for achieving all your darkest dreams. This primarily blue-based jet black will take well to a variety of base hair colours but will show as the darkest, truest black on hair lightened to around a level 7 or lighter. #AFProTip: Try adding a drop or two of Transylvania to our Arctic Mist diluter to get a beautiful icy blue! Or read our Colour Spotlight on Transylvania for the rest of our favorite mixes and tips! Arctic Fox Hair Colour is cruelty-free, semi-permanent hair dye that is made only from vegan ingredients. - 100% Vegan (Non-GMO) - No Animal By-products - Never Tested on Animals - Extra Conditioning - No Peroxide - No Ammonia - PPD Free - DIY Formula - Hydrating + Zero Damage - Best Results With Pre-Lightened Hair - Always Do a Patch & Strand Test Before Colouring SIZE: 118ml / 4oz ARCTIC FOX",Beserk,https://www.beserk.com.au/products/transylvania-hair-colour-118ml?variant=34717996173&country=AU,https://cdn.shopify.com/s/files/1/0836/9167/files/transylvania-hair-colour-118ml_2.jpg?v=1786749597,in_stock,"19.95 AUD",,"Arctic Fox",,AF-118-TR,yes,new,HAIR,,,,,,,0.15,kg,"https://cdn.shopify.com/s/files/1/0836/9167/files/transylvania-hair-colour-118ml_3.jpg?v=1786749641,https://cdn.shopify.com/s/files/1/0836/9167/files/transylvania-or-hair-colour-118ml-beserk-all-arctic-fox-artic-fox-black-clickfrenzy15-2023-cosmetics-discountapp-fp-goth-gothic-hair-black-hair-colour-hair-dye-hair-products-labelvega_d43bbf6a-b2ca-4b72-9fa8-205858a58771.jpg?v=1687776635,https://cdn.shopify.com/s/files/1/0836/9167/files/transylvania-or-hair-colour-118ml-beserk-all-arctic-fox-artic-fox-black-clickfrenzy15-2023-cosmetics-discountapp-fp-goth-gothic-hair-black-hair-colour-hair-dye-hair-products-labelvega_37f94934-8cde-4426-a935-f0db2499554b.jpg?v=1687776638,https://cdn.shopify.com/s/files/1/0836/9167/files/transylvania-or-hair-colour-118ml-beserk-all-arctic-fox-artic-fox-black-clickfrenzy15-2023-cosmetics-discountapp-fp-goth-gothic-hair-black-hair-colour-hair-dye-hair-products-labelvega_31d23c8f-6fa3-4fc5-b07f-ab9952279bfb.jpg?v=1687776640,https://cdn.shopify.com/s/files/1/0836/9167/files/transylvania-hair-colour-118ml_4.jpg?v=1786749641,https://cdn.shopify.com/s/files/1/0836/9167/files/transylvania-hair-colour-118ml_1.jpg?v=1786749641",https://www.beserk.com.au/pages/privacy-policy,https://www.beserk.com.au/pages/terms-and-conditions,https://www.beserk.com.au/pages/beserk-returns,AU,AU
9435248781,"Transylvania | Hair Colour [236Ml]","COLOUR - TRANSYLVANIA Raven wings, stormy night skies, and hair as black as your heart - Transylvania is the perfect fit for achieving all your darkest dreams. This primarily blue-based jet black will take well to a variety of base hair colours but will show as the darkest, truest black on hair lightened to around a level 7 or lighter. #AFProTip: Try adding a drop or two of Transylvania to our Arctic Mist diluter to get a beautiful icy blue! Or read our Colour Spotlight on Transylvania for the rest of our favorite mixes and tips! Arctic Fox Hair Colour is cruelty-free, semi-permanent hair dye that is made only from vegan ingredients. - 100% Vegan (Non-GMO) - No Animal By-products - Never Tested on Animals - Extra Conditioning - No Peroxide - No Ammonia - PPD Free - DIY Formula - Hydrating + Zero Damage - Best Results With Pre-Lightened Hair - Always Do a Patch & Strand Test Before Colouring SIZE:  236ml / 8oz ARCTIC FOX",Beserk,https://www.beserk.com.au/products/transylvania-hair-colour-236ml?variant=34717996813&country=AU,https://cdn.shopify.com/s/files/1/0836/9167/files/transylvania-hair-colour-236ml.jpg?v=1786749601,in_stock,"29.95 AUD",,"Arctic Fox",,AF-236-TR,yes,new,HAIR,,,,,,,0.28,kg,"https://cdn.shopify.com/s/files/1/0836/9167/files/transylvania-hair-colour-118ml_4_8407ab89-2174-4588-92b2-8b0b7d35f405.jpg?v=1786749642,https://cdn.shopify.com/s/files/1/0836/9167/files/transylvania-or-hair-colour-236ml-beserk-all-arctic-fox-artic-fox-black-clickfrenzy15-2023-cosmetics-discountapp-fp-goth-gothic-hair-black-hair-colour-hair-dye-hair-products-labelvega_4d4af15f-7c10-41f4-9890-9edfd3820aa6.jpg?v=1687776657,https://cdn.shopify.com/s/files/1/0836/9167/files/transylvania-or-hair-colour-236ml-beserk-all-arctic-fox-artic-fox-black-clickfrenzy15-2023-cosmetics-discountapp-fp-goth-gothic-hair-black-hair-colour-hair-dye-hair-products-labelvega_5f523fd6-fb77-47cd-82e4-7733d0f7c7e3.jpg?v=1687776659,https://cdn.shopify.com/s/files/1/0836/9167/files/transylvania-or-hair-colour-236ml-beserk-all-arctic-fox-artic-fox-black-clickfrenzy15-2023-cosmetics-discountapp-fp-goth-gothic-hair-black-hair-colour-hair-dye-hair-products-labelvega_16a668b3-b66b-4f49-901a-55666043cf1d.jpg?v=1687776662,https://cdn.shopify.com/s/files/1/0836/9167/files/transylvania-hair-colour-118ml_1_30c1058b-2197-4647-be59-ce71df315d94.jpg?v=1786749642,https://cdn.shopify.com/s/files/1/0836/9167/files/transylvania-hair-colour-118ml_3_efe26356-b2b4-4e67-9801-a55a34371d67.jpg?v=1786749642",https://www.beserk.com.au/pages/privacy-policy,https://www.beserk.com.au/pages/terms-and-conditions,https://www.beserk.com.au/pages/beserk-returns,AU,AU
9435275533,"Iris Green | Hair Colour [118Ml]","COLOUR - IRIS GREEN Get some goddess vibes with Iris Green! This shade is a medium grassy green shade which turns out best on hair that is pre-lightened to a level 8 or lighter. #AFProTip: Looking for more of a bright, lime shade? Mix a drop of Iris Green into Neon Moon to make a fluorescent neon green! Arctic Fox Hair Colour is cruelty-free, semi-permanent hair dye that is made only from vegan ingredients. - 100% Vegan (Non-GMO) - No Animal By-products - Never Tested on Animals - Extra Conditioning - No Peroxide - No Ammonia - PPD Free - DIY Formula - Hydrating + Zero Damage - Best Results With Pre-Lightened Hair - Always Do a Patch & Strand Test Before Colouring SIZE: 118ml / 4oz ARCTIC FOX",Beserk,https://www.beserk.com.au/products/iris-green-hair-colour-118ml?variant=34718358477&country=AU,https://cdn.shopify.com/s/files/1/0836/9167/files/iris-green-hair-colour-118ml_2.jpg?v=1786730803,in_stock,"19.95 AUD",,"Arctic Fox",,AF-118-IG,yes,new,HAIR,,,,,,,0.15,kg,"https://cdn.shopify.com/s/files/1/0836/9167/files/iris-green-hair-colour-118ml_1.jpg?v=1786730841,https://cdn.shopify.com/s/files/1/0836/9167/files/iris-green-or-hair-colour-118ml-beserk-420sale-all-arctic-fox-artic-fox-clickfrenzy15-2023-colour-green-cosmetics-discountapp-fp-green-hair-colour-hair-dye-hair-green-labelvegan-letha_affd1849-ca08-4747-b23a-3fcf1d741c8e.jpg?v=1687776657,https://cdn.shopify.com/s/files/1/0836/9167/files/iris-green-or-hair-colour-118ml-beserk-420sale-all-arctic-fox-artic-fox-clickfrenzy15-2023-colour-green-cosmetics-discountapp-fp-green-hair-colour-hair-dye-hair-green-labelvegan-letha_b87168f3-f567-41d7-92c4-939d41ca1f2b.jpg?v=1687776659,https://cdn.shopify.com/s/files/1/0836/9167/files/iris-green-or-hair-colour-118ml-beserk-420sale-all-arctic-fox-artic-fox-clickfrenzy15-2023-colour-green-cosmetics-discountapp-fp-green-hair-colour-hair-dye-hair-green-labelvegan-letha_8505bb70-b408-4f6a-91c6-95d802359cac.jpg?v=1687776662,https://cdn.shopify.com/s/files/1/0836/9167/files/iris-green-hair-colour-118ml_3.jpg?v=1786730841,https://cdn.shopify.com/s/files/1/0836/9167/files/iris-green-hair-colour-118ml_4.jpg?v=1786730841",https://www.beserk.com.au/pages/privacy-policy,https://www.beserk.com.au/pages/terms-and-conditions,https://www.beserk.com.au/pages/beserk-returns,AU,AU
9435275597,"Iris Green | Hair Colour [236Ml]","COLOUR - IRIS GREEN Get some goddess vibes with Iris Green! This shade is a medium grassy green shade which turns out best on hair that is pre-lightened to a level 8 or lighter. #AFProTip: Looking for more of a bright, lime shade? Mix a drop of Iris Green into Neon Moon to make a fluorescent neon green! Arctic Fox Hair Colour is cruelty-free, semi-permanent hair dye that is made only from vegan ingredients. - 100% Vegan (Non-GMO) - No Animal By-products - Never Tested on Animals - Extra Conditioning - No Peroxide - No Ammonia - PPD Free - DIY Formula - Hydrating + Zero Damage - Best Results With Pre-Lightened Hair - Always Do a Patch & Strand Test Before Colouring SIZE:  236ml / 8oz ARCTIC FOX",Beserk,https://www.beserk.com.au/products/iris-green-hair-colour-236ml?variant=34718359501&country=AU,https://cdn.shopify.com/s/files/1/0836/9167/files/iris-green-hair-colour-236ml.jpg?v=1786730806,in_stock,"29.95 AUD",,"Arctic Fox",,AF-236-IG,yes,new,HAIR,,,,,,,0.28,kg,"https://cdn.shopify.com/s/files/1/0836/9167/files/iris-green-hair-colour-118ml_4_d3f4e231-e228-4d80-8d03-5423b0d81152.jpg?v=1786730843,https://cdn.shopify.com/s/files/1/0836/9167/files/iris-green-hair-colour-118ml_1_0f2db496-25eb-4497-b2f2-7dff4ea3dad6.jpg?v=1786730843,https://cdn.shopify.com/s/files/1/0836/9167/files/iris-green-or-hair-colour-236ml-beserk-420sale-all-arctic-fox-artic-fox-clickfrenzy15-2023-colour-green-cosmetics-discountapp-fp-green-hair-colour-hair-dye-hair-green-labelvegan-letha_9871b91c-9a6a-4457-a648-e1a10efdcc13.jpg?v=1687776657,https://cdn.shopify.com/s/files/1/0836/9167/files/iris-green-or-hair-colour-236ml-beserk-420sale-all-arctic-fox-artic-fox-clickfrenzy15-2023-colour-green-cosmetics-discountapp-fp-green-hair-colour-hair-dye-hair-green-labelvegan-letha_aa6fce43-cfc1-4804-a663-f3f862969408.jpg?v=1687776659,https://cdn.shopify.com/s/files/1/0836/9167/files/iris-green-or-hair-colour-236ml-beserk-420sale-all-arctic-fox-artic-fox-clickfrenzy15-2023-colour-green-cosmetics-discountapp-fp-green-hair-colour-hair-dye-hair-green-labelvegan-letha_dc7ca1c3-544e-4f6d-8844-16afba393c6d.jpg?v=1687776662,https://cdn.shopify.com/s/files/1/0836/9167/files/iris-green-hair-colour-118ml_3_24d718e4-4d16-405a-b5bf-b86c362fd706.jpg?v=1786730843",https://www.beserk.com.au/pages/privacy-policy,https://www.beserk.com.au/pages/terms-and-conditions,https://www.beserk.com.au/pages/beserk-returns,AU,AU
9435307405,"Opaque Black | Knee High Socks","The Opaque Black Knee High Socks by Music Legs are the perfect addition to any outfit, costume, or cosplay.  Materials:   100% Nylon SIZE CHART: HOSIERY SIZING WEIGHT ONE SIZE 40-75kgs MUSIC LEGS",Beserk,https://www.beserk.com.au/products/opaque-black-knee-high-socks?variant=34718710541&country=AU,https://cdn.shopify.com/s/files/1/0836/9167/files/opaque-black-or-knee-high-socks-beserk-all-all-clothing-all-ladies-all-ladies-clothing-black-bravenkrazy-clickfrenzy15-2023-clothing-cosplay-costume-cpgstinc-derby-hosiery-discountapp_02720087-6528-4db0-b201-bc45d176e237.jpg?v=1723809579,in_stock,"9.95 AUD",,"Music Legs",,ML-5747-BK,yes,new,SOCKS,,,,,,,0.06,kg,https://cdn.shopify.com/s/files/1/0836/9167/files/opaque-black-or-knee-high-socks-beserk-all-all-clothing-all-ladies-all-ladies-clothing-black-bravenkrazy-clickfrenzy15-2023-clothing-cosplay-costume-cpgstinc-derby-hosiery-discountapp.jpg?v=1723809579,https://www.beserk.com.au/pages/privacy-policy,https://www.beserk.com.au/pages/terms-and-conditions,https://www.beserk.com.au/pages/beserk-returns,AU,AU
9435338381,"Lola Ruffle Bow [Black] | ANKLE SOCKS","Live out your sexy maid fantasies in the Lola Ruffle Bow Ankle Socks by Leg Avenue. Featuring a gorgeous lace ruffle with a bow accent, these socks are fun and feminine. Complete the look with your favourite heels! Features: - High quality stocking fabric for long lasting wear - Comfortable, stretchy material - Intricate lace ruffle and bow detailing - Reinforced toes - Perfect fit technology - Wear with everything from sneakers to heels! - Hand wash cold, Do not bleach, Drip dry COLOUR: Black SIZE: One Size LEG AVENUE",Beserk,https://www.beserk.com.au/products/lola-ruffle-bow-black-ankle-socks?variant=34718989261&country=AU,https://cdn.shopify.com/s/files/1/0836/9167/files/lola-ruffle-bow-black-or-ankle-socks-beserk-all-all-clothing-ankle-socks-black-clickfrenzy15-2023-costume-cpgstinc-discountapp-fp-hosiery-hosiery-and-socks-kawaii-ladies-ladies-clothi.jpg?v=1687776670,in_stock,"12.95 AUD",,"Leg Avenue",,LA-3029BK,yes,new,SOCKS,,,,,,,0.03,kg,https://cdn.shopify.com/s/files/1/0836/9167/files/lola-ruffle-bow-black-or-ankle-socks-beserk-all-all-clothing-ankle-socks-black-clickfrenzy15-2023-costume-cpgstinc-discountapp-fp-hosiery-hosiery-and-socks-kawaii-ladies-ladies-clothi_f8042e5e-25e5-469f-8520-77f27ff1e87f.jpg?v=1687776672,https://www.beserk.com.au/pages/privacy-policy,https://www.beserk.com.au/pages/terms-and-conditions,https://www.beserk.com.au/pages/beserk-returns,AU,AU
9435339085,"Original Deluxe [Classic] | Custom Fangs","The Original Scarecrow Vampire Fangs! Classic Deluxe Custom Fangs   are designed for people with average to larger teeth. They may fit either canines and/or incisors or bottom teeth.  Fast, easy, comfortable, and totally realistic. Natural color fang caps are shiny, rigid and beautifully contoured to look great in any mouth.  On-the-spot customising is fast, easy, and only needs to be done once. Everything you need is included, no additional utensils and no boiling water necessary. Once customised, fangs fit with a unique mold of your tooth inside that allows you to snap them on or off, quickly and easily (no thermoplastic partial plate around adjacent teeth). Scarecrow Vampire Fangs give you the best hi-definition quality realism that professional TV & film make-up artists, actors and stage performers depend on. As seen on CSI: Las Vegas, America's Next Top Model, Dancing with the Stars, and many more. MEASUREMENTS: 18mm SCARECROW Shop all  Womens Halloween Costumes Shop all  Scarecrow Shop all  Cosplay Costumes Shop all  Vampire Teeth",Beserk,https://www.beserk.com.au/products/original-deluxe-classic-custom-fangs?variant=34718993421&country=AU,https://cdn.shopify.com/s/files/1/0836/9167/files/original-deluxe-classic-or-custom-fangs-beserk-all-clickfrenzy15-2023-comiccon2020-cosmetics-cosplay-costume-cpgstinc-discountapp-fake-teeth-false-teeth-fangs-fp-halloween-halloween-c.jpg?v=1687776677,in_stock,"32.95 AUD",,Scarecrow,,"SC-SK100 XSK100",yes,new,BODY,,,,,,,0.15,kg,"https://cdn.shopify.com/s/files/1/0836/9167/files/original-deluxe-classic-or-custom-fangs-beserk-all-clickfrenzy15-2023-comiccon2020-cosmetics-cosplay-costume-cpgstinc-discountapp-fake-teeth-false-teeth-fangs-fp-halloween-halloween-c_31f99445-a904-4455-b6e0-0d120de33695.jpg?v=1687776679,https://cdn.shopify.com/s/files/1/0836/9167/files/original-deluxe-classic-or-custom-fangs-beserk-all-clickfrenzy15-2023-comiccon2020-cosmetics-cosplay-costume-cpgstinc-discountapp-fake-teeth-false-teeth-fangs-fp-halloween-halloween-c_4d2c2682-e439-465b-8345-15959dcaa505.jpg?v=1687776682,https://cdn.shopify.com/s/files/1/0836/9167/files/original-deluxe-classic-or-custom-fangs-beserk-all-clickfrenzy15-2023-comiccon2020-cosmetics-cosplay-costume-cpgstinc-discountapp-fake-teeth-false-teeth-fangs-fp-halloween-halloween-c_3ed2a21b-39b9-4214-89d0-eb7abe20240d.jpg?v=1687776684,https://cdn.shopify.com/s/files/1/0836/9167/files/original-deluxe-classic-or-custom-fangs-beserk-all-clickfrenzy15-2023-comiccon2020-cosmetics-cosplay-costume-cpgstinc-discountapp-fake-teeth-false-teeth-fangs-fp-halloween-halloween-c_0ffb69f3-ccbf-4b6d-b7c8-f57273e0b000.jpg?v=1687776687,https://cdn.shopify.com/s/files/1/0836/9167/files/original-deluxe-classic-or-custom-fangs-beserk-all-clickfrenzy15-2023-comiccon2020-cosmetics-cosplay-costume-cpgstinc-discountapp-fake-teeth-false-teeth-fangs-fp-halloween-halloween-c_1ced4206-480a-4e12-aff7-f43f4a6a1117.jpg?v=1687776689,https://cdn.shopify.com/s/files/1/0836/9167/files/original-deluxe-classic-or-custom-fangs-beserk-all-clickfrenzy15-2023-comiccon2020-cosmetics-cosplay-costume-cpgstinc-discountapp-fake-teeth-false-teeth-fangs-fp-halloween-halloween-c_03e33020-5f12-42f9-a7c3-8319e6929fb8.jpg?v=1687776691",https://www.beserk.com.au/pages/privacy-policy,https://www.beserk.com.au/pages/terms-and-conditions,https://www.beserk.com.au/pages/beserk-returns,AU,AU
9435352141,"Original Deluxe [Small] | Custom Fangs","The Original Scarecrow Vampire Fangs! Small Deluxe Custom Fangs are designed for people with smaller teeth, or those looking for a subtler look. They may fit either canines and/or incisors or bottom teeth. Fast, easy, comfortable, and totally realistic. Natural colour fang caps are shiny, rigid and beautifully contoured to look great in any mouth.  On-the-spot customising is fast, easy, and only needs to be done once. Everything you need is included, no additional utensils and no boiling water necessary. Once customised, fangs fit with a unique mold of your tooth inside that allows you to snap them on or off, quickly and easily (no thermoplastic partial plate around adjacent teeth). Scarecrow Vampire Fangs give you the best hi-definition quality realism that professional TV & film make-up artists, actors and stage performers depend on. As seen on CSI: Las Vegas, America's Next Top Model, Dancing with the Stars, and many more. Perfect for Halloween! MEASUREMENTS : Fangs measure 14mm SCARECROW FANGS Shop all Womens Halloween Costumes Shop all Scarecrow Shop all Cosplay Costumes Shop all Vampire Teeth",Beserk,https://www.beserk.com.au/products/original-deluxe-small-custom-fangs?variant=34719099853&country=AU,https://cdn.shopify.com/s/files/1/0836/9167/files/scarecrow-love-bite-white-fangs-1_3ed5163c-6b9f-462e-b81a-5aa662b8a317.jpg?v=1711413036,in_stock,"39.95 AUD",,Scarecrow,,"SC-SSK200 XSSK200 36801",yes,new,BODY,,,,,,,0.11,kg,"https://cdn.shopify.com/s/files/1/0836/9167/files/original-deluxe-small-or-custom-fangs-beserk-all-clickfrenzy15-2023-comiccon2020-cosmetics-cosplay-costume-cpgstinc-discountapp-fake-teeth-false-teeth-fangs-fp-halloween-halloween-cos_8ae2148a-65a8-42c4-9082-61f65b03443f.jpg?v=1711413036,https://cdn.shopify.com/s/files/1/0836/9167/files/original-deluxe-small-or-custom-fangs-beserk-all-clickfrenzy15-2023-comiccon2020-cosmetics-cosplay-costume-cpgstinc-discountapp-fake-teeth-false-teeth-fangs-fp-halloween-halloween-cos_893a79fc-5374-4fe7-beae-921cba80d098.jpg?v=1711413036,https://cdn.shopify.com/s/files/1/0836/9167/files/original-deluxe-small-or-custom-fangs-beserk-all-clickfrenzy15-2023-comiccon2020-cosmetics-cosplay-costume-cpgstinc-discountapp-fake-teeth-false-teeth-fangs-fp-halloween-halloween-cos_a6faecba-ea46-4def-9b5b-4494d0759bcc.jpg?v=1711413036,https://cdn.shopify.com/s/files/1/0836/9167/files/original-deluxe-small-or-custom-fangs-beserk-all-clickfrenzy15-2023-comiccon2020-cosmetics-cosplay-costume-cpgstinc-discountapp-fake-teeth-false-teeth-fangs-fp-halloween-halloween-cos_440ffd4c-b3e4-47ca-85eb-4667fde03819.jpg?v=1711413036,https://cdn.shopify.com/s/files/1/0836/9167/files/original-deluxe-small-or-custom-fangs-beserk-all-clickfrenzy15-2023-comiccon2020-cosmetics-cosplay-costume-cpgstinc-discountapp-fake-teeth-false-teeth-fangs-fp-halloween-halloween-cos_a34f225b-447b-4694-90b9-cb8d474f7426.jpg?v=1711413036,https://cdn.shopify.com/s/files/1/0836/9167/files/original-deluxe-small-or-custom-fangs-beserk-all-clickfrenzy15-2023-comiccon2020-cosmetics-cosplay-costume-cpgstinc-discountapp-fake-teeth-false-teeth-fangs-fp-halloween-halloween-cos_99666b6d-1f96-4217-ac52-df978166da21.jpg?v=1711413036,https://cdn.shopify.com/s/files/1/0836/9167/files/scarecrow-love-bite-white-fangs-2_346caa3c-221c-44a4-94b6-edf19d9d15b3.jpg?v=1711412779",https://www.beserk.com.au/pages/privacy-policy,https://www.beserk.com.au/pages/terms-and-conditions,https://www.beserk.com.au/pages/beserk-returns,AU,AU
9435694221,"Diem Lace Ruffle [White] | Ankle Socks","The Diem Lace Ruffle Anklet Socks by Leg Avenue is all angel vibes. Featuring a super cute anklet silhouette with a delicate lace ruffle, these socks give you a classic look you'll love! Wear with sneakers for a sweet and sassy look or with heels for casual elegance. Features: - High quality stocking fabric for long lasting wear - Comfortable, stretchy material - Intricate lace ruffle detailing - Reinforced toes - Perfect fit technology - Wear with everything from mary janes to heels! Care:  Hand wash cold, Do not bleach, Drip dry SIZING:   One Size LEG AVENUE",Beserk,https://www.beserk.com.au/products/diem-lace-ruffle-white-ankle-socks?variant=34721703629&country=AU,https://cdn.shopify.com/s/files/1/0836/9167/files/diem-lace-ruffle-white-or-ankle-socks-beserk-all-all-clothing-ankle-socks-christmas-clothing-clickfrenzy15-2023-cosplay-cpgstinc-discountapp-edgy-fp-hosiery-hosiery-and-socks-kawaii-l.jpg?v=1687776718,in_stock,"9.95 AUD",,"Leg Avenue",,LA-3013WOS,yes,new,SOCKS,,,,,,,0.03,kg,"https://cdn.shopify.com/s/files/1/0836/9167/files/diem-lace-ruffle-white-or-ankle-socks-beserk-all-all-clothing-ankle-socks-christmas-clothing-clickfrenzy15-2023-cosplay-cpgstinc-discountapp-edgy-fp-hosiery-hosiery-and-socks-kawaii-l_23022420-d67e-42f0-8e32-ddbcb27fbb83.jpg?v=1687776721,https://cdn.shopify.com/s/files/1/0836/9167/files/diem-lace-ruffle-white-or-ankle-socks-beserk-all-all-clothing-ankle-socks-christmas-clothing-clickfrenzy15-2023-cosplay-cpgstinc-discountapp-edgy-fp-hosiery-hosiery-and-socks-kawaii-l_6a3c6c37-88e5-49a7-b528-728f8a5eb519.jpg?v=1687776723,https://cdn.shopify.com/s/files/1/0836/9167/files/diem-lace-ruffle-white-or-ankle-socks-beserk-all-all-clothing-ankle-socks-christmas-clothing-clickfrenzy15-2023-cosplay-cpgstinc-discountapp-edgy-fp-hosiery-hosiery-and-socks-kawaii-l_c39092b1-edf2-4bf5-aab7-d88c87f7cc82.jpg?v=1687776725",https://www.beserk.com.au/pages/privacy-policy,https://www.beserk.com.au/pages/terms-and-conditions,https://www.beserk.com.au/pages/beserk-returns,AU,AU
9436089805,"Sterling | Hair Colour [118Ml]","COLOUR - STERLING This light gray works well for any silvery, steely look. To achieve this pastel silver, your hair needs to be platinum at a level 11- pre-lightening is a must with this shade! Since toner deposits colour, refrain from using it to achieve level 11 blonde; if you do tone level 10 hair and then add Sterling, it can create unwanted pigment interactions or inconsistent colour. Any yellow tones in blonde hair can interact with the blue/silvery base in Sterling to cause an unpredictable result.  #AFProTip: If your hair is very light cool blonde but not quite platinum, try mixing Sterling with a little bit of a warmer tone like Girl’s Night to help cover blonde undertones more effectively. Or, you can mix a bit into Poseidon, Purple Rain or a few other shades to give that colour a smoky hue! Arctic Fox Hair Colour is cruelty-free, semi-permanent hair dye that is made only from vegan ingredients. - 100% Vegan (Non-GMO) - No Animal By-products - Never Tested on Animals - Extra Conditioning - No Peroxide - No Ammonia - PPD Free - DIY Formula - Hydrating + Zero Damage - Best Results With Pre-Lightened Hair - Always Do a Patch & Strand Test Before Coloring SIZE: 118ml / 4oz ARCTIC FOX",Beserk,https://www.beserk.com.au/products/sterling-hair-colour-118ml?variant=34725936013&country=AU,https://cdn.shopify.com/s/files/1/0836/9167/files/sterling-hair-colour-118ml_2.jpg?v=1786748845,in_stock,"19.95 AUD",,"Arctic Fox",,AF-118-ST,yes,new,HAIR,,,,,,,0.15,kg,"https://cdn.shopify.com/s/files/1/0836/9167/files/sterling-or-hair-colour-118ml-beserk-all-arctic-fox-artic-fox-clickfrenzy15-2023-cosmetics-discountapp-fp-goth-gray-grey-hair-colour-hair-dye-hair-grey-hair-silver-labelvegan-lethal-i_c43c4b28-efa0-4027-ad73-954acce56099.jpg?v=1687776814,https://cdn.shopify.com/s/files/1/0836/9167/files/sterling-or-hair-colour-118ml-beserk-all-arctic-fox-artic-fox-clickfrenzy15-2023-cosmetics-discountapp-fp-goth-gray-grey-hair-colour-hair-dye-hair-grey-hair-silver-labelvegan-lethal-i_0f47208e-b862-4395-bc9b-1b7327a1f0e9.jpg?v=1687776817,https://cdn.shopify.com/s/files/1/0836/9167/files/sterling-or-hair-colour-118ml-beserk-all-arctic-fox-artic-fox-clickfrenzy15-2023-cosmetics-discountapp-fp-goth-gray-grey-hair-colour-hair-dye-hair-grey-hair-silver-labelvegan-lethal-i_0eb8f310-9ce2-4557-aca4-53b355e3499e.jpg?v=1687776819,https://cdn.shopify.com/s/files/1/0836/9167/files/sterling-or-hair-colour-118ml-beserk-all-arctic-fox-artic-fox-clickfrenzy15-2023-cosmetics-discountapp-fp-goth-gray-grey-hair-colour-hair-dye-hair-grey-hair-silver-labelvegan-lethal-i_ac18bf89-df3a-4e7b-96fa-a6cd53df936b.jpg?v=1687776822,https://cdn.shopify.com/s/files/1/0836/9167/files/sterling-hair-colour-118ml_4.jpg?v=1786748909,https://cdn.shopify.com/s/files/1/0836/9167/files/sterling-hair-colour-118ml_1.jpg?v=1786748909,https://cdn.shopify.com/s/files/1/0836/9167/files/sterling-hair-colour-118ml_3.jpg?v=1786748910",https://www.beserk.com.au/pages/privacy-policy,https://www.beserk.com.au/pages/terms-and-conditions,https://www.beserk.com.au/pages/beserk-returns,AU,AU
9436092045,"Rainbow Tint | Bowl Set","Rainbow Tint Bowl Set Arctic Fox are taking over the hair dye game one amazing product at a time! Set of seven interlocking rainbow Arctic Fox branded tint bowls. Create the perfect palette of colours for your next hair masterpiece. Your hair colour bowls should be almost as fun as your hair colour. Use a few, or use one and don't do the dishes for a really long time. Please Note: We recommend that you patch test any new product before its continued usage. If any redness or itching occurs do not continue use.  ARCTIC FOX Hair Colour",Beserk,https://www.beserk.com.au/products/rainbow-tint-bowl-set?variant=34725955853&country=AU,https://cdn.shopify.com/s/files/1/0836/9167/files/rainbow-tint-or-bowl-set-beserk-all-arctic-fox-artic-fox-brushes-and-tools-clickfrenzy15-2023-cosmetics-discountapp-dye-bowl-fp-hair-colour-hair-dye-hair-products-lethal-industries-ra.jpg?v=1687776811,in_stock,"19.95 AUD",,"Arctic Fox",,AF-BW-RT,yes,new,HAIR,,,,,,,0.35,kg,"https://cdn.shopify.com/s/files/1/0836/9167/files/rainbow-tint-or-bowl-set-beserk-all-arctic-fox-artic-fox-brushes-and-tools-clickfrenzy15-2023-cosmetics-discountapp-dye-bowl-fp-hair-colour-hair-dye-hair-products-lethal-industries-ra_b0303a5b-3833-41fb-a583-8c5c92e998e5.jpg?v=1687776814,https://cdn.shopify.com/s/files/1/0836/9167/files/rainbow-tint-or-bowl-set-beserk-all-arctic-fox-artic-fox-brushes-and-tools-clickfrenzy15-2023-cosmetics-discountapp-dye-bowl-fp-hair-colour-hair-dye-hair-products-lethal-industries-ra_0abcbef9-ea66-4a6f-b0ac-d79981b05c32.jpg?v=1687776816",https://www.beserk.com.au/pages/privacy-policy,https://www.beserk.com.au/pages/terms-and-conditions,https://www.beserk.com.au/pages/beserk-returns,AU,AU
9436093645,"Sterling | Hair Colour [236Ml]","COLOUR - STERLING This light gray works well for any silvery, steely look. To achieve this pastel silver, your hair needs to be platinum at a level 11- pre-lightening is a must with this shade! Since toner deposits colour, refrain from using it to achieve level 11 blonde; if you do tone level 10 hair and then add Sterling, it can create unwanted pigment interactions or inconsistent colour. Any yellow tones in blonde hair can interact with the blue/silvery base in Sterling to cause an unpredictable result.  #AFProTip: If your hair is very light cool blonde but not quite platinum, try mixing Sterling with a little bit of a warmer tone like Girl’s Night to help cover blonde undertones more effectively. Or, you can mix a bit into Poseidon, Purple Rain or a few other shades to give that colour a smoky hue! Arctic Fox Hair Colour is cruelty-free, semi-permanent hair dye that is made only from vegan ingredients. - 100% Vegan (Non-GMO) - No Animal By-products - Never Tested on Animals - Extra Conditioning - No Peroxide - No Ammonia - PPD Free - DIY Formula - Hydrating + Zero Damage - Best Results With Pre-Lightened Hair - Always Do a Patch & Strand Test Before Coloring SIZE:  236ml / 8oz ARCTIC FOX",Beserk,https://www.beserk.com.au/products/sterling-hair-colour-236ml?variant=34725973069&country=AU,https://cdn.shopify.com/s/files/1/0836/9167/files/sterling-hair-colour-236ml.jpg?v=1786748865,in_stock,"29.95 AUD",,"Arctic Fox",,AF-236-ST,yes,new,HAIR,,,,,,,0.28,kg,"https://cdn.shopify.com/s/files/1/0836/9167/files/sterling-or-hair-colour-236ml-beserk-all-arctic-fox-artic-fox-clickfrenzy15-2023-cosmetics-discountapp-fp-goth-gray-grey-hair-colour-hair-dye-hair-grey-hair-silver-labelvegan-lethal-i_f2ef8f6f-f41c-405d-bfe2-b94f2582ffc1.jpg?v=1687776814,https://cdn.shopify.com/s/files/1/0836/9167/files/sterling-hair-colour-118ml_4_073ebd1f-f60b-4677-81a5-780a64e7f187.jpg?v=1786748911,https://cdn.shopify.com/s/files/1/0836/9167/files/sterling-or-hair-colour-236ml-beserk-all-arctic-fox-artic-fox-clickfrenzy15-2023-cosmetics-discountapp-fp-goth-gray-grey-hair-colour-hair-dye-hair-grey-hair-silver-labelvegan-lethal-i_bd050ac0-c13f-4688-97c9-e752d4f86068.jpg?v=1687776817,https://cdn.shopify.com/s/files/1/0836/9167/files/sterling-or-hair-colour-236ml-beserk-all-arctic-fox-artic-fox-clickfrenzy15-2023-cosmetics-discountapp-fp-goth-gray-grey-hair-colour-hair-dye-hair-grey-hair-silver-labelvegan-lethal-i_8f026fd6-db98-43fa-92e8-b8650f476812.jpg?v=1687776819,https://cdn.shopify.com/s/files/1/0836/9167/files/sterling-or-hair-colour-236ml-beserk-all-arctic-fox-artic-fox-clickfrenzy15-2023-cosmetics-discountapp-fp-goth-gray-grey-hair-colour-hair-dye-hair-grey-hair-silver-labelvegan-lethal-i_df1e8951-7338-4cd6-be4f-c87d98ef499b.jpg?v=1687776821,https://cdn.shopify.com/s/files/1/0836/9167/files/sterling-hair-colour-118ml_1_73984c00-93a6-4939-97ec-66743fe23358.jpg?v=1786748911,https://cdn.shopify.com/s/files/1/0836/9167/files/sterling-hair-colour-118ml_3_a13cb53a-60cd-4396-8f33-bc5e9017124e.jpg?v=1786748911",https://www.beserk.com.au/pages/privacy-policy,https://www.beserk.com.au/pages/terms-and-conditions,https://www.beserk.com.au/pages/beserk-returns,AU,AU
9436127245,"Sylvia Silver | Hair Colour","Sylvia Silver is a vibrant grey hair colour that transforms your hair into pure silver. This semi-permanent hair dye applies and nourishes like a conditioner. For best results, we recommend bleaching your hair to medium or light blonde (level 8) with a Bleach Kit first. You can apply dye straight after to dry, unconditioned hair. In 60-90 minutes you will have intense colour that lasts 8-12 washes. All fun with no commitments! Herman’s Professional is a semi-permanent, direct hair colour, that is conditioner-based, and 100% vegan, and cruelty-free. Beautiful & Fierce hair colours that won’t damage your hair! This formula works gently by deep conditioning your hair while colouring, and will fade out naturally. FEATURES: - Conditioner based, no ammonia - Colour remains about 8-12 weeks, results may vary - 100% Vegan & cruelty-free - Best results with pre-lightened to pale blonde hair - DIY friendly/mixable colours HOW TO:   For best results, start with clean, unconditioned, dry hair. Always do a patch and strand test beforehand. Before colouring, we suggest using toning your hair so you would have the platinum base because you need clean light, platinum hair to achieve silver-grey, otherwise, your hair will have green tones. - Shake the jar well before opening. - Use gloves for protection. - Start applying the hair colour to your roots and move down. You can also use a brush for easy application. The key is to make sure that your hair is fully covered. - Once your hair is fully covered, let the hair colour sit on your hair for 30-40 minutes. The longer you hold it on, the more intense the colour will become -  don't worry, conditioner hair colour will not damage your hair, but deep conditions it. - When the time is up, rinse hair with lukewarm water until the water runs clear. Then apply the protective conditioner. It will help keep your colour looking and feeling radiant, soft, and silky. PLEASE NOTE:   Herman's Amazing is ready to use; do not mix with developers, lighteners, or any permanent hair colour. Can temporarily stain skin and permanently stain fabric. SIZE:   115ml 100% Vegan & Cruelty-Free! Please Note: This Product contains Sunflower Seeds! HERMAN'S PROFESSIONAL",Beserk,https://www.beserk.com.au/products/sylvia-silver-hair-colour?variant=34726244749&country=AU,https://cdn.shopify.com/s/files/1/0836/9167/files/sylvia-silver-or-hair-colour-beserk-all-clickfrenzy15-2023-cosmetics-discountapp-dye-fp-goth-grey-hair-hair-color-hair-colour-hair-colours-hair-dye-hair-dyes-hair-grey-hair-silver-her.jpg?v=1687776839,in_stock,"19.95 AUD","17.96 AUD","Hermans Hair",,HN-93008,yes,new,HAIR,,,,,,,0.15,kg,"https://cdn.shopify.com/s/files/1/0836/9167/files/sylvia-silver-or-hair-colour-beserk-all-clickfrenzy15-2023-cosmetics-discountapp-dye-fp-goth-grey-hair-hair-color-hair-colour-hair-colours-hair-dye-hair-dyes-hair-grey-hair-silver-her_d9160367-2920-4cc8-8c5c-71cf4f1c97d9.jpg?v=1687776842,https://cdn.shopify.com/s/files/1/0836/9167/files/sylvia-silver-or-hair-colour-beserk-all-clickfrenzy15-2023-cosmetics-discountapp-dye-fp-goth-grey-hair-hair-color-hair-colour-hair-colours-hair-dye-hair-dyes-hair-grey-hair-silver-her_ef375840-2867-4bac-9eeb-ec3d3dd51465.jpg?v=1687776845,https://cdn.shopify.com/s/files/1/0836/9167/files/sylvia-silver-or-hair-colour-beserk-all-clickfrenzy15-2023-cosmetics-discountapp-dye-fp-goth-grey-hair-hair-color-hair-colour-hair-colours-hair-dye-hair-dyes-hair-grey-hair-silver-her_32e74dcb-fc2b-4815-83d6-4c57298a72a0.jpg?v=1687776847,https://cdn.shopify.com/s/files/1/0836/9167/files/sylvia-silver-or-hair-colour-beserk-all-clickfrenzy15-2023-cosmetics-discountapp-dye-fp-goth-grey-hair-hair-color-hair-colour-hair-colours-hair-dye-hair-dyes-hair-grey-hair-silver-her_2f2a4ebb-ea11-4592-98d8-8ceba6ecef3d.jpg?v=1687776849,https://cdn.shopify.com/s/files/1/0836/9167/files/sylvia-silver-or-hair-colour-beserk-all-clickfrenzy15-2023-cosmetics-discountapp-dye-fp-goth-grey-hair-hair-color-hair-colour-hair-colours-hair-dye-hair-dyes-hair-grey-hair-silver-her_87e71cdd-8530-44ec-8423-32f730255cdb.jpg?v=1687776852,https://cdn.shopify.com/s/files/1/0836/9167/files/sylvia-silver-or-hair-colour-beserk-all-clickfrenzy15-2023-cosmetics-discountapp-dye-fp-goth-grey-hair-hair-color-hair-colour-hair-colours-hair-dye-hair-dyes-hair-grey-hair-silver-her_67ec92ee-6404-4773-a5d5-d16d4594c81b.jpg?v=1687776854,https://cdn.shopify.com/s/files/1/0836/9167/files/sylvia-silver-or-hair-colour-beserk-all-clickfrenzy15-2023-cosmetics-discountapp-dye-fp-goth-grey-hair-hair-color-hair-colour-hair-colours-hair-dye-hair-dyes-hair-grey-hair-silver-her_d8188d07-eccb-4c8c-9183-b301960167ac.jpg?v=1687776856,https://cdn.shopify.com/s/files/1/0836/9167/files/sylvia-silver-or-hair-colour-beserk-all-clickfrenzy15-2023-cosmetics-discountapp-dye-fp-goth-grey-hair-hair-color-hair-colour-hair-colours-hair-dye-hair-dyes-hair-grey-hair-silver-her_fb057020-23dd-4f97-94d1-adf31e134f93.jpg?v=1687776858,https://cdn.shopify.com/s/files/1/0836/9167/files/sylvia-silver-or-hair-colour-beserk-all-clickfrenzy15-2023-cosmetics-discountapp-dye-fp-goth-grey-hair-hair-color-hair-colour-hair-colours-hair-dye-hair-dyes-hair-grey-hair-silver-her_6d24b9d8-99b2-48a0-8365-2d56017f5528.jpg?v=1687776861,https://cdn.shopify.com/s/files/1/0836/9167/files/sylvia-silver-or-hair-colour-beserk-all-clickfrenzy15-2023-cosmetics-discountapp-dye-fp-goth-grey-hair-hair-color-hair-colour-hair-colours-hair-dye-hair-dyes-hair-grey-hair-silver-her_0eef4c81-fb65-4d70-947e-a1217e947192.jpg?v=1687776863",https://www.beserk.com.au/pages/privacy-policy,https://www.beserk.com.au/pages/terms-and-conditions,https://www.beserk.com.au/pages/beserk-returns,AU,AU
9436127949,"UV Lemon Daisy | HAIR COLOUR","UV Lemon Daisy is the ultimate UV hair colour of all, it is bright neon yellow hair colour. This semi-permanent hair dye applies and nourishes like a conditioner. For best results, we recommend bleaching your hair to medium or light blonde (level 8) with a Bleach Kit first. You can apply dye straight after to dry, unconditioned hair. In 60-90 minutes you will have intense colour that lasts 8-12 washes. All fun with no commitments! Herman’s Professional is a semi-permanent, direct hair colour, that is conditioner-based, and 100% vegan, and cruelty-free. Beautiful & Fierce hair colours that won’t damage your hair! This formula works gently by deep conditioning your hair while colouring, and will fade out naturally. FEATURES: - Conditioner based, no ammonia - Colour remains about 8-12 weeks, results may vary - 100% Vegan & cruelty-free - Best results with pre-lightened to pale blonde hair - DIY friendly/mixable colours HOW TO:   For best results, start with clean, unconditioned, dry hair. Always do a patch and strand test beforehand. Before colouring, we suggest using toning your hair so you would have the platinum base because you need clean light, platinum hair to achieve silver-grey, otherwise, your hair will have green tones. - Shake the jar well before opening. - Use gloves for protection. - Start applying the hair colour to your roots and move down. You can also use a brush for easy application. The key is to make sure that your hair is fully covered. - Once your hair is fully covered, let the hair colour sit on your hair for 30-40 minutes. The longer you hold it on, the more intense the colour will become -  don't worry, conditioner hair colour will not damage your hair, but deep conditions it. - When the time is up, rinse hair with lukewarm water until the water runs clear. Then apply the protective conditioner. It will help keep your colour looking and feeling radiant, soft, and silky. PLEASE NOTE:   Herman's Amazing is ready to use; do not mix with developers, lighteners, or any permanent hair colour. Can temporarily stain skin and permanently stain fabric. SIZE:   115ml 100% Vegan & Cruelty-Free! Please Note: This Product contains Sunflower Seeds! HERMAN'S PROFESSIONAL",Beserk,https://www.beserk.com.au/products/uv-lemon-daisy-hair-colour?variant=34726245773&country=AU,https://cdn.shopify.com/s/files/1/0836/9167/files/uv-lemon-daisy-or-hair-colour-beserk-all-bright-yellow-clickfrenzy15-2023-cosmetics-discountapp-dye-fp-hair-hair-colour-hair-dye-hair-dyes-hair-yellow-hermans-colour-hermans-hair-colo.jpg?v=1687776882,in_stock,"18.95 AUD",,"Hermans Hair",,HN-93013,yes,new,HAIR,,,,,,,0.15,kg,"https://cdn.shopify.com/s/files/1/0836/9167/files/uv-lemon-daisy-or-hair-colour-beserk-all-bright-yellow-clickfrenzy15-2023-cosmetics-discountapp-dye-fp-hair-hair-colour-hair-dye-hair-dyes-hair-yellow-hermans-colour-hermans-hair-colo_c81cf679-2da4-410f-9f2e-cadcb91fb882.jpg?v=1687776885,https://cdn.shopify.com/s/files/1/0836/9167/files/uv-lemon-daisy-or-hair-colour-beserk-all-bright-yellow-clickfrenzy15-2023-cosmetics-discountapp-dye-fp-hair-hair-colour-hair-dye-hair-dyes-hair-yellow-hermans-colour-hermans-hair-colo_9294dfae-1d61-47db-8866-f362f1d89f8c.jpg?v=1687776888,https://cdn.shopify.com/s/files/1/0836/9167/files/uv-lemon-daisy-or-hair-colour-beserk-all-bright-yellow-clickfrenzy15-2023-cosmetics-discountapp-dye-fp-hair-hair-colour-hair-dye-hair-dyes-hair-yellow-hermans-colour-hermans-hair-colo_1e388420-cb7f-406e-bdd5-557f500d7230.jpg?v=1687776890,https://cdn.shopify.com/s/files/1/0836/9167/files/uv-lemon-daisy-or-hair-colour-beserk-all-bright-yellow-clickfrenzy15-2023-cosmetics-discountapp-dye-fp-hair-hair-colour-hair-dye-hair-dyes-hair-yellow-hermans-colour-hermans-hair-colo_19c89b7b-0595-4160-8418-0690f12ab8c3.jpg?v=1687776893,https://cdn.shopify.com/s/files/1/0836/9167/files/uv-lemon-daisy-or-hair-colour-beserk-all-bright-yellow-clickfrenzy15-2023-cosmetics-discountapp-dye-fp-hair-hair-colour-hair-dye-hair-dyes-hair-yellow-hermans-colour-hermans-hair-colo_a402776a-39d7-4b9c-8418-6a46337111d4.jpg?v=1687776895,https://cdn.shopify.com/s/files/1/0836/9167/files/uv-lemon-daisy-or-hair-colour-beserk-all-bright-yellow-clickfrenzy15-2023-cosmetics-discountapp-dye-fp-hair-hair-colour-hair-dye-hair-dyes-hair-yellow-hermans-colour-hermans-hair-colo_1e599d47-36ed-4ac5-99db-15d12dbda8e3.jpg?v=1687776898,https://cdn.shopify.com/s/files/1/0836/9167/files/uv-lemon-daisy-or-hair-colour-beserk-all-bright-yellow-clickfrenzy15-2023-cosmetics-discountapp-dye-fp-hair-hair-colour-hair-dye-hair-dyes-hair-yellow-hermans-colour-hermans-hair-colo_05dee7c5-1279-46a5-b0ce-bacdbe90f746.jpg?v=1687776900,https://cdn.shopify.com/s/files/1/0836/9167/files/uv-lemon-daisy-or-hair-colour-beserk-all-bright-yellow-clickfrenzy15-2023-cosmetics-discountapp-dye-fp-hair-hair-colour-hair-dye-hair-dyes-hair-yellow-hermans-colour-hermans-hair-colo_cb694901-6626-4e6e-8b14-d385767fafe1.jpg?v=1687776903,https://cdn.shopify.com/s/files/1/0836/9167/files/uv-lemon-daisy-or-hair-colour-beserk-all-bright-yellow-clickfrenzy15-2023-cosmetics-discountapp-dye-fp-hair-hair-colour-hair-dye-hair-dyes-hair-yellow-hermans-colour-hermans-hair-colo_948e1e86-f8f7-498b-9ed9-cdb06c8a839d.jpg?v=1687776905,https://cdn.shopify.com/s/files/1/0836/9167/files/uv-lemon-daisy-or-hair-colour-beserk-all-bright-yellow-clickfrenzy15-2023-cosmetics-discountapp-dye-fp-hair-hair-colour-hair-dye-hair-dyes-hair-yellow-hermans-colour-hermans-hair-colo_6f961b21-caab-4698-92cf-c5c8eedb4984.jpg?v=1687776907",https://www.beserk.com.au/pages/privacy-policy,https://www.beserk.com.au/pages/terms-and-conditions,https://www.beserk.com.au/pages/beserk-returns,AU,AU
9436128205,"Vicky Violet | Hair Colour","Vicky Violet is a soft and vibrant watercolor'ish violet tone. This semi-permanent hair dye applies and nourishes like a conditioner. For best results, we recommend bleaching your hair to medium or light blonde (level 8) with a Bleach Kit first. You can apply dye straight after to dry, unconditioned hair. In 60-90 minutes you will have intense colour that lasts 8-12 washes. All fun with no commitments! Herman’s Professional is a semi-permanent, direct hair colour, that is conditioner-based, and 100% vegan, and cruelty-free. Beautiful & Fierce hair colours that won’t damage your hair! This formula works gently by deep conditioning your hair while colouring, and will fade out naturally. FEATURES: - Conditioner based, no ammonia - Colour remains about 8-12 weeks, results may vary - 100% Vegan & cruelty-free - Best results with pre-lightened to pale blonde hair - DIY friendly/mixable colours HOW TO:   For best results, start with clean, unconditioned, dry hair. Always do a patch and strand test beforehand. Before colouring, we suggest using toning your hair so you would have the platinum base because you need clean light, platinum hair to achieve silver-grey, otherwise, your hair will have green tones. - Shake the jar well before opening. - Use gloves for protection. - Start applying the hair colour to your roots and move down. You can also use a brush for easy application. The key is to make sure that your hair is fully covered. - Once your hair is fully covered, let the hair colour sit on your hair for 30-40 minutes. The longer you hold it on, the more intense the colour will become -  don't worry, conditioner hair colour will not damage your hair, but deep conditions it. - When the time is up, rinse hair with lukewarm water until the water runs clear. Then apply the protective conditioner. It will help keep your colour looking and feeling radiant, soft, and silky. PLEASE NOTE:   Herman's Amazing is ready to use; do not mix with developers, lighteners, or any permanent hair colour. Can temporarily stain skin and permanently stain fabric. SIZE:   115ml 100% Vegan & Cruelty-Free! Please Note: This Product contains Sunflower Seeds! HERMAN'S PROFESSIONAL",Beserk,https://www.beserk.com.au/products/vicky-violet-hair-colour?variant=34726248717&country=AU,https://cdn.shopify.com/s/files/1/0836/9167/files/vicky-violet-or-hair-colour-beserk-all-clickfrenzy15-2023-cosmetics-discountapp-dye-fp-hair-hair-colour-hair-dye-hair-dyes-hair-products-hair-purple-hermans-colour-hermans-hair-colour.jpg?v=1687776882,in_stock,"19.95 AUD","17.96 AUD","Hermans Hair",,HN-93016,yes,new,HAIR,,,,unisex,,,0.15,kg,"https://cdn.shopify.com/s/files/1/0836/9167/files/vicky-violet-or-hair-colour-beserk-all-clickfrenzy15-2023-cosmetics-discountapp-dye-fp-hair-hair-colour-hair-dye-hair-dyes-hair-products-hair-purple-hermans-colour-hermans-hair-colour_986b62fd-172e-427c-92d9-e22a9f9be059.jpg?v=1687776885,https://cdn.shopify.com/s/files/1/0836/9167/files/vicky-violet-or-hair-colour-beserk-all-clickfrenzy15-2023-cosmetics-discountapp-dye-fp-hair-hair-colour-hair-dye-hair-dyes-hair-products-hair-purple-hermans-colour-hermans-hair-colour_535dfd0e-54d2-4ffb-ac3d-3eb1a268ea81.jpg?v=1687776887,https://cdn.shopify.com/s/files/1/0836/9167/files/vicky-violet-or-hair-colour-beserk-all-clickfrenzy15-2023-cosmetics-discountapp-dye-fp-hair-hair-colour-hair-dye-hair-dyes-hair-products-hair-purple-hermans-colour-hermans-hair-colour_797a2e7e-683c-42ef-95ff-f8e7a6c7b783.jpg?v=1696994856,https://cdn.shopify.com/s/files/1/0836/9167/files/vicky-violet-or-hair-colour-beserk-all-clickfrenzy15-2023-cosmetics-discountapp-dye-fp-hair-hair-colour-hair-dye-hair-dyes-hair-products-hair-purple-hermans-colour-hermans-hair-colour_26ab11a0-1640-46ee-889e-421613447c42.jpg?v=1696994856,https://cdn.shopify.com/s/files/1/0836/9167/files/vicky-violet-or-hair-colour-beserk-all-clickfrenzy15-2023-cosmetics-discountapp-dye-fp-hair-hair-colour-hair-dye-hair-dyes-hair-products-hair-purple-hermans-colour-hermans-hair-colour_f73651a4-46e0-4fe8-ac1a-58ec64ef8c71.jpg?v=1696994856,https://cdn.shopify.com/s/files/1/0836/9167/files/vicky-violet-or-hair-colour-beserk-all-clickfrenzy15-2023-cosmetics-discountapp-dye-fp-hair-hair-colour-hair-dye-hair-dyes-hair-products-hair-purple-hermans-colour-hermans-hair-colour_13b27341-c23f-4335-bde9-dba60e033887.jpg?v=1696994856,https://cdn.shopify.com/s/files/1/0836/9167/files/vicky-violet-or-hair-colour-beserk-all-clickfrenzy15-2023-cosmetics-discountapp-dye-fp-hair-hair-colour-hair-dye-hair-dyes-hair-products-hair-purple-hermans-colour-hermans-hair-colour_e188f9aa-6dcf-4dc5-9cc8-b63fb0f64a25.jpg?v=1687776899,https://cdn.shopify.com/s/files/1/0836/9167/files/vicky-violet-or-hair-colour-beserk-all-clickfrenzy15-2023-cosmetics-discountapp-dye-fp-hair-hair-colour-hair-dye-hair-dyes-hair-products-hair-purple-hermans-colour-hermans-hair-colour_e947e885-fae6-4fbe-a37e-28772a3707e5.jpg?v=1687776901",https://www.beserk.com.au/pages/privacy-policy,https://www.beserk.com.au/pages/terms-and-conditions,https://www.beserk.com.au/pages/beserk-returns,AU,AU
9436128973,"Platinum Veronica White | Hair Colour","Veronica White is that ultimate platinum blond hair colour. This semi-permanent hair dye applies and nourishes like a conditioner. For best results, we recommend bleaching your hair to medium or light blonde (level 8) with a Bleach Kit first. You can apply dye straight after to dry, unconditioned hair. In 60-90 minutes you will have intense colour that lasts 8-12 washes. All fun with no commitments! Herman’s Professional is a semi-permanent, direct hair colour, that is conditioner-based, and 100% vegan, and cruelty-free. Beautiful & Fierce hair colours that won’t damage your hair! This formula works gently by deep conditioning your hair while colouring, and will fade out naturally. FEATURES: - Conditioner based, no ammonia - Colour remains about 8-12 weeks, results may vary - 100% Vegan & cruelty-free - Best results with pre-lightened to pale blonde hair - DIY friendly/mixable colours HOW TO:   For best results, start with clean, unconditioned, dry hair. Always do a patch and strand test beforehand. Before colouring, we suggest using toning your hair so you would have the platinum base because you need clean light, platinum hair to achieve silver-grey, otherwise, your hair will have green tones. - Shake the jar well before opening. - Use gloves for protection. - Start applying the hair colour to your roots and move down. You can also use a brush for easy application. The key is to make sure that your hair is fully covered. - Once your hair is fully covered, let the hair colour sit on your hair for 30-40 minutes. The longer you hold it on, the more intense the colour will become -  don't worry, conditioner hair colour will not damage your hair, but deep conditions it. - When the time is up, rinse hair with lukewarm water until the water runs clear. Then apply the protective conditioner. It will help keep your colour looking and feeling radiant, soft, and silky. PLEASE NOTE:   Herman's Amazing is ready to use; do not mix with developers, lighteners, or any permanent hair colour. Can temporarily stain skin and permanently stain fabric. SIZE:   115ml 100% Vegan & Cruelty-Free! Please Note: This Product contains Sunflower Seeds! HERMAN'S PROFESSIONAL",Beserk,https://www.beserk.com.au/products/silver-veronica-white-hair-colour?variant=34726256845&country=AU,https://cdn.shopify.com/s/files/1/0836/9167/files/platinum-veronica-white-or-hair-colour-beserk-all-clickfrenzy15-2023-cosmetics-discountapp-dye-fp-goth-hair-hair-colour-hair-dye-hair-dyes-hair-white-hermans-colour-hermans-hair-colou.jpg?v=1687776882,in_stock,"19.95 AUD","17.96 AUD","Hermans Hair",,HN-93007,yes,new,HAIR,,,,,,,0.15,kg,"https://cdn.shopify.com/s/files/1/0836/9167/files/platinum-veronica-white-or-hair-colour-beserk-all-clickfrenzy15-2023-cosmetics-discountapp-dye-fp-goth-hair-hair-colour-hair-dye-hair-dyes-hair-white-hermans-colour-hermans-hair-colou_8d5706e2-3453-4417-a4fc-30d7eb7156b6.jpg?v=1687776884,https://cdn.shopify.com/s/files/1/0836/9167/files/platinum-veronica-white-or-hair-colour-beserk-all-clickfrenzy15-2023-cosmetics-discountapp-dye-fp-goth-hair-hair-colour-hair-dye-hair-dyes-hair-white-hermans-colour-hermans-hair-colou_8388e1cb-bdd3-4351-bc50-afeaa6cbaf67.jpg?v=1687776887,https://cdn.shopify.com/s/files/1/0836/9167/files/platinum-veronica-white-or-hair-colour-beserk-all-clickfrenzy15-2023-cosmetics-discountapp-dye-fp-goth-hair-hair-colour-hair-dye-hair-dyes-hair-white-hermans-colour-hermans-hair-colou_095b3048-4148-474c-872f-9386da2db595.jpg?v=1687776889,https://cdn.shopify.com/s/files/1/0836/9167/files/platinum-veronica-white-or-hair-colour-beserk-all-clickfrenzy15-2023-cosmetics-discountapp-dye-fp-goth-hair-hair-colour-hair-dye-hair-dyes-hair-white-hermans-colour-hermans-hair-colou_c2f11edf-bd54-4a26-af23-58426d5d613c.jpg?v=1687776891,https://cdn.shopify.com/s/files/1/0836/9167/files/platinum-veronica-white-or-hair-colour-beserk-all-clickfrenzy15-2023-cosmetics-discountapp-dye-fp-goth-hair-hair-colour-hair-dye-hair-dyes-hair-white-hermans-colour-hermans-hair-colou_2a2a8baa-2e4b-459e-a01d-5e94c4628795.jpg?v=1687776894,https://cdn.shopify.com/s/files/1/0836/9167/files/platinum-veronica-white-or-hair-colour-beserk-all-clickfrenzy15-2023-cosmetics-discountapp-dye-fp-goth-hair-hair-colour-hair-dye-hair-dyes-hair-white-hermans-colour-hermans-hair-colou_c31f425f-a5e0-4020-abfd-6f6b7859a715.jpg?v=1687776896,https://cdn.shopify.com/s/files/1/0836/9167/files/platinum-veronica-white-or-hair-colour-beserk-all-clickfrenzy15-2023-cosmetics-discountapp-dye-fp-goth-hair-hair-colour-hair-dye-hair-dyes-hair-white-hermans-colour-hermans-hair-colou_70564540-cdfc-4193-96d8-66e102d0cca9.jpg?v=1687776898,https://cdn.shopify.com/s/files/1/0836/9167/files/platinum-veronica-white-or-hair-colour-beserk-all-clickfrenzy15-2023-cosmetics-discountapp-dye-fp-goth-hair-hair-colour-hair-dye-hair-dyes-hair-white-hermans-colour-hermans-hair-colou_71ec6f7f-6d3c-40dc-bf80-281cfad67da7.jpg?v=1687776900",https://www.beserk.com.au/pages/privacy-policy,https://www.beserk.com.au/pages/terms-and-conditions,https://www.beserk.com.au/pages/beserk-returns,AU,AU
9436129165,"Ruby Red | Hair Colour","Ruby Red is the ultimate red hair color. This semi-permanent hair dye applies and nourishes like a conditioner. For best results, we recommend bleaching your hair to medium or light blonde (level 8) with a Bleach Kit first. You can apply dye straight after to dry, unconditioned hair. In 60-90 minutes you will have intense colour that lasts 8-12 washes. All fun with no commitments! Herman’s Professional is a semi-permanent, direct hair colour, that is conditioner-based, and 100% vegan, and cruelty-free. Beautiful & Fierce hair colours that won’t damage your hair! This formula works gently by deep conditioning your hair while colouring, and will fade out naturally. FEATURES: - Conditioner based, no ammonia - Colour remains about 8-12 weeks, results may vary - 100% Vegan & cruelty-free - Best results with pre-lightened to pale blonde hair - DIY friendly/mixable colours HOW TO:   For best results, start with clean, unconditioned, dry hair. Always do a patch and strand test beforehand.  - Shake the jar well before opening. - Use gloves for protection. - Start applying the hair colour to your roots and move down. You can also use a brush for easy application. The key is to make sure that your hair is fully covered. - Once your hair is fully covered, let the hair colour sit on your hair for 30-40 minutes. The longer you hold it on, the more intense the colour will become -  don't worry, conditioner hair colour will not damage your hair, but deep conditions it. - When the time is up, rinse hair with lukewarm water until the water runs clear. Then apply the protective conditioner. It will help keep your colour looking and feeling radiant, soft, and silky. PLEASE NOTE:   Herman's Amazing is ready to use; do not mix with developers, lighteners, or any permanent hair colour. Can temporarily stain skin and permanently stain fabric. SIZE:   115ml 100% Vegan & Cruelty-Free! Please Note: This Product contains Sunflower Seeds! HERMAN'S PROFESSIONAL",Beserk,https://www.beserk.com.au/products/ruby-red-hair-colour?variant=34726257037&country=AU,https://cdn.shopify.com/s/files/1/0836/9167/files/ruby-red-or-hair-colour-beserk-all-clickfrenzy15-2023-colour-red-cosmetics-discountapp-dye-dyes-fp-hair-hair-color-hair-colour-hair-colours-hair-dye-hair-dyes-hair-red-hermans-colour.jpg?v=1687776882,in_stock,"19.95 AUD","17.96 AUD","Hermans Hair",,HN-93004,yes,new,HAIR,,,,,,,0.15,kg,"https://cdn.shopify.com/s/files/1/0836/9167/files/ruby-red-or-hair-colour-beserk-all-clickfrenzy15-2023-colour-red-cosmetics-discountapp-dye-dyes-fp-hair-hair-color-hair-colour-hair-colours-hair-dye-hair-dyes-hair-red-hermans-colour_067ceb30-493a-41e5-a88b-e3ebef43b900.jpg?v=1687776884,https://cdn.shopify.com/s/files/1/0836/9167/files/ruby-red-or-hair-colour-beserk-all-clickfrenzy15-2023-colour-red-cosmetics-discountapp-dye-dyes-fp-hair-hair-color-hair-colour-hair-colours-hair-dye-hair-dyes-hair-red-hermans-colour_77af46a4-e46b-46a9-af39-ba106d5647a3.jpg?v=1687776887,https://cdn.shopify.com/s/files/1/0836/9167/files/ruby-red-or-hair-colour-beserk-all-clickfrenzy15-2023-colour-red-cosmetics-discountapp-dye-dyes-fp-hair-hair-color-hair-colour-hair-colours-hair-dye-hair-dyes-hair-red-hermans-colour_be504faf-c600-4c12-a448-0993a1e34c0a.jpg?v=1687776889,https://cdn.shopify.com/s/files/1/0836/9167/files/ruby-red-or-hair-colour-beserk-all-clickfrenzy15-2023-colour-red-cosmetics-discountapp-dye-dyes-fp-hair-hair-color-hair-colour-hair-colours-hair-dye-hair-dyes-hair-red-hermans-colour_b81396ef-1086-49f7-87ea-4970a8b50b76.jpg?v=1687776891,https://cdn.shopify.com/s/files/1/0836/9167/files/ruby-red-or-hair-colour-beserk-all-clickfrenzy15-2023-colour-red-cosmetics-discountapp-dye-dyes-fp-hair-hair-color-hair-colour-hair-colours-hair-dye-hair-dyes-hair-red-hermans-colour_99282a2f-ed33-40d5-bd96-9b16cb75fda9.jpg?v=1687776893,https://cdn.shopify.com/s/files/1/0836/9167/files/ruby-red-or-hair-colour-beserk-all-clickfrenzy15-2023-colour-red-cosmetics-discountapp-dye-dyes-fp-hair-hair-color-hair-colour-hair-colours-hair-dye-hair-dyes-hair-red-hermans-colour_60cfb495-db50-4430-9800-4aea04f3709e.jpg?v=1687776896,https://cdn.shopify.com/s/files/1/0836/9167/files/ruby-red-or-hair-colour-beserk-all-clickfrenzy15-2023-colour-red-cosmetics-discountapp-dye-dyes-fp-hair-hair-color-hair-colour-hair-colours-hair-dye-hair-dyes-hair-red-hermans-colour_602f9d74-4d72-4f5c-b1bc-82070dc15b17.jpg?v=1687776898,https://cdn.shopify.com/s/files/1/0836/9167/files/ruby-red-or-hair-colour-beserk-all-clickfrenzy15-2023-colour-red-cosmetics-discountapp-dye-dyes-fp-hair-hair-color-hair-colour-hair-colours-hair-dye-hair-dyes-hair-red-hermans-colour_36a42365-3b35-4aef-955d-ab83722892cf.jpg?v=1687776900,https://cdn.shopify.com/s/files/1/0836/9167/files/ruby-red-or-hair-colour-beserk-all-clickfrenzy15-2023-colour-red-cosmetics-discountapp-dye-dyes-fp-hair-hair-color-hair-colour-hair-colours-hair-dye-hair-dyes-hair-red-hermans-colour_80756493-4f90-464b-886a-300ac144b2a5.jpg?v=1687776902",https://www.beserk.com.au/pages/privacy-policy,https://www.beserk.com.au/pages/terms-and-conditions,https://www.beserk.com.au/pages/beserk-returns,AU,AU
9436130637,"Cynthia Cyclamen | Hair Colour","Cynthia Cyclamen is a deep magenta dye that gives your hair extra dimension! This semi-permanent hair dye applies and nourishes like a conditioner. For best results, we recommend bleaching your hair to medium or light blonde (level 8) with a Bleach Kit first. You can apply Cynthia Cyclamen straight after to dry, unconditioned hair. In 60-90 minutes you will have intense colour that lasts 8-12 washes. All fun with no commitments! Herman’s Professional is a semi-permanent, direct hair colour, that is conditioner-based, and 100% vegan, and cruelty-free. Beautiful & Fierce hair colours that won’t damage your hair! This formula works gently by deep conditioning your hair while colouring, and will fade out naturally. FEATURES: - Conditioner based, no ammonia - Colour remains about 8-12 weeks, results may vary - 100% Vegan & cruelty-free - Best results with pre-lightened to pale blonde hair - DIY friendly/mixable colours HOW TO:   For best results, start with clean, unconditioned, dry hair. Always do a patch and strand test beforehand.  - Shake the jar well before opening. - Use gloves for protection. - Start applying the hair colour to your roots and move down. You can also use a brush for easy application. The key is to make sure that your hair is fully covered. - Once your hair is fully covered, let the hair colour sit on your hair for 30-40 minutes. The longer you hold it on, the more intense the colour will become -  don't worry, conditioner hair colour will not damage your hair, but deep conditions it. - When the time is up, rinse hair with lukewarm water until the water runs clear. Then apply the protective conditioner. It will help keep your colour looking and feeling radiant, soft, and silky. PLEASE NOTE:   Herman's Amazing is ready to use; do not mix with developers, lighteners, or any permanent hair colour. Can temporarily stain skin and permanently stain fabric. SIZE:   115ml 100% Vegan & Cruelty-Free! Please Note: This Product contains Sunflower Seeds! HERMAN'S PROFESSIONAL",Beserk,https://www.beserk.com.au/products/cynthia-cyclamen-hair-colour?variant=34726269901&country=AU,https://cdn.shopify.com/s/files/1/0836/9167/files/cynthia-cyclamen-or-hair-colour-beserk-all-bright-clickfrenzy15-2023-cosmetics-discountapp-dye-fp-fuchsia-hair-hair-color-hair-colour-hair-colours-hair-dye-hair-dyes-hair-pink-hermans.jpg?v=1687776882,in_stock,"19.95 AUD","17.96 AUD","Hermans Hair",,HN-93001,yes,new,HAIR,,,,,,,0.15,kg,"https://cdn.shopify.com/s/files/1/0836/9167/files/cynthia-cyclamen-or-hair-colour-beserk-all-bright-clickfrenzy15-2023-cosmetics-discountapp-dye-fp-fuchsia-hair-hair-color-hair-colour-hair-colours-hair-dye-hair-dyes-hair-pink-hermans_12b1b099-20c7-409d-97aa-b0bbf15f9cd0.jpg?v=1687776885,https://cdn.shopify.com/s/files/1/0836/9167/files/cynthia-cyclamen-or-hair-colour-beserk-all-bright-clickfrenzy15-2023-cosmetics-discountapp-dye-fp-fuchsia-hair-hair-color-hair-colour-hair-colours-hair-dye-hair-dyes-hair-pink-hermans_19fa5a7e-5c7c-4901-a2e6-66201c35c429.jpg?v=1687776887,https://cdn.shopify.com/s/files/1/0836/9167/files/cynthia-cyclamen-or-hair-colour-beserk-all-bright-clickfrenzy15-2023-cosmetics-discountapp-dye-fp-fuchsia-hair-hair-color-hair-colour-hair-colours-hair-dye-hair-dyes-hair-pink-hermans_90fd13cf-4019-49c4-ba43-ac2cc095cfbd.jpg?v=1687776889,https://cdn.shopify.com/s/files/1/0836/9167/files/cynthia-cyclamen-or-hair-colour-beserk-all-bright-clickfrenzy15-2023-cosmetics-discountapp-dye-fp-fuchsia-hair-hair-color-hair-colour-hair-colours-hair-dye-hair-dyes-hair-pink-hermans_455511e0-187b-4223-9990-219c946f49f7.jpg?v=1687776892,https://cdn.shopify.com/s/files/1/0836/9167/files/cynthia-cyclamen-or-hair-colour-beserk-all-bright-clickfrenzy15-2023-cosmetics-discountapp-dye-fp-fuchsia-hair-hair-color-hair-colour-hair-colours-hair-dye-hair-dyes-hair-pink-hermans_3906a29c-07c9-42a0-8af5-a17b1bf837ca.jpg?v=1687776894,https://cdn.shopify.com/s/files/1/0836/9167/files/cynthia-cyclamen-or-hair-colour-beserk-all-bright-clickfrenzy15-2023-cosmetics-discountapp-dye-fp-fuchsia-hair-hair-color-hair-colour-hair-colours-hair-dye-hair-dyes-hair-pink-hermans_9e341263-f1e3-4767-8dd4-34ebf6d7c6bf.jpg?v=1687776896,https://cdn.shopify.com/s/files/1/0836/9167/files/cynthia-cyclamen-or-hair-colour-beserk-all-bright-clickfrenzy15-2023-cosmetics-discountapp-dye-fp-fuchsia-hair-hair-color-hair-colour-hair-colours-hair-dye-hair-dyes-hair-pink-hermans_bdabf751-21b1-4318-a07b-340d050a2f2d.jpg?v=1687776899,https://cdn.shopify.com/s/files/1/0836/9167/files/cynthia-cyclamen-or-hair-colour-beserk-all-bright-clickfrenzy15-2023-cosmetics-discountapp-dye-fp-fuchsia-hair-hair-color-hair-colour-hair-colours-hair-dye-hair-dyes-hair-pink-hermans_f7d55b1d-2a7f-4a7b-b829-0d4e5ae3571d.jpg?v=1687776901,https://cdn.shopify.com/s/files/1/0836/9167/files/cynthia-cyclamen-or-hair-colour-beserk-all-bright-clickfrenzy15-2023-cosmetics-discountapp-dye-fp-fuchsia-hair-hair-color-hair-colour-hair-colours-hair-dye-hair-dyes-hair-pink-hermans_4c2f9093-df6a-4990-8822-afb7939018c1.jpg?v=1687776903,https://cdn.shopify.com/s/files/1/0836/9167/files/cynthia-cyclamen-or-hair-colour-beserk-all-bright-clickfrenzy15-2023-cosmetics-discountapp-dye-fp-fuchsia-hair-hair-color-hair-colour-hair-colours-hair-dye-hair-dyes-hair-pink-hermans_2f4864dc-09d4-41f5-8422-70dfc0451f0d.jpg?v=1687776905",https://www.beserk.com.au/pages/privacy-policy,https://www.beserk.com.au/pages/terms-and-conditions,https://www.beserk.com.au/pages/beserk-returns,AU,AU
9436500749,"Black | Semi-Permanent Tattoo Pen","Semi-Permanent Tattoo Pen from Stargazer The Long lasting strong water resistant Semi-permanent tattoo pen is an easy way to draw designs on skin. Features a thin precision marker pen to allow for accurate application of thin or thick lines. The felt tip nib can also be reversed so it lasts twice as long. Please note: Not completely transfer-proof 100% Vegan & Cruelty-Free! Please Note:  We recommend that you patch test any new product before its continued usage. If any redness or itching occurs do not continue use.  STARGAZER",Beserk,https://www.beserk.com.au/products/black-semi-permanent-tattoo-pen?variant=34728789581&country=AU,https://cdn.shopify.com/s/files/1/0836/9167/files/black-or-semi-permanent-tattoo-pen-beserk-all-beserkstaple-black-body-christmas-christmas-cosmetics-clickfrenzy15-2023-cosmetics-cosplay-discountapp-fp-gothic-halloween-makeup-labelve.jpg?v=1687776970,in_stock,"10.95 AUD",,Stargazer,,SGS170-1-BK,yes,new,MAKEUP,,,,,,,0.01,kg,https://cdn.shopify.com/s/files/1/0836/9167/files/black-or-semi-permanent-tattoo-pen-beserk-all-beserkstaple-black-body-christmas-christmas-cosmetics-clickfrenzy15-2023-cosmetics-cosplay-discountapp-fp-gothic-halloween-makeup-labelve_2971dee2-cb4b-4504-94f7-710b51eed541.jpg?v=1687776972,https://www.beserk.com.au/pages/privacy-policy,https://www.beserk.com.au/pages/terms-and-conditions,https://www.beserk.com.au/pages/beserk-returns,AU,AU
9436515533,"Rosie Gold | Hair Colour","Rosie Gold is a soft watercolor'ish light pink hair color, that gives a light pastel pink tone to your hair.  This semi-permanent hair dye applies and nourishes like a conditioner. For best results, we recommend bleaching your hair to medium or light blonde (level 8) with a Bleach Kit first. You can apply dye straight after to dry, unconditioned hair. In 60-90 minutes you will have intense colour that lasts 8-12 washes. All fun with no commitments! Herman’s Professional is a semi-permanent, direct hair colour, that is conditioner-based, and 100% vegan, and cruelty-free. Beautiful & Fierce hair colours that won’t damage your hair! This formula works gently by deep conditioning your hair while colouring, and will fade out naturally. FEATURES: - Conditioner based, no ammonia - Colour remains about 8-12 weeks, results may vary - 100% Vegan & cruelty-free - Best results with pre-lightened to pale blonde hair - DIY friendly/mixable colours HOW TO:   For best results, start with clean, unconditioned, dry hair. Always do a patch and strand test beforehand. Before colouring, we suggest using toning your hair so you would have the platinum base because you need clean light, platinum hair to achieve silver-grey, otherwise, your hair will have green tones. - Shake the jar well before opening. - Use gloves for protection. - Start applying the hair colour to your roots and move down. You can also use a brush for easy application. The key is to make sure that your hair is fully covered. - Once your hair is fully covered, let the hair colour sit on your hair for 30-40 minutes. The longer you hold it on, the more intense the colour will become -  don't worry, conditioner hair colour will not damage your hair, but deep conditions it. - When the time is up, rinse hair with lukewarm water until the water runs clear. Then apply the protective conditioner. It will help keep your colour looking and feeling radiant, soft, and silky. PLEASE NOTE:   Herman's Amazing is ready to use; do not mix with developers, lighteners, or any permanent hair colour. Can temporarily stain skin and permanently stain fabric. SIZE:   115ml 100% Vegan & Cruelty-Free! Please Note: This Product contains Sunflower Seeds! HERMAN'S PROFESSIONAL",Beserk,https://www.beserk.com.au/products/rosie-gold-hair-colour?variant=34728935949&country=AU,https://cdn.shopify.com/s/files/1/0836/9167/files/rosie-gold-or-hair-colour-beserk-all-clickfrenzy15-2023-cosmetics-discountapp-dye-fp-gold-hair-hair-colour-hair-dye-hair-dyes-hair-orange-hermans-colour-hermans-hair-colour-labelvegan.jpg?v=1687776970,in_stock,"19.95 AUD","17.96 AUD","Hermans Hair",,HN-93021,yes,new,HAIR,,,,,,,0.15,kg,"https://cdn.shopify.com/s/files/1/0836/9167/files/rosie-gold-or-hair-colour-beserk-all-clickfrenzy15-2023-cosmetics-discountapp-dye-fp-gold-hair-hair-colour-hair-dye-hair-dyes-hair-orange-hermans-colour-hermans-hair-colour-labelvegan_b33e9e8d-4304-4e26-b55c-4a6e49f43b64.jpg?v=1687776972,https://cdn.shopify.com/s/files/1/0836/9167/files/rosie-gold-or-hair-colour-beserk-all-clickfrenzy15-2023-cosmetics-discountapp-dye-fp-gold-hair-hair-colour-hair-dye-hair-dyes-hair-orange-hermans-colour-hermans-hair-colour-labelvegan_58a6773a-3fee-480d-9f8a-b39671980431.jpg?v=1687776975,https://cdn.shopify.com/s/files/1/0836/9167/files/rosie-gold-or-hair-colour-beserk-all-clickfrenzy15-2023-cosmetics-discountapp-dye-fp-gold-hair-hair-colour-hair-dye-hair-dyes-hair-orange-hermans-colour-hermans-hair-colour-labelvegan_b9636514-5b25-4852-83d3-cf276ef3f1b6.jpg?v=1687776977,https://cdn.shopify.com/s/files/1/0836/9167/files/rosie-gold-or-hair-colour-beserk-all-clickfrenzy15-2023-cosmetics-discountapp-dye-fp-gold-hair-hair-colour-hair-dye-hair-dyes-hair-orange-hermans-colour-hermans-hair-colour-labelvegan_0328a881-39cb-4ac1-9ae6-e46b577f9049.jpg?v=1687776980,https://cdn.shopify.com/s/files/1/0836/9167/files/rosie-gold-or-hair-colour-beserk-all-clickfrenzy15-2023-cosmetics-discountapp-dye-fp-gold-hair-hair-colour-hair-dye-hair-dyes-hair-orange-hermans-colour-hermans-hair-colour-labelvegan_4fc9a543-3d9d-4ba6-a840-bb5b66211be6.jpg?v=1687776982,https://cdn.shopify.com/s/files/1/0836/9167/files/rosie-gold-or-hair-colour-beserk-all-clickfrenzy15-2023-cosmetics-discountapp-dye-fp-gold-hair-hair-colour-hair-dye-hair-dyes-hair-orange-hermans-colour-hermans-hair-colour-labelvegan_7ee51bd6-73f2-48e0-a86c-22b760a827f6.jpg?v=1687776985,https://cdn.shopify.com/s/files/1/0836/9167/files/rosie-gold-or-hair-colour-beserk-all-clickfrenzy15-2023-cosmetics-discountapp-dye-fp-gold-hair-hair-colour-hair-dye-hair-dyes-hair-orange-hermans-colour-hermans-hair-colour-labelvegan_78b20b9a-0e35-4c8a-a331-64179d3b0a85.jpg?v=1687776987,https://cdn.shopify.com/s/files/1/0836/9167/files/rosie-gold-or-hair-colour-beserk-all-clickfrenzy15-2023-cosmetics-discountapp-dye-fp-gold-hair-hair-colour-hair-dye-hair-dyes-hair-orange-hermans-colour-hermans-hair-colour-labelvegan_d5648e3e-49dd-471b-9561-27cc9549fbad.jpg?v=1687776989,https://cdn.shopify.com/s/files/1/0836/9167/files/rosie-gold-or-hair-colour-beserk-all-clickfrenzy15-2023-cosmetics-discountapp-dye-fp-gold-hair-hair-colour-hair-dye-hair-dyes-hair-orange-hermans-colour-hermans-hair-colour-labelvegan_484c2afa-b49d-4f29-890e-712544b1a257.jpg?v=1687776992,https://cdn.shopify.com/s/files/1/0836/9167/files/rosie-gold-or-hair-colour-beserk-all-clickfrenzy15-2023-cosmetics-discountapp-dye-fp-gold-hair-hair-colour-hair-dye-hair-dyes-hair-orange-hermans-colour-hermans-hair-colour-labelvegan_92be829a-3672-4215-822f-ef190a5a506f.jpg?v=1687776994",https://www.beserk.com.au/pages/privacy-policy,https://www.beserk.com.au/pages/terms-and-conditions,https://www.beserk.com.au/pages/beserk-returns,AU,AU
9436515597,"Blanc Blanche | Hair Toner/Mixer","Want softer colours? Make it lighter with Blanche Toner! Blanche Toner lightens any semi-permanent hair colour, and turns bright tones into soft pastel shades. It is a colour mixer that can be combined with any semi-permanent hair colour to create your custom shade. Results may vary depending on the colour and condition of hair. Mix Blanche Toner with any semi-permanent colour for lighter, pastel results. FEATURES: - Conditioner based, no ammonia - Colour remains about 8-12 weeks, results may vary - 100% Vegan & cruelty-free - DIY friendly/mixable colours HOW TO:   For best results, start with clean, unconditioned, dry hair. Always do a patch and strand test beforehand.  - Shake the jar well before opening. - Mix Blanche Toner to any semi-permanent hair colour until you get your desired shade. - Use gloves for protection. - Start applying the hair colour to your roots and move down. You can also use a brush for easy application. The key is to make sure that your hair is fully covered. - Once your hair is fully covered, let the hair colour sit on your hair for 30-40 minutes. The longer you hold it on, the more intense the colour will become -  don't worry, conditioner hair colour will not damage your hair, but deep conditions it. - When the time is up, rinse hair with lukewarm water until the water runs clear. Then apply the protective conditioner. It will help keep your colour looking and feeling radiant, soft, and silky. PLEASE NOTE:   Herman's Amazing is ready to use; do not mix with developers, lighteners, or any permanent hair colour. Can temporarily stain skin and permanently stain fabric. SIZE:   115ml 100% Vegan & Cruelty-Free! HERMAN'S PROFESSIONAL",Beserk,https://www.beserk.com.au/products/blanc-blanche-hair-toner-mixer?variant=34728936077&country=AU,https://cdn.shopify.com/s/files/1/0836/9167/files/blanc-blanche-or-hair-tonermixer-beserk-all-clickfrenzy15-2023-cosmetics-discountapp-dye-fp-hair-hair-color-hair-colour-hair-colours-hair-diluter-hair-dye-hair-dyes-hair-mixer-hair-si.jpg?v=1687776970,in_stock,"19.95 AUD","17.96 AUD","Hermans Hair",,HN-93000,yes,new,HAIR,,,,,,,0.15,kg,"https://cdn.shopify.com/s/files/1/0836/9167/files/blanc-blanche-or-hair-tonermixer-beserk-all-clickfrenzy15-2023-cosmetics-discountapp-dye-fp-hair-hair-color-hair-colour-hair-colours-hair-diluter-hair-dye-hair-dyes-hair-mixer-hair-si_e97fdc9f-adf9-45ea-a63c-1ac5f1681015.jpg?v=1687776972,https://cdn.shopify.com/s/files/1/0836/9167/files/blanc-blanche-or-hair-tonermixer-beserk-all-clickfrenzy15-2023-cosmetics-discountapp-dye-fp-hair-hair-color-hair-colour-hair-colours-hair-diluter-hair-dye-hair-dyes-hair-mixer-hair-si_31d40000-4a84-4f1c-8c6e-7a606e420dcc.jpg?v=1687776974,https://cdn.shopify.com/s/files/1/0836/9167/files/blanc-blanche-or-hair-tonermixer-beserk-all-clickfrenzy15-2023-cosmetics-discountapp-dye-fp-hair-hair-color-hair-colour-hair-colours-hair-diluter-hair-dye-hair-dyes-hair-mixer-hair-si_f6e05ba7-b3a9-4dfd-b1b9-e179bef10756.jpg?v=1687776976,https://cdn.shopify.com/s/files/1/0836/9167/files/blanc-blanche-or-hair-tonermixer-beserk-all-clickfrenzy15-2023-cosmetics-discountapp-dye-fp-hair-hair-color-hair-colour-hair-colours-hair-diluter-hair-dye-hair-dyes-hair-mixer-hair-si_7f26b828-dadf-4e9b-aa70-e08fc0b038f1.jpg?v=1687776979",https://www.beserk.com.au/pages/privacy-policy,https://www.beserk.com.au/pages/terms-and-conditions,https://www.beserk.com.au/pages/beserk-returns,AU,AU
9436587341,"Periwinkle | Hair Colour [118Ml]","COLOUR - PERIWINKLE Watch the clouds go by with hair the colour of the sky. Periwinkle is a dreamy pastel blue with lavender undertones that will turn out best on platinum hair, and generally won’t take to hair any darker than a level 9. #AFProTip: Try adding a bit of Sterling to Periwinkle to create a light denim blue shade, or punch it up for a slightly more pigmented colour with a little bit of Poseidon! Arctic Fox Hair Colour is cruelty-free, semi-permanent hair dye that is made only from vegan ingredients. - 100% Vegan (Non-GMO) - No Animal By-products - Never Tested on Animals - Extra Conditioning - No Peroxide - No Ammonia - PPD Free - DIY Formula - Hydrating + Zero Damage - Best Results With Pre-Lightened Hair - Always Do a Patch & Strand Test Before Colouring SIZE: 118ml / 4oz ARCTIC FOX",Beserk,https://www.beserk.com.au/products/periwinkle-hair-colour-118ml?variant=34729721485&country=AU,https://cdn.shopify.com/s/files/1/0836/9167/files/periwinkle-hair-colour-118ml_2.jpg?v=1786741929,out_of_stock,"19.95 AUD",,"Arctic Fox",,AF-118-PK,yes,new,HAIR,,,,,,,0.15,kg,"https://cdn.shopify.com/s/files/1/0836/9167/files/periwinkle-or-hair-colour-118ml-beserk-all-arctic-fox-artic-fox-blue-clickfrenzy15-2023-colour-blue-cosmetics-discountapp-fp-hair-blue-hair-colour-hair-dye-labelvegan-lethal-industrie_988125ef-84c5-4653-9fd1-c58306984d8f.jpg?v=1687777001,https://cdn.shopify.com/s/files/1/0836/9167/files/periwinkle-or-hair-colour-118ml-beserk-all-arctic-fox-artic-fox-blue-clickfrenzy15-2023-colour-blue-cosmetics-discountapp-fp-hair-blue-hair-colour-hair-dye-labelvegan-lethal-industrie_ef5be977-ceba-46c1-94ca-ab99daa04925.jpg?v=1687777003,https://cdn.shopify.com/s/files/1/0836/9167/files/periwinkle-or-hair-colour-118ml-beserk-all-arctic-fox-artic-fox-blue-clickfrenzy15-2023-colour-blue-cosmetics-discountapp-fp-hair-blue-hair-colour-hair-dye-labelvegan-lethal-industrie_af4995f0-dfb2-4625-ab7c-118736413e25.jpg?v=1687777005,https://cdn.shopify.com/s/files/1/0836/9167/files/periwinkle-or-hair-colour-118ml-beserk-all-arctic-fox-artic-fox-blue-clickfrenzy15-2023-colour-blue-cosmetics-discountapp-fp-hair-blue-hair-colour-hair-dye-labelvegan-lethal-industrie_d0cc08ba-61e1-436b-baa7-f9a89eadd7c5.jpg?v=1687777008,https://cdn.shopify.com/s/files/1/0836/9167/files/periwinkle-hair-colour-118ml_1.jpg?v=1786741983,https://cdn.shopify.com/s/files/1/0836/9167/files/periwinkle-hair-colour-118ml_3.jpg?v=1786741983,https://cdn.shopify.com/s/files/1/0836/9167/files/periwinkle-hair-colour-118ml_4.jpg?v=1786741983",https://www.beserk.com.au/pages/privacy-policy,https://www.beserk.com.au/pages/terms-and-conditions,https://www.beserk.com.au/pages/beserk-returns,AU,AU
9436587405,"Neverland | Hair Colour [118Ml]","COLOUR - NEVERLAND All you need is faith, trust and pixie dust to get to Neverland. This cool pastel mint will never grow up! As a pastel, Neverland requires platinum, level 10 hair to turn out best, and usually won’t show on hair much darker than a level 9. #AFProTip: If your hair is lightened but not quite platinum, try punching up Neverland’s minty tones with a drop or two of Aquamarine for a customized shade perfectly suited to your hair! Arctic Fox Hair Colour is cruelty-free, semi-permanent hair dye that is made only from vegan ingredients. - 100% Vegan (Non-GMO) - No Animal By-products - Never Tested on Animals - Extra Conditioning - No Peroxide - No Ammonia - PPD Free - DIY Formula - Hydrating + Zero Damage - Best Results With Pre-Lightened Hair - Always Do a Patch & Strand Test Before Colouring SIZE: 118ml / 4oz ARCTIC FOX",Beserk,https://www.beserk.com.au/products/neverland-hair-colour-118ml?variant=34729721997&country=AU,https://cdn.shopify.com/s/files/1/0836/9167/files/neverland-hair-colour-118ml_87481c5a-8960-49e9-acd7-77fdfebfb11d.jpg?v=1786751714,in_stock,"19.95 AUD",,"Arctic Fox",,AF-118-NV,yes,new,HAIR,,,,,,,0.15,kg,"https://cdn.shopify.com/s/files/1/0836/9167/files/neverland-or-hair-colour-118ml-beserk-420sale-all-arctic-fox-artic-fox-clickfrenzy15-2023-colour-green-cosmetics-discountapp-fp-green-hair-colour-hair-dye-hair-green-labelvegan-lethal_7df95b83-5e82-46ef-822c-f371afa599fa.jpg?v=1687777001,https://cdn.shopify.com/s/files/1/0836/9167/files/neverland-or-hair-colour-118ml-beserk-420sale-all-arctic-fox-artic-fox-clickfrenzy15-2023-colour-green-cosmetics-discountapp-fp-green-hair-colour-hair-dye-hair-green-labelvegan-lethal_3bdb12dc-86af-4311-b370-5eb4f83bdb31.jpg?v=1687777003,https://cdn.shopify.com/s/files/1/0836/9167/files/neverland-or-hair-colour-118ml-beserk-420sale-all-arctic-fox-artic-fox-clickfrenzy15-2023-colour-green-cosmetics-discountapp-fp-green-hair-colour-hair-dye-hair-green-labelvegan-lethal_a5240f87-748a-4ba9-b447-be6095e51ff6.jpg?v=1687777005,https://cdn.shopify.com/s/files/1/0836/9167/files/neverland-or-hair-colour-118ml-beserk-420sale-all-arctic-fox-artic-fox-clickfrenzy15-2023-colour-green-cosmetics-discountapp-fp-green-hair-colour-hair-dye-hair-green-labelvegan-lethal_910f103b-1583-4636-b3ac-bbb36fdb37ab.jpg?v=1687777007,https://cdn.shopify.com/s/files/1/0836/9167/files/neverland-or-hair-colour-118ml-beserk-420sale-all-arctic-fox-artic-fox-clickfrenzy15-2023-colour-green-cosmetics-discountapp-fp-green-hair-colour-hair-dye-hair-green-labelvegan-lethal_4f871262-d7fd-4281-b7a5-79bfc9880f8b.jpg?v=1687777010,https://cdn.shopify.com/s/files/1/0836/9167/files/neverland-hair-colour-236ml_1_529d2d61-07cc-423f-b46e-e8a9e53956af.jpg?v=1786751666,https://cdn.shopify.com/s/files/1/0836/9167/files/neverland-hair-colour-236ml_2_f06b50dd-023b-42ca-9830-e37b83c971c6.jpg?v=1786751666",https://www.beserk.com.au/pages/privacy-policy,https://www.beserk.com.au/pages/terms-and-conditions,https://www.beserk.com.au/pages/beserk-returns,AU,AU
9436587533,"Girls Night | Hair Colour [118Ml]","COLOUR - GIRLS NIGHT Girl’s Night is a sweet pastel lilac, perfect for activating your Magical Girl powers! As a pastel, this colour requires platinum, level 10 hair for the best results, and most likely won’t show on hair darker than a level 9. Pre-lightening is a must with pastels! #AFProTip: If your hair is light but not quite platinum, try punching up Girl’s Night with a drop or two of Purple Rain to custom mix a light purple shade that's perfect for your hair! Arctic Fox Hair Colour is cruelty-free, semi-permanent hair dye that is made only from vegan ingredients. - 100% Vegan (Non-GMO) - No Animal By-products - Never Tested on Animals - Extra Conditioning - No Peroxide - No Ammonia - PPD Free - DIY Formula - Hydrating + Zero Damage - Best Results With Pre-Lightened Hair - Always Do a Patch & Strand Test Before Colouring SIZE: 118ml / 4oz ARCTIC FOX",Beserk,https://www.beserk.com.au/products/girls-night-hair-colour-118ml?variant=34729723213&country=AU,https://cdn.shopify.com/s/files/1/0836/9167/files/girls-night-hair-colour-118ml_2.jpg?v=1786730795,in_stock,"19.95 AUD",,"Arctic Fox",,AF-118-GN,yes,new,HAIR,,,,,,,0.15,kg,"https://cdn.shopify.com/s/files/1/0836/9167/files/girls-night-hair-colour-118ml_3.jpg?v=1786730835,https://cdn.shopify.com/s/files/1/0836/9167/files/girls-night-or-hair-colour-118ml-beserk-all-arctic-fox-artic-fox-clickfrenzy15-2023-colour-purple-cosmetics-discountapp-fp-hair-colour-hair-dye-hair-purple-labelvegan-lavender-lethal_fcffd588-b17b-45ac-8e91-c54bc1dcfe37.jpg?v=1687777001,https://cdn.shopify.com/s/files/1/0836/9167/files/girls-night-or-hair-colour-118ml-beserk-all-arctic-fox-artic-fox-clickfrenzy15-2023-colour-purple-cosmetics-discountapp-fp-hair-colour-hair-dye-hair-purple-labelvegan-lavender-lethal_c3485d19-33c1-4ccb-aead-05e5b4222a9e.jpg?v=1687777003,https://cdn.shopify.com/s/files/1/0836/9167/files/girls-night-or-hair-colour-118ml-beserk-all-arctic-fox-artic-fox-clickfrenzy15-2023-colour-purple-cosmetics-discountapp-fp-hair-colour-hair-dye-hair-purple-labelvegan-lavender-lethal_3a520bec-beff-415f-91a3-74cd09a07f7e.jpg?v=1687777005,https://cdn.shopify.com/s/files/1/0836/9167/files/girls-night-hair-colour-118ml_1.jpg?v=1786730835,https://cdn.shopify.com/s/files/1/0836/9167/files/girls-night-hair-colour-118ml_4.jpg?v=1786730835",https://www.beserk.com.au/pages/privacy-policy,https://www.beserk.com.au/pages/terms-and-conditions,https://www.beserk.com.au/pages/beserk-returns,AU,AU
9436587597,"Girls Night | Hair Colour [236Ml]","COLOUR - GIRLS NIGHT Girl’s Night is a sweet pastel lilac, perfect for activating your Magical Girl powers! As a pastel, this colour requires platinum, level 10 hair for the best results, and most likely won’t show on hair darker than a level 9. Pre-lightening is a must with pastels! #AFProTip: If your hair is light but not quite platinum, try punching up Girl’s Night with a drop or two of Purple Rain to custom mix a light purple shade that's perfect for your hair! Arctic Fox Hair Colour is cruelty-free, semi-permanent hair dye that is made only from vegan ingredients. - 100% Vegan (Non-GMO) - No Animal By-products - Never Tested on Animals - Extra Conditioning - No Peroxide - No Ammonia - PPD Free - DIY Formula - Hydrating + Zero Damage - Best Results With Pre-Lightened Hair - Always Do a Patch & Strand Test Before Colouring SIZE:  236ml / 8oz ARCTIC FOX",Beserk,https://www.beserk.com.au/products/girls-night-hair-colour-236ml?variant=34729723405&country=AU,https://cdn.shopify.com/s/files/1/0836/9167/files/girls-night-hair-colour-236ml1.jpg?v=1786730797,in_stock,"29.95 AUD",,"Arctic Fox",,AF-236-GN,yes,new,HAIR,,,,,,,0.28,kg,"https://cdn.shopify.com/s/files/1/0836/9167/files/girls-night-hair-colour-118ml_4_811e55c0-dad5-4808-9495-479cb4b39fb8.jpg?v=1786730837,https://cdn.shopify.com/s/files/1/0836/9167/files/girls-night-or-hair-colour-236ml-beserk-all-arctic-fox-artic-fox-clickfrenzy15-2023-colour-purple-cosmetics-discountapp-fp-hair-colour-hair-dye-hair-purple-labelvegan-lavender-lethal_ee1165e8-b753-415b-9d21-dc0fb5c46362.jpg?v=1687777030,https://cdn.shopify.com/s/files/1/0836/9167/files/girls-night-or-hair-colour-236ml-beserk-all-arctic-fox-artic-fox-clickfrenzy15-2023-colour-purple-cosmetics-discountapp-fp-hair-colour-hair-dye-hair-purple-labelvegan-lavender-lethal_5c4a5d65-c337-4452-a4fb-689de0c46fca.jpg?v=1687777032,https://cdn.shopify.com/s/files/1/0836/9167/files/girls-night-or-hair-colour-236ml-beserk-all-arctic-fox-artic-fox-clickfrenzy15-2023-colour-purple-cosmetics-discountapp-fp-hair-colour-hair-dye-hair-purple-labelvegan-lavender-lethal_d2b7e3f7-2a49-4835-a7eb-80bcb3ef0bd7.jpg?v=1687777034,https://cdn.shopify.com/s/files/1/0836/9167/files/girls-night-hair-colour-118ml_1_0118e211-87ee-4b87-8416-ddf3c4c9e1a5.jpg?v=1786730837,https://cdn.shopify.com/s/files/1/0836/9167/files/girls-night-hair-colour-118ml_3_239d7e01-ec50-4c3c-b3bd-de3561910a0e.jpg?v=1786730837",https://www.beserk.com.au/pages/privacy-policy,https://www.beserk.com.au/pages/terms-and-conditions,https://www.beserk.com.au/pages/beserk-returns,AU,AU
9436587789,"Neverland | Hair Colour [236Ml]","COLOUR - NEVERLAND All you need is faith, trust and pixie dust to get to Neverland. This cool pastel mint will never grow up! As a pastel, Neverland requires platinum, level 10 hair to turn out best, and usually won’t show on hair much darker than a level 9. #AFProTip: If your hair is lightened but not quite platinum, try punching up Neverland’s minty tones with a drop or two of Aquamarine for a customized shade perfectly suited to your hair! Arctic Fox Hair Colour is cruelty-free, semi-permanent hair dye that is made only from vegan ingredients. - 100% Vegan (Non-GMO) - No Animal By-products - Never Tested on Animals - Extra Conditioning - No Peroxide - No Ammonia - PPD Free - DIY Formula - Hydrating + Zero Damage - Best Results With Pre-Lightened Hair - Always Do a Patch & Strand Test Before Colouring SIZE:  236ml / 8oz ARCTIC FOX",Beserk,https://www.beserk.com.au/products/neverland-hair-colour-236ml?variant=34729723917&country=AU,https://cdn.shopify.com/s/files/1/0836/9167/files/neverland-hair-colour-236ml_3.jpg?v=1786751640,in_stock,"29.95 AUD",,"Arctic Fox",,AF-236-NV,yes,new,HAIR,,,,,,,0.28,kg,"https://cdn.shopify.com/s/files/1/0836/9167/files/neverland-hair-colour-236ml_1.jpg?v=1786751663,https://cdn.shopify.com/s/files/1/0836/9167/files/neverland-or-hair-colour-236ml-beserk-420sale-all-arctic-green-artic-fox-clickfrenzy15-2023-cosmetics-discountapp-fp-green-hair-colour-hair-dye-hair-green-labelvegan-lethal-industries_19ff157c-b7f4-4c22-a164-e9e80f9dbc49.jpg?v=1687777030,https://cdn.shopify.com/s/files/1/0836/9167/files/neverland-or-hair-colour-236ml-beserk-420sale-all-arctic-green-artic-fox-clickfrenzy15-2023-cosmetics-discountapp-fp-green-hair-colour-hair-dye-hair-green-labelvegan-lethal-industries_cf7e79e9-6a9c-477b-8921-99370575ab93.jpg?v=1687777032,https://cdn.shopify.com/s/files/1/0836/9167/files/neverland-or-hair-colour-236ml-beserk-420sale-all-arctic-green-artic-fox-clickfrenzy15-2023-cosmetics-discountapp-fp-green-hair-colour-hair-dye-hair-green-labelvegan-lethal-industries_b0a2b061-7e3e-4527-8607-5abf806c0fb8.jpg?v=1687777034,https://cdn.shopify.com/s/files/1/0836/9167/files/neverland-or-hair-colour-236ml-beserk-420sale-all-arctic-green-artic-fox-clickfrenzy15-2023-cosmetics-discountapp-fp-green-hair-colour-hair-dye-hair-green-labelvegan-lethal-industries_15e6f88f-088c-4ce3-b607-5071c949e9f9.jpg?v=1687777036,https://cdn.shopify.com/s/files/1/0836/9167/files/neverland-or-hair-colour-236ml-beserk-420sale-all-arctic-green-artic-fox-clickfrenzy15-2023-cosmetics-discountapp-fp-green-hair-colour-hair-dye-hair-green-labelvegan-lethal-industries_b12aa7af-c539-4d46-9d1a-225d7de8d45e.jpg?v=1687777039,https://cdn.shopify.com/s/files/1/0836/9167/files/neverland-hair-colour-236ml_2.jpg?v=1786751663",https://www.beserk.com.au/pages/privacy-policy,https://www.beserk.com.au/pages/terms-and-conditions,https://www.beserk.com.au/pages/beserk-returns,AU,AU
9436587853,"Periwinkle | Hair Colour [236Ml]","COLOUR - PERIWINKLE Watch the clouds go by with hair the colour of the sky. Periwinkle is a dreamy pastel blue with lavender undertones that will turn out best on platinum hair, and generally won’t take to hair any darker than a level 9. #AFProTip: Try adding a bit of Sterling to Periwinkle to create a light denim blue shade, or punch it up for a slightly more pigmented colour with a little bit of Poseidon! Arctic Fox Hair Colour is cruelty-free, semi-permanent hair dye that is made only from vegan ingredients. - 100% Vegan (Non-GMO) - No Animal By-products - Never Tested on Animals - Extra Conditioning - No Peroxide - No Ammonia - PPD Free - DIY Formula - Hydrating + Zero Damage - Best Results With Pre-Lightened Hair - Always Do a Patch & Strand Test Before Colouring SIZE:  236ml / 8oz ARCTIC FOX",Beserk,https://www.beserk.com.au/products/periwinkle-hair-colour-236ml?variant=34729723981&country=AU,https://cdn.shopify.com/s/files/1/0836/9167/files/periwinkle-hair-colour-236ml.jpg?v=1786741935,in_stock,"29.95 AUD",,"Arctic Fox",,AF-236-PK,yes,new,HAIR,,,,,,,0.28,kg,"https://cdn.shopify.com/s/files/1/0836/9167/files/periwinkle-hair-colour-118ml_4_ef2c5c3c-ab08-491d-8f1d-0c7af8968e47.jpg?v=1786741985,https://cdn.shopify.com/s/files/1/0836/9167/files/periwinkle-or-hair-colour-236ml-beserk-all-arctic-fox-artic-fox-blue-clickfrenzy15-2023-colour-blue-cosmetics-discountapp-fp-hair-blue-hair-colour-hair-dye-labelvegan-lethal-industrie_b1d81aff-fd65-4e49-a9f7-33d4d4f27ec4.jpg?v=1687777030,https://cdn.shopify.com/s/files/1/0836/9167/files/periwinkle-or-hair-colour-236ml-beserk-all-arctic-fox-artic-fox-blue-clickfrenzy15-2023-colour-blue-cosmetics-discountapp-fp-hair-blue-hair-colour-hair-dye-labelvegan-lethal-industrie_9a130ce1-b11c-4efd-816f-490d070584c8.jpg?v=1687777032,https://cdn.shopify.com/s/files/1/0836/9167/files/periwinkle-or-hair-colour-236ml-beserk-all-arctic-fox-artic-fox-blue-clickfrenzy15-2023-colour-blue-cosmetics-discountapp-fp-hair-blue-hair-colour-hair-dye-labelvegan-lethal-industrie_403f3117-dcae-4952-8e02-f977e4de48c1.jpg?v=1687777034,https://cdn.shopify.com/s/files/1/0836/9167/files/periwinkle-or-hair-colour-236ml-beserk-all-arctic-fox-artic-fox-blue-clickfrenzy15-2023-colour-blue-cosmetics-discountapp-fp-hair-blue-hair-colour-hair-dye-labelvegan-lethal-industrie_b8bc06ac-0480-4a97-ac34-4e38d3a21539.jpg?v=1687777036,https://cdn.shopify.com/s/files/1/0836/9167/files/periwinkle-hair-colour-118ml_1_2b887b50-80cf-4cb4-9c83-c4591a18028c.jpg?v=1786741985,https://cdn.shopify.com/s/files/1/0836/9167/files/periwinkle-hair-colour-118ml_3_61bc3aa1-e9fd-4ef0-875f-e517571180a4.jpg?v=1786741985",https://www.beserk.com.au/pages/privacy-policy,https://www.beserk.com.au/pages/terms-and-conditions,https://www.beserk.com.au/pages/beserk-returns,AU,AU
9436672781,"White | Loose Powder","White Loose Powder This super smooth loose powder from Stargazer gives a natural finish with long lasting power! Featuring a 100% oil-free formula, this powder sets concealer and foundation flawlessly for daily wear. Made from high quality materials that have been formulated to give the greatest coverage and colour results. This product also features a sifter that allows for simple application. Cruelty-Free and made in the UK! Please Note:  We recommend that you patch test any new product before its continued usage. If any redness or itching occurs do not continue use.  STARGAZER",Beserk,https://www.beserk.com.au/products/white-loose-powder?variant=34730653133&country=AU,https://cdn.shopify.com/s/files/1/0836/9167/files/white-or-loose-powder-beserk-all-beserkstaple-christmas-cosmetics-clickfrenzy15-2023-concealer-cosmetics-discountapp-face-foundation-fp-goth-gothic-halloween-halloween-cosmetics-hallo.jpg?v=1687777044,in_stock,"12.95 AUD",,Stargazer,,SGS103,yes,new,MAKEUP,,,,,,,0.05,kg,https://cdn.shopify.com/s/files/1/0836/9167/files/white-or-loose-powder-beserk-all-beserkstaple-christmas-cosmetics-clickfrenzy15-2023-concealer-cosmetics-discountapp-face-foundation-fp-goth-gothic-halloween-halloween-cosmetics-hallo_ef15219f-cfbf-4fd7-8011-4a499c3e467d.jpg?v=1687777046,https://www.beserk.com.au/pages/privacy-policy,https://www.beserk.com.au/pages/terms-and-conditions,https://www.beserk.com.au/pages/beserk-returns,AU,AU
9436697805,"Diem Lace Ruffle [Black] | Anklet Socks","The Diem Lace Ruffle Anklet Socks by Leg Avenue is all angel vibes. Featuring a super cute anklet silhouette with a delicate lace ruffle, these socks give you a classic look you'll love! Wear with mary janes for a sweet and sassy look or with heels for casual elegance. Features: - High quality stocking fabric for long lasting wear - Comfortable, stretchy material - Intricate lace ruffle detailing - Reinforced toes - Perfect fit technology - Wear with everything from mary janes to heels! Care:  Hand wash cold, Do not bleach, Drip dry SIZING: One Size LEG AVENUE",Beserk,https://www.beserk.com.au/products/diem-lace-ruffle-black-anklet-socks?variant=34730966221&country=AU,https://cdn.shopify.com/s/files/1/0836/9167/files/diem-lace-ruffle-black-or-anklet-socks-beserk-all-all-clothing-all-ladies-clothing-ankle-socks-black-clickfrenzy15-2023-cosplay-cpgstinc-discountapp-edgy-fp-goth-gothic-hosiery-hosier.jpg?v=1687777055,in_stock,"9.95 AUD",,"Leg Avenue",,LA-3013BOS,yes,new,SOCKS,,,,,,,0.03,kg,https://cdn.shopify.com/s/files/1/0836/9167/files/diem-lace-ruffle-black-or-anklet-socks-beserk-all-all-clothing-all-ladies-clothing-ankle-socks-black-clickfrenzy15-2023-cosplay-cpgstinc-discountapp-edgy-fp-goth-gothic-hosiery-hosier_44f6f26c-e1e5-4643-bbfe-a877db75fac3.jpg?v=1687777057,https://www.beserk.com.au/pages/privacy-policy,https://www.beserk.com.au/pages/terms-and-conditions,https://www.beserk.com.au/pages/beserk-returns,AU,AU
9436704589,"Blood Moon | Hair Dye","Lunar Tides |  Blood Moon Hair Dye Blood Moon is a highly pigmented dark burgundy red hair dye.  Featuring vibrant tones that are highly pigmented to create a long lasting glowing colour! - Semi Permanent - Dyes are non-damaging and do not require developer - We recommend bleaching your hair before application for vibrant results WEIGHT: 4 oz >> 100% Vegan & Cruelty Free NOTE:   The shades appear different in the bottle than they do on the hair. Please do a strand test before doing an all over application. Attention first time bleachers:   if you have dark hair or previously dyed hair and are planning to bleach your hair prior to dye application, know that you must lift to a pale yellow to platinum colour that is evenly bleached. The colour of the hair prior to applying the dye will impact the shade results. All colours look best on platinum but darker tones will work on light and pale yellow tones of hair.  NOTE: The shades appear different in the bottle than they do on the hair. Please do a strand test before doing an all over application. LUNAR TIDES  ",Beserk,https://www.beserk.com.au/products/blood-moon-hair-dye?variant=34731067725&country=AU,https://cdn.shopify.com/s/files/1/0836/9167/files/lunar-tides-blood-moon-hair-dye-pouch.jpg?v=1765803525,in_stock,"21.95 AUD",,"Lunar Tides",,LT9BM118,yes,new,HAIR,,,,,,,0.15,kg,"https://cdn.shopify.com/s/files/1/0836/9167/files/blood-moon-or-hair-dye-beserk-all-burgundy-clickfrenzy15-2023-cosmetics-discountapp-dye-fp-goth-hair-hair-colour-hair-dye-hair-dyes-hair-red-labelvegan-lt3083-luna-tides-lunar-tides-m_4939b18f-e36f-43c5-8ca9-3da606d61382.jpg?v=1765803525,https://cdn.shopify.com/s/files/1/0836/9167/files/lunar-tides-blood-moon-hair-dye-1.jpg?v=1765803525,https://cdn.shopify.com/s/files/1/0836/9167/files/BloodMoonHAIRDYE_5.jpg?v=1765824090,https://cdn.shopify.com/s/files/1/0836/9167/files/BloodMoonHAIRDYE_1.jpg?v=1765824090,https://cdn.shopify.com/s/files/1/0836/9167/files/BloodMoonHAIRDYE_2.jpg?v=1765824090,https://cdn.shopify.com/s/files/1/0836/9167/files/BloodMoonHAIRDYE_3.jpg?v=1765824090,https://cdn.shopify.com/s/files/1/0836/9167/files/BloodMoonHAIRDYE_4.jpg?v=1765824090",https://www.beserk.com.au/pages/privacy-policy,https://www.beserk.com.au/pages/terms-and-conditions,https://www.beserk.com.au/pages/beserk-returns,AU,AU
9436717581,"Lunar White Toner | Hair Dye","Lunar Tides |  Lunar White Toner Hair Dye Lunar White is a purple based toner designed to eliminate blonde or yellow tones from your hair, leaving you with a luscious platinum white. Featuring vibrant tones that are highly pigmented, to create a long lasting glowing colour! Hair toner works best on pale yellow hair tones (not so great on brassy yellows or oranges). It's recommended to use a toner before using any pastel hair colour, to create a blank slate for more accurate tone. - Semi Permanent - Dyes are non-damaging and do not require developer - We recommend bleaching your hair before application for vibrant results WEIGHT: 4 oz 100% Vegan & Cruelty Free NOTE:   The shades appear different in the bottle than they do on the hair. Please do a strand test before doing an all over application. Attention first time bleachers:   if you have dark hair or previously dyed hair and are planning to bleach your hair prior to dye application, know that you must lift to a pale yellow to platinum colour that is evenly bleached. The colour of the hair prior to applying the dye will impact the shade results. All colours look best on platinum but darker tones will work on light and pale yellow tones of hair.  NOTE: The shades appear different in the bottle than they do on the hair. Please do a strand test before doing an all over application. LUNAR TIDES",Beserk,https://www.beserk.com.au/products/lunar-white-hair-dye?variant=34731182861&country=AU,https://cdn.shopify.com/s/files/1/0836/9167/files/lunar-tides-lunar-white-toner-hair-dye-pouch.jpg?v=1765804413,in_stock,"21.95 AUD",,"Lunar Tides",,LT9LW118,yes,new,HAIR,,,,,,,0.15,kg,"https://cdn.shopify.com/s/files/1/0836/9167/files/lunar-white-toner-or-hair-dye-beserk-all-clickfrenzy15-2023-cosmetics-discountapp-dye-fp-hair-hair-colour-hair-dye-hair-dyes-hair-toner-hair-white-labelvegan-luna-tides-lunar-tides-pa_7a226aef-29f8-4559-9f0b-f77d18e1fca9.jpg?v=1765804413,https://cdn.shopify.com/s/files/1/0836/9167/files/lunar-white-toner-or-hair-dye-beserk-all-clickfrenzy15-2023-cosmetics-discountapp-dye-fp-hair-hair-colour-hair-dye-hair-dyes-hair-toner-hair-white-labelvegan-luna-tides-lunar-tides-pa_2008e774-84e3-4143-a32d-5fad2c619620.jpg?v=1765804413,https://cdn.shopify.com/s/files/1/0836/9167/files/lunar-tides-lunar-white-toner-hair-dye-8.jpg?v=1765804413,https://cdn.shopify.com/s/files/1/0836/9167/files/lunar-tides-lunar-white-toner-hair-dye-7.jpg?v=1765804413,https://cdn.shopify.com/s/files/1/0836/9167/files/lunar-tides-lunar-white-toner-hair-dye-1.jpg?v=1765804413,https://cdn.shopify.com/s/files/1/0836/9167/files/LunarWhiteTonerHAIRDYE_4.jpg?v=1765824558,https://cdn.shopify.com/s/files/1/0836/9167/files/LunarWhiteTonerHAIRDYE_1.jpg?v=1765824558,https://cdn.shopify.com/s/files/1/0836/9167/files/LunarWhiteTonerHAIRDYE_2.jpg?v=1765824558,https://cdn.shopify.com/s/files/1/0836/9167/files/LunarWhiteTonerHAIRDYE_3.jpg?v=1765824558",https://www.beserk.com.au/pages/privacy-policy,https://www.beserk.com.au/pages/terms-and-conditions,https://www.beserk.com.au/pages/beserk-returns,AU,AU
9436719181,"Silver Lining | Hair Dye","Lunar Tides |  Silver Lining Hair Dye Silver lining is a one of a kind silver hair dye with purple undertones.  Featuring vibrant tones that are highly pigmented to create a long lasting glowing colour! - Semi Permanent - Dyes are non-damaging and do not require developer - We recommend bleaching your hair before application for vibrant results WEIGHT: 4 oz >> 100% Vegan & Cruelty Free NOTE:   The shades appear different in the bottle than they do on the hair. Please do a strand test before doing an all over application. Attention first time bleachers:   if you have dark hair or previously dyed hair and are planning to bleach your hair prior to dye application, know that you must lift to a pale yellow to platinum colour that is evenly bleached. The colour of the hair prior to applying the dye will impact the shade results. All colours look best on platinum but darker tones will work on light and pale yellow tones of hair.  DISCLAIMER:  Please note that all silver hair dyes are designed to be subtle tints, and must be applied to pre-toned and whitened hair for best results. Results may vary dependent on several external factors and not limited to: hair type, hair health, how light & even toned the colour the hair is prior to dying, dye application technique and other contributing factors. Different brands also have different results from person to person and it's all about finding the best one for your hair type. Beserk cannot be held responsible should the outcome not be as desired. If you are not 100% sure, please consult a hair professional.  NOTE: The shades appear different in the bottle than they do on the hair. Please do a strand test before doing an all over application. LUNAR TIDES",Beserk,https://www.beserk.com.au/products/silver-lining-hair-dye?variant=34731200653&country=AU,https://cdn.shopify.com/s/files/1/0836/9167/files/lunar-tides-silver-lining-hair-dye-pouch.jpg?v=1765821966,in_stock,"21.95 AUD",,"Lunar Tides",,LT9SL118,yes,new,HAIR,,,,,,,0.15,kg,"https://cdn.shopify.com/s/files/1/0836/9167/files/silver-lining-or-hair-dye-beserk-all-clickfrenzy15-2023-cosmetics-discountapp-dye-fp-grey-hair-hair-colour-hair-dye-hair-dyes-hair-silver-labelvegan-luna-tides-lunar-tides-pastel-vega_93d7aeef-4093-425b-b418-856e34aab040.jpg?v=1765821966,https://cdn.shopify.com/s/files/1/0836/9167/files/lunar-tides-silver-lining-hair-dye-8.jpg?v=1765821966,https://cdn.shopify.com/s/files/1/0836/9167/files/lunar-tides-silver-lining-hair-dye-6.jpg?v=1765821966,https://cdn.shopify.com/s/files/1/0836/9167/files/lunar-tides-silver-lining-hair-dye-7.jpg?v=1765821966,https://cdn.shopify.com/s/files/1/0836/9167/files/lunar-tides-silver-lining-hair-dye-1.jpg?v=1765821966,https://cdn.shopify.com/s/files/1/0836/9167/files/lunar-tides-silver-lining-hair-dye-5.jpg?v=1765821966,https://cdn.shopify.com/s/files/1/0836/9167/files/SilverLiningHAIRDYE_5.jpg?v=1765824874,https://cdn.shopify.com/s/files/1/0836/9167/files/SilverLiningHAIRDYE_1.jpg?v=1765824874,https://cdn.shopify.com/s/files/1/0836/9167/files/SilverLiningHAIRDYE_2.jpg?v=1765824874,https://cdn.shopify.com/s/files/1/0836/9167/files/SilverLiningHAIRDYE_3.jpg?v=1765824875",https://www.beserk.com.au/pages/privacy-policy,https://www.beserk.com.au/pages/terms-and-conditions,https://www.beserk.com.au/pages/beserk-returns,AU,AU
9436720781,"Slate Grey | Hair Dye","Lunar Tides |  Slate Grey Hair Dye Slate Grey is a one of a kind medium grey hair dye with blue undertones.  Featuring vibrant tones that are highly pigmented to create a long lasting glowing colour! - Semi Permanent - Dyes are non-damaging and do not require developer - We recommend bleaching your hair before application for vibrant results WEIGHT: 4 oz >> 100% Vegan & Cruelty Free NOTE:   The shades appear different in the bottle than they do on the hair. Please do a strand test before doing an all over application. Attention first time bleachers:   if you have dark hair or previously dyed hair and are planning to bleach your hair prior to dye application, know that you must lift to a pale yellow to platinum colour that is evenly bleached. The colour of the hair prior to applying the dye will impact the shade results. All colours look best on platinum but darker tones will work on light and pale yellow tones of hair.  NOTE: The shades appear different in the bottle than they do on the hair. Please do a strand test before doing an all over application. LUNAR TIDES",Beserk,https://www.beserk.com.au/products/slate-grey-hair-dye?variant=34731208973&country=AU,https://cdn.shopify.com/s/files/1/0836/9167/files/lunar-tides-slate-grey-hair-dye-pouch.jpg?v=1765821976,in_stock,"21.95 AUD",,"Lunar Tides",,LT9SG118,yes,new,HAIR,,,,,,,0.15,kg,"https://cdn.shopify.com/s/files/1/0836/9167/files/slate-grey-or-hair-dye-beserk-all-clickfrenzy15-2023-cosmetics-discountapp-dye-fp-goth-grey-hair-hair-colour-hair-dye-hair-dyes-hair-grey-labelvegan-luna-tides-lunar-tides-pastel-vega_eaa49aad-e9ae-42dd-8da8-902a1a4b75ce.jpg?v=1765821976,https://cdn.shopify.com/s/files/1/0836/9167/files/lunar-tides-slate-grey-hair-dye-7.jpg?v=1765821976,https://cdn.shopify.com/s/files/1/0836/9167/files/lunar-tides-slate-grey-hair-dye-6.jpg?v=1765821976,https://cdn.shopify.com/s/files/1/0836/9167/files/lunar-tides-slate-grey-hair-dye-1.jpg?v=1765821976,https://cdn.shopify.com/s/files/1/0836/9167/files/lunar-tides-slate-grey-hair-dye-5.jpg?v=1765821976,https://cdn.shopify.com/s/files/1/0836/9167/files/SlateGreyHAIRDYE_4.jpg?v=1765824880,https://cdn.shopify.com/s/files/1/0836/9167/files/SlateGreyHAIRDYE_1.jpg?v=1765824880,https://cdn.shopify.com/s/files/1/0836/9167/files/SlateGreyHAIRDYE_1_-1.jpg?v=1765824880,https://cdn.shopify.com/s/files/1/0836/9167/files/SlateGreyHAIRDYE_2.jpg?v=1765824880,https://cdn.shopify.com/s/files/1/0836/9167/files/SlateGreyHAIRDYE_3.jpg?v=1765824880",https://www.beserk.com.au/pages/privacy-policy,https://www.beserk.com.au/pages/terms-and-conditions,https://www.beserk.com.au/pages/beserk-returns,AU,AU
9436720845,"Smokey Purple | Hair Dye","Lunar Tides |  Smokey Purple Hair Dye Smokey Purple is a one of a kind medium purple hair shade with grey undertones. Featuring vibrant tones that are highly pigmented to create a long lasting glowing colour! - Semi Permanent - Dyes are non-damaging and do not require developer - We recommend bleaching your hair before application for vibrant results WEIGHT: 4 oz >> 100% Vegan & Cruelty Free NOTE:   The shades appear different in the bottle than they do on the hair. Please do a strand test before doing an all over application. Attention first time bleachers:   if you have dark hair or previously dyed hair and are planning to bleach your hair prior to dye application, know that you must lift to a pale yellow to platinum colour that is evenly bleached. The colour of the hair prior to applying the dye will impact the shade results. All colours look best on platinum but darker tones will work on light and pale yellow tones of hair.  NOTE: The shades appear different in the bottle than they do on the hair. Please do a strand test before doing an all over application. LUNAR TIDES",Beserk,https://www.beserk.com.au/products/smokey-purple-hair-dye?variant=34731209229&country=AU,https://cdn.shopify.com/s/files/1/0836/9167/files/lunar-tides-smokey-purple-hair-dye-pouch.jpg?v=1765822004,out_of_stock,"21.95 AUD",,"Lunar Tides",,LT9SP118,yes,new,HAIR,,,,,,,0.15,kg,"https://cdn.shopify.com/s/files/1/0836/9167/files/smokey-purple-or-hair-dye-beserk-all-clickfrenzy15-2023-cosmetics-discountapp-dye-fp-goth-hair-hair-colour-hair-dye-hair-dyes-hair-purple-labelvegan-lt3083-luna-tides-lunar-tides-purp_29f1010e-56b3-49bd-81f9-1ffdafe424ad.jpg?v=1765822004,https://cdn.shopify.com/s/files/1/0836/9167/files/lunar-tides-smokey-purple-hair-dye-7.jpg?v=1765822004,https://cdn.shopify.com/s/files/1/0836/9167/files/lunar-tides-smokey-purple-hair-dye-6.jpg?v=1765822004,https://cdn.shopify.com/s/files/1/0836/9167/files/lunar-tides-smokey-purple-hair-dye-1.jpg?v=1765822004,https://cdn.shopify.com/s/files/1/0836/9167/files/lunar-tides-smokey-purple-hair-dye-5.jpg?v=1765822004,https://cdn.shopify.com/s/files/1/0836/9167/files/SmokeyPurpleHAIRDYE_5.jpg?v=1765824898,https://cdn.shopify.com/s/files/1/0836/9167/files/SmokeyPurpleHAIRDYE_1.jpg?v=1765824898,https://cdn.shopify.com/s/files/1/0836/9167/files/SmokeyPurpleHAIRDYE_2.jpg?v=1765824898,https://cdn.shopify.com/s/files/1/0836/9167/files/SmokeyPurpleHAIRDYE_3.jpg?v=1765824898,https://cdn.shopify.com/s/files/1/0836/9167/files/SmokeyPurpleHAIRDYE_4.jpg?v=1765824898",https://www.beserk.com.au/pages/privacy-policy,https://www.beserk.com.au/pages/terms-and-conditions,https://www.beserk.com.au/pages/beserk-returns,AU,AU
9436720909,"Smokey Mauve | Hair Dye","Lunar Tides |  Smokey Mauve Hair Dye Smokey Mauve is a one of a kind medium pink hair shade with grey undertones. Featuring vibrant tones that are highly pigmented to create a long lasting glowing colour! - Semi Permanent - Dyes are non-damaging and do not require developer - We recommend bleaching your hair before application for vibrant results WEIGHT: 4 oz >> 100% Vegan & Cruelty Free NOTE:   The shades appear different in the bottle than they do on the hair. Please do a strand test before doing an all over application. Attention first time bleachers:   if you have dark hair or previously dyed hair and are planning to bleach your hair prior to dye application, know that you must lift to a pale yellow to platinum colour that is evenly bleached. The colour of the hair prior to applying the dye will impact the shade results. All colours look best on platinum but darker tones will work on light and pale yellow tones of hair. NOTE: The shades appear different in the bottle than they do on the hair. Please do a strand test before doing an all over application. LUNAR TIDES",Beserk,https://www.beserk.com.au/products/smokey-mauve-hair-dye?variant=34731209933&country=AU,https://cdn.shopify.com/s/files/1/0836/9167/files/lunar-tides-smokey-mauve-hair-dye-pouch.jpg?v=1765821986,in_stock,"21.95 AUD",,"Lunar Tides",,LT9SM118,yes,new,HAIR,,,,,,,0.15,kg,"https://cdn.shopify.com/s/files/1/0836/9167/files/smokey-mauve-or-hair-dye-beserk-all-clickfrenzy15-2023-cosmetics-discountapp-dye-fp-goth-hair-hair-colour-hair-dye-hair-dyes-hair-purple-labelvegan-luna-tides-lunar-tides-pastel-goth_6be9f5e1-7582-4ea5-a033-3bf9343b229d.jpg?v=1765821986,https://cdn.shopify.com/s/files/1/0836/9167/files/lunar-tides-smokey-mauve-hair-dye-7.jpg?v=1765821986,https://cdn.shopify.com/s/files/1/0836/9167/files/lunar-tides-smokey-mauve-hair-dye-1.jpg?v=1765821986,https://cdn.shopify.com/s/files/1/0836/9167/files/SmokeyMauveHAIRDYE_5.jpg?v=1765824888,https://cdn.shopify.com/s/files/1/0836/9167/files/SmokeyMauveHAIRDYE_1.jpg?v=1765824888,https://cdn.shopify.com/s/files/1/0836/9167/files/SmokeyMauveHAIRDYE_2.jpg?v=1765824888,https://cdn.shopify.com/s/files/1/0836/9167/files/SmokeyMauveHAIRDYE_3.jpg?v=1765824888,https://cdn.shopify.com/s/files/1/0836/9167/files/SmokeyMauveHAIRDYE_4.jpg?v=1765824888",https://www.beserk.com.au/pages/privacy-policy,https://www.beserk.com.au/pages/terms-and-conditions,https://www.beserk.com.au/pages/beserk-returns,AU,AU
9436720973,"Pastel Iris | Hair Dye","Lunar Tides | Pastel Iris  Hair Dye Iris Purple is a one of a kind true pastel purple hair colour.  Featuring vibrant tones that are highly pigmented to create a long lasting glowing colour! - Semi Permanent - Dyes are non-damaging and do not require developer - We recommend bleaching your hair before application for vibrant results WEIGHT: 4 oz >> 100% Vegan & Cruelty Free NOTE:   The shades appear different in the bottle than they do on the hair. Please do a strand test before doing an all over application. Attention first time bleachers:   if you have dark hair or previously dyed hair and are planning to bleach your hair prior to dye application, know that you must lift to a pale blonde to platinum colour that is evenly bleached. The colour of the hair prior to applying the dye will impact the shade results. All colours look best on platinum but darker tones will work on light and pale yellow tones of hair.  NOTE: The shades appear different in the bottle than they do on the hair. Please do a strand test before doing an all over application. LUNAR TIDES",Beserk,https://www.beserk.com.au/products/iris-purple-hair-dye?variant=34731209997&country=AU,https://cdn.shopify.com/s/files/1/0836/9167/files/lunar-tides-pastel-iris-hair-dye-pouch.jpg?v=1765821467,in_stock,"21.95 AUD",,"Lunar Tides",,LT9IP118,yes,new,HAIR,,,,,,,0.15,kg,"https://cdn.shopify.com/s/files/1/0836/9167/files/pastel-iris-or-hair-dye-beserk-all-clickfrenzy15-2023-cosmetics-discountapp-dye-fp-hair-hair-colour-hair-dye-hair-dyes-hair-purple-labelvegan-lt3083-luna-tides-lunar-tides-mermaid-pas_e6a91da5-bfe5-400e-a5a9-0733b4f27797.jpg?v=1765821467,https://cdn.shopify.com/s/files/1/0836/9167/files/pastel-iris-or-hair-dye-beserk-all-clickfrenzy15-2023-cosmetics-discountapp-dye-fp-hair-hair-colour-hair-dye-hair-dyes-hair-purple-labelvegan-lt3083-luna-tides-lunar-tides-mermaid-pas_98bed9d3-3939-4052-b3a9-464113d28407.jpg?v=1765821467,https://cdn.shopify.com/s/files/1/0836/9167/files/lunar-tides-pastel-iris-hair-dye-7.jpg?v=1765821467,https://cdn.shopify.com/s/files/1/0836/9167/files/lunar-tides-pastel-iris-hair-dye-1.jpg?v=1765821467,https://cdn.shopify.com/s/files/1/0836/9167/files/PastelIrisHAIRDYE_5.jpg?v=1765824840,https://cdn.shopify.com/s/files/1/0836/9167/files/PastelIrisHAIRDYE_1.jpg?v=1765824840,https://cdn.shopify.com/s/files/1/0836/9167/files/PastelIrisHAIRDYE_2.jpg?v=1765824840,https://cdn.shopify.com/s/files/1/0836/9167/files/PastelIrisHAIRDYE_3.jpg?v=1765824841,https://cdn.shopify.com/s/files/1/0836/9167/files/PastelIrisHAIRDYE_4.jpg?v=1765824840",https://www.beserk.com.au/pages/privacy-policy,https://www.beserk.com.au/pages/terms-and-conditions,https://www.beserk.com.au/pages/beserk-returns,AU,AU
9436721037,"Juniper Green | Hair Dye","Lunar Tides |  Juniper Green Hair Dye Juniper Green is a one-of-a-kind dark green hair dye with black undertones. Featuring vibrant tones that are highly pigmented to create a long lasting glowing colour! - Semi Permanent - Dyes are non-damaging and do not require developer - We recommend bleaching your hair before application for vibrant results Volume: 4 oz >> 100% Vegan & Cruelty Free NOTE:   The shades appear different in the bottle than they do on the hair. Please do a strand test before doing an all over application. Attention first time bleachers:   if you have dark hair or previously dyed hair and are planning to bleach your hair prior to dye application, know that you must lift to a pale yellow to platinum colour that is evenly bleached. The colour of the hair prior to applying the dye will impact the shade results. All colours look best on platinum but darker tones will work on light and pale yellow tones of hair.  NOTE: The shades appear different in the bottle than they do on the hair. Please do a strand test before doing an all over application. LUNAR TIDES  ",Beserk,https://www.beserk.com.au/products/juniper-green-hair-dye?variant=34731210765&country=AU,https://cdn.shopify.com/s/files/1/0836/9167/files/lunar-tides-juniper-green-hair-dye-pouch.jpg?v=1765804388,in_stock,"21.95 AUD",,"Lunar Tides",,LT9JG118,yes,new,HAIR,,,,,,,0.15,kg,"https://cdn.shopify.com/s/files/1/0836/9167/files/juniper-green-or-hair-dye-beserk-all-clickfrenzy15-2023-cosmetics-dark-green-discountapp-dye-fp-goth-green-hair-hair-colour-hair-dye-hair-dyes-hair-green-labelvegan-lt3083-luna-tides_c1655c32-2c7e-4258-9790-43259a9771e8.jpg?v=1765804388,https://cdn.shopify.com/s/files/1/0836/9167/files/lunar-tides-juniper-green-hair-dye-8.jpg?v=1765804388,https://cdn.shopify.com/s/files/1/0836/9167/files/lunar-tides-juniper-green-hair-dye-1.jpg?v=1765804388,https://cdn.shopify.com/s/files/1/0836/9167/files/JuniperGreenHAIRDYE_2.jpg?v=1765824530,https://cdn.shopify.com/s/files/1/0836/9167/files/JuniperGreenHAIRDYE_1.jpg?v=1765824530,https://cdn.shopify.com/s/files/1/0836/9167/files/JuniperGreenHAIRDYE_1_-1.jpg?v=1765824530",https://www.beserk.com.au/pages/privacy-policy,https://www.beserk.com.au/pages/terms-and-conditions,https://www.beserk.com.au/pages/beserk-returns,AU,AU
9436721101,"Nightshade | Hair Dye","Lunar Tides |  Dark Violet Hair Dye Dark Violet is a one of a kind highly pigmented dark violet dye.  Featuring vibrant tones that are highly pigmented to create a long lasting glowing colour! - Semi Permanent - Dyes are non-damaging and do not require developer - We recommend bleaching your hair before application for vibrant results WEIGHT: 4 oz >> 100% Vegan & Cruelty Free NOTE:   The shades appear different in the bottle than they do on the hair. Please do a strand test before doing an all over application. Attention first time bleachers:   if you have dark hair or previously dyed hair and are planning to bleach your hair prior to dye application, know that you must lift to a pale yellow to platinum colour that is evenly bleached. The colour of the hair prior to applying the dye will impact the shade results. All colours look best on platinum but darker tones will work on light and pale yellow tones of hair.  NOTE: The shades appear different in the bottle than they do on the hair. Please do a strand test before doing an all over application. LUNAR TIDES",Beserk,https://www.beserk.com.au/products/dark-violet-hair-dye?variant=34731210829&country=AU,https://cdn.shopify.com/s/files/1/0836/9167/files/lunar-tides-dark-violet-hair-dye-pouch.jpg?v=1765804005,in_stock,"21.95 AUD",,"Lunar Tides",,LT9DV118,yes,new,HAIR,,,,,,,0.15,kg,"https://cdn.shopify.com/s/files/1/0836/9167/files/nightshade-or-hair-dye-beserk-all-clickfrenzy15-2023-cosmetics-dark-purple-discountapp-dye-fp-goth-hair-hair-colour-hair-dye-hair-dyes-hair-purple-labelvegan-lt3083-luna-tides-lunar-t_7f9c8e7f-2638-4892-80dc-981c611b6e7f.jpg?v=1765804005,https://cdn.shopify.com/s/files/1/0836/9167/files/lunar-tides-nightshade-hair-dye-8.jpg?v=1765804005,https://cdn.shopify.com/s/files/1/0836/9167/files/lunar-tides-nightshade-hair-dye-1.jpg?v=1765804005,https://cdn.shopify.com/s/files/1/0836/9167/files/DarkVioletHAIRDYE_5.jpg?v=1765824506,https://cdn.shopify.com/s/files/1/0836/9167/files/DarkVioletHAIRDYE_1.jpg?v=1765824507,https://cdn.shopify.com/s/files/1/0836/9167/files/DarkVioletHAIRDYE_2.jpg?v=1765824506,https://cdn.shopify.com/s/files/1/0836/9167/files/DarkVioletHAIRDYE_3.jpg?v=1765824506,https://cdn.shopify.com/s/files/1/0836/9167/files/DarkVioletHAIRDYE_4.jpg?v=1765824506",https://www.beserk.com.au/pages/privacy-policy,https://www.beserk.com.au/pages/terms-and-conditions,https://www.beserk.com.au/pages/beserk-returns,AU,AU
9436721933,"Petal Pink | Hair Dye","Lunar Tides |  Petal Pink Hair Dye Petal Pink is a one of a kind true pastel pink hair colour.  Featuring vibrant tones that are highly pigmented to create a long lasting glowing colour! - Semi Permanent - Dyes are non-damaging and do not require developer - We recommend bleaching your hair before application for vibrant results WEIGHT: 4 oz >> 100% Vegan & Cruelty Free NOTE:   The shades appear different in the bottle than they do on the hair. Please do a strand test before doing an all over application. Attention first time bleachers:   if you have dark hair or previously dyed hair and are planning to bleach your hair prior to dye application, know that you must lift to a pale yellow to platinum colour that is evenly bleached. The colour of the hair prior to applying the dye will impact the shade results. All colours look best on platinum but darker tones will work on light and pale yellow tones of hair.  NOTE: The shades appear different in the bottle than they do on the hair. Please do a strand test before doing an all over application. LUNAR TIDES",Beserk,https://www.beserk.com.au/products/petal-pink-hair-dye?variant=34731218317&country=AU,https://cdn.shopify.com/s/files/1/0836/9167/files/lunar-tides-petal-pink-hair-dye-pouch.jpg?v=1765821528,in_stock,"21.95 AUD",,"Lunar Tides",,LT9PP118,yes,new,HAIR,,,,,,,0.15,kg,"https://cdn.shopify.com/s/files/1/0836/9167/files/petal-pink-or-hair-dye-beserk-all-clickfrenzy15-2023-cosmetics-discountapp-dye-fp-hair-hair-colour-hair-dye-hair-dyes-hair-pink-labelvegan-lt3083-luna-tides-lunar-tides-mermaid-pastel_31a9239e-c1ef-4db7-ac8b-a4aa9f20f063.jpg?v=1765821528,https://cdn.shopify.com/s/files/1/0836/9167/files/petal-pink-or-hair-dye-beserk-all-clickfrenzy15-2023-cosmetics-discountapp-dye-fp-hair-hair-colour-hair-dye-hair-dyes-hair-pink-labelvegan-lt3083-luna-tides-lunar-tides-mermaid-pastel_7780a2e0-fdce-4fdc-bf6b-c4fd30027b72.jpg?v=1765821528,https://cdn.shopify.com/s/files/1/0836/9167/files/petal-pink-or-hair-dye-beserk-all-clickfrenzy15-2023-cosmetics-discountapp-dye-fp-hair-hair-colour-hair-dye-hair-dyes-hair-pink-labelvegan-lt3083-luna-tides-lunar-tides-mermaid-pastel_46aeac8a-a5ff-41ab-b5d0-eeb9f0845486.jpg?v=1765821528,https://cdn.shopify.com/s/files/1/0836/9167/files/lunar-tides-petal-pink-hair-dye-7.jpg?v=1765821528,https://cdn.shopify.com/s/files/1/0836/9167/files/lunar-tides-petal-pink-hair-dye-6.jpg?v=1765821528,https://cdn.shopify.com/s/files/1/0836/9167/files/lunar-tides-petal-pink-hair-dye-1.jpg?v=1765821528,https://cdn.shopify.com/s/files/1/0836/9167/files/lunar-tides-petal-pink-hair-dye-5.jpg?v=1765821528,https://cdn.shopify.com/s/files/1/0836/9167/files/PetalPinkHAIRDYE_5.jpg?v=1765824845,https://cdn.shopify.com/s/files/1/0836/9167/files/PetalPinkHAIRDYE_1.jpg?v=1765824845,https://cdn.shopify.com/s/files/1/0836/9167/files/PetalPinkHAIRDYE_2.jpg?v=1765824845",https://www.beserk.com.au/pages/privacy-policy,https://www.beserk.com.au/pages/terms-and-conditions,https://www.beserk.com.au/pages/beserk-returns,AU,AU
9436722061,"Moonstone | Hair Dye","Lunar Tides |  Moonstone Hair Dye Moonstone is a one of a kind true pastel blue hair colour.  Featuring vibrant tones that are highly pigmented to create a long lasting glowing colour! - Semi Permanent - Dyes are non-damaging and do not require developer - We recommend bleaching your hair before application for vibrant results WEIGHT: 4 oz >> 100% Vegan & Cruelty Free NOTE:   The shades appear different in the bottle than they do on the hair. Please do a strand test before doing an all over application. Attention first time bleachers:   if you have dark hair or previously dyed hair and are planning to bleach your hair prior to dye application, know that you must lift to a pale yellow to platinum colour that is evenly bleached. The colour of the hair prior to applying the dye will impact the shade results. All colours look best on platinum but darker tones with work on light and pale yellow tones of hair.  NOTE: The shades appear different in the bottle than they do on the hair. Please do a strand test before doing an all over application. LUNAR TIDES",Beserk,https://www.beserk.com.au/products/moonstone-hair-dye?variant=34731218893&country=AU,https://cdn.shopify.com/s/files/1/0836/9167/files/lunar-tides-moonstone-hair-dye-pouch.jpg?v=1765804493,in_stock,"21.95 AUD",,"Lunar Tides",,LT9MS118,yes,new,HAIR,,,,,,,0.15,kg,"https://cdn.shopify.com/s/files/1/0836/9167/files/moonstone-or-hair-dye-beserk-all-blue-clickfrenzy15-2023-cosmetics-discountapp-dye-fp-hair-hair-blue-hair-colour-hair-dye-hair-dyes-labelvegan-luna-tides-lunar-tides-mermaid-moon-past_73187df2-334e-411f-a0f6-0c6e2715c1e7.jpg?v=1765804493,https://cdn.shopify.com/s/files/1/0836/9167/files/moonstone-or-hair-dye-beserk-all-blue-clickfrenzy15-2023-cosmetics-discountapp-dye-fp-hair-hair-blue-hair-colour-hair-dye-hair-dyes-labelvegan-luna-tides-lunar-tides-mermaid-moon-past_05c42890-8238-4d32-a31e-5f4d3d52a845.jpg?v=1765804493,https://cdn.shopify.com/s/files/1/0836/9167/files/lunar-tides-moonstone-hair-dye-7.jpg?v=1765804493,https://cdn.shopify.com/s/files/1/0836/9167/files/lunar-tides-moonstone-hair-dye-6.jpg?v=1765804493,https://cdn.shopify.com/s/files/1/0836/9167/files/lunar-tides-moonstone-hair-dye-1.jpg?v=1765804493,https://cdn.shopify.com/s/files/1/0836/9167/files/lunar-tides-moonstone-hair-dye-5.jpg?v=1765804493,https://cdn.shopify.com/s/files/1/0836/9167/files/MoonstoneHAIRDYE_5.jpg?v=1765824686,https://cdn.shopify.com/s/files/1/0836/9167/files/MoonstoneHAIRDYE_1.jpg?v=1765824687,https://cdn.shopify.com/s/files/1/0836/9167/files/MoonstoneHAIRDYE_2.jpg?v=1765824687,https://cdn.shopify.com/s/files/1/0836/9167/files/MoonstoneHAIRDYE_3.jpg?v=1765824687",https://www.beserk.com.au/pages/privacy-policy,https://www.beserk.com.au/pages/terms-and-conditions,https://www.beserk.com.au/pages/beserk-returns,AU,AU
9436723213,"Sea Witch | Hair Dye","Lunar Tides |  Sea Witch Hair Dye Sea Witch is a one of a kind true pastel teal hair colour.  Featuring vibrant tones that are highly pigmented to create a long lasting glowing colour! - Semi Permanent - Dyes are non-damaging and do not require developer - We recommend bleaching your hair before application for vibrant results WEIGHT: 4 oz >> 100% Vegan & Cruelty Free NOTE:   The shades appear different in the bottle than they do on the hair. Please do a strand test before doing an all over application. Attention first time bleachers:   if you have dark hair or previously dyed hair and are planning to bleach your hair prior to dye application, know that you must lift to a pale yellow to platinum colour that is evenly bleached. The colour of the hair prior to applying the dye will impact the shade results. All colours look best on platinum but darker tones will work on light and pale yellow tones of hair.  NOTE: The shades appear different in the bottle than they do on the hair. Please do a strand test before doing an all over application. LUNAR TIDES",Beserk,https://www.beserk.com.au/products/sea-witch-hair-dye?variant=34731228365&country=AU,https://cdn.shopify.com/s/files/1/0836/9167/files/lunar-tides-sea-witch-hair-dye-pouch.jpg?v=1765821949,out_of_stock,"21.95 AUD",,"Lunar Tides",,LT9SW118,yes,new,HAIR,,,,,,,0.15,kg,"https://cdn.shopify.com/s/files/1/0836/9167/files/sea-witch-or-hair-dye-beserk-420sale-all-clickfrenzy15-2023-cosmetics-discountapp-dye-fp-green-hair-hair-blue-hair-colour-hair-dye-hair-dyes-hair-green-hair-turquoise-labelvegan-luna_9a8a2eeb-4fff-4909-8522-10062aea63de.jpg?v=1765821949,https://cdn.shopify.com/s/files/1/0836/9167/files/sea-witch-or-hair-dye-beserk-420sale-all-clickfrenzy15-2023-cosmetics-discountapp-dye-fp-green-hair-hair-blue-hair-colour-hair-dye-hair-dyes-hair-green-hair-turquoise-labelvegan-luna_921a9bd7-6553-4074-bd15-9acaac73bace.jpg?v=1765821949,https://cdn.shopify.com/s/files/1/0836/9167/files/sea-witch-or-hair-dye-beserk-420sale-all-clickfrenzy15-2023-cosmetics-discountapp-dye-fp-green-hair-hair-blue-hair-colour-hair-dye-hair-dyes-hair-green-hair-turquoise-labelvegan-luna_2c36058a-9026-4651-a00d-5a886dbe292d.jpg?v=1765821949,https://cdn.shopify.com/s/files/1/0836/9167/files/lunar-tides-sea-witch-hair-dye-7.jpg?v=1765821949,https://cdn.shopify.com/s/files/1/0836/9167/files/lunar-tides-sea-witch-hair-dye-6.jpg?v=1765821949,https://cdn.shopify.com/s/files/1/0836/9167/files/lunar-tides-sea-witch-hair-dye-1.jpg?v=1765821949,https://cdn.shopify.com/s/files/1/0836/9167/files/lunar-tides-sea-witch-hair-dye-5.jpg?v=1765821949,https://cdn.shopify.com/s/files/1/0836/9167/files/SeaWitchHAIRDYE_5.jpg?v=1765824865,https://cdn.shopify.com/s/files/1/0836/9167/files/SeaWitchHAIRDYE_1.jpg?v=1765824866,https://cdn.shopify.com/s/files/1/0836/9167/files/SeaWitchHAIRDYE_2.jpg?v=1765824866",https://www.beserk.com.au/pages/privacy-policy,https://www.beserk.com.au/pages/terms-and-conditions,https://www.beserk.com.au/pages/beserk-returns,AU,AU
9436724557,"Cerulean Sea | Hair Dye","Lunar Tides |  Cerulean Sea Hair Dye Cerulean Sea is a one of a kind highly pigmented dark teal hair dye.   Featuring vibrant tones that are highly pigmented to create a long lasting glowing colour! - Semi Permanent - Dyes are non-damaging and do not require developer - We recommend bleaching your hair before application for vibrant results WEIGHT: 4 oz >> 100% Vegan & Cruelty Free NOTE:   The shades appear different in the bottle than they do on the hair. Please do a strand test before doing an all over application. Attention first time bleachers:   if you have dark hair or previously dyed hair and are planning to bleach your hair prior to dye application, know that you must lift to a pale yellow to platinum colour that is evenly bleached. The colour of the hair prior to applying the dye will impact the shade results. All colours look best on platinum but darker tones will work on light and pale yellow tones of hair.  NOTE: The shades appear different in the bottle than they do on the hair. Please do a strand test before doing an all over application. LUNAR TIDES  ",Beserk,https://www.beserk.com.au/products/cerulean-sea-hair-dye?variant=34731240077&country=AU,https://cdn.shopify.com/s/files/1/0836/9167/files/lunar-tides-cerulean-sea-hair-dye-pouch.jpg?v=1765803568,out_of_stock,"21.95 AUD",,"Lunar Tides",,LT9CS118,yes,new,HAIR,,,,,,,0.15,kg,"https://cdn.shopify.com/s/files/1/0836/9167/files/cerulean-sea-or-hair-dye-beserk-all-clickfrenzy15-2023-cosmetics-dark-green-discountapp-dye-fp-green-hair-hair-colour-hair-dye-hair-dyes-hair-green-labelvegan-luna-tides-lunar-tides-m_08ea2539-9b55-4fd3-aaa1-e5f9042c453d.jpg?v=1765803568,https://cdn.shopify.com/s/files/1/0836/9167/files/cerulean-sea-or-hair-dye-beserk-all-clickfrenzy15-2023-cosmetics-dark-green-discountapp-dye-fp-green-hair-hair-colour-hair-dye-hair-dyes-hair-green-labelvegan-luna-tides-lunar-tides-m_eb7c87c5-72cf-4b3f-a92b-d167f07bff99.jpg?v=1765803568,https://cdn.shopify.com/s/files/1/0836/9167/files/cerulean-sea-or-hair-dye-beserk-all-clickfrenzy15-2023-cosmetics-dark-green-discountapp-dye-fp-green-hair-hair-colour-hair-dye-hair-dyes-hair-green-labelvegan-luna-tides-lunar-tides-m_48e195d4-b6ef-4c29-9704-ec893cfd7a91.jpg?v=1765803568,https://cdn.shopify.com/s/files/1/0836/9167/files/lunar-tides-cerulean-sea-hair-dye-8.jpg?v=1765803568,https://cdn.shopify.com/s/files/1/0836/9167/files/lunar-tides-cerulean-sea-hair-dye-1.jpg?v=1765803568,https://cdn.shopify.com/s/files/1/0836/9167/files/CeruleanSeaHAIRDYE_5.jpg?v=1765824109,https://cdn.shopify.com/s/files/1/0836/9167/files/CeruleanSeaHAIRDYE_1.jpg?v=1765824109,https://cdn.shopify.com/s/files/1/0836/9167/files/CeruleanSeaHAIRDYE_2.jpg?v=1765824109,https://cdn.shopify.com/s/files/1/0836/9167/files/CeruleanSeaHAIRDYE_3.jpg?v=1765824109,https://cdn.shopify.com/s/files/1/0836/9167/files/CeruleanSeaHAIRDYE_4.jpg?v=1765824109",https://www.beserk.com.au/pages/privacy-policy,https://www.beserk.com.au/pages/terms-and-conditions,https://www.beserk.com.au/pages/beserk-returns,AU,AU
9436724685,"Eclipse Black | Hair Dye","Lunar Tides |  Eclipse Black Hair Dye Eclipse Black is a one of a kind highly pigmented black dye with purple undertones. Featuring vibrant tones that are highly pigmented to create a long lasting glowing colour! - Semi Permanent - Dyes are non-damaging and do not require developer - We recommend bleaching your hair before application for vibrant results WEIGHT: 4 oz >> 100% Vegan & Cruelty Free NOTE:   The shades appear different in the bottle than they do on the hair. Please do a strand test before doing an all over application. Attention first time bleachers:   if you have dark hair or previously dyed hair and are planning to bleach your hair prior to dye application, know that you must lift to a pale yellow to platinum colour that is evenly bleached. The colour of the hair prior to applying the dye will impact the shade results. All colours look best on platinum but darker tones will work on light and pale yellow tones of hair. NOTE: The shades appear different in the bottle than they do on the hair. Please do a strand test before doing an all over application. LUNAR TIDES",Beserk,https://www.beserk.com.au/products/eclipse-black-hair-dye?variant=34731240205&country=AU,https://cdn.shopify.com/s/files/1/0836/9167/files/lunar-tides-eclipse-black-hair-dye-pouch.jpg?v=1765804025,in_stock,"21.95 AUD",,"Lunar Tides",,LT9EB118,yes,new,HAIR,,,,,,,0.15,kg,"https://cdn.shopify.com/s/files/1/0836/9167/files/eclipse-black-or-hair-dye-beserk-all-black-clickfrenzy15-2023-cosmetics-discountapp-dye-fp-goth-hair-hair-black-hair-colour-hair-dye-hair-dyes-labelvegan-luna-tides-lunar-tides-vegan_92a965df-dc2d-4365-8dda-3d42b17463aa.jpg?v=1765804025,https://cdn.shopify.com/s/files/1/0836/9167/files/lunar-tides-eclipse-black-hair-dye-7.jpg?v=1765804025,https://cdn.shopify.com/s/files/1/0836/9167/files/lunar-tides-eclipse-black-hair-dye-1.jpg?v=1765804025,https://cdn.shopify.com/s/files/1/0836/9167/files/EclipseBlackHAIRDYE_5.jpg?v=1765824515,https://cdn.shopify.com/s/files/1/0836/9167/files/EclipseBlackHAIRDYE_1.jpg?v=1765824515,https://cdn.shopify.com/s/files/1/0836/9167/files/EclipseBlackHAIRDYE_2.jpg?v=1765824515,https://cdn.shopify.com/s/files/1/0836/9167/files/EclipseBlackHAIRDYE_3.jpg?v=1765824515,https://cdn.shopify.com/s/files/1/0836/9167/files/EclipseBlackHAIRDYE_4.jpg?v=1765824515",https://www.beserk.com.au/pages/privacy-policy,https://www.beserk.com.au/pages/terms-and-conditions,https://www.beserk.com.au/pages/beserk-returns,AU,AU
9436724941,"Amethyst | Hair Dye","Lunar Tides |  Amethyst Hair Dye Amethyst is a one of a kind pastel purple hair colour with pink undertones.  Featuring vibrant tones that are highly pigmented to create a long lasting glowing colour! - Semi Permanent - Dyes are non-damaging and do not require developer - We recommend bleaching your hair before application for vibrant results WEIGHT: 4 oz >> 100% Vegan & Cruelty Free NOTE:   The shades appear different in the bottle than they do on the hair. Please do a strand test before doing an all over application. Attention first time bleachers:   if you have dark hair or previously dyed hair and are planning to bleach your hair prior to dye application, know that you must lift to a pale yellow to platinum colour that is evenly bleached. The colour of the hair prior to applying the dye will impact the shade results. All colours look best on platinum but darker tones with work on light and pale yellow tones of hair.  NOTE: The shades appear different in the bottle than they do on the hair. Please do a strand test before doing an all over application. LUNAR TIDES  ",Beserk,https://www.beserk.com.au/products/amethyst-hair-dye?variant=34731241101&country=AU,https://cdn.shopify.com/s/files/1/0836/9167/files/lunar-tides-amethyst-hair-dye-pouch.jpg?v=1765803457,in_stock,"21.95 AUD",,"Lunar Tides",,LT9AP118,yes,new,HAIR,,,,,,,0.15,kg,"https://cdn.shopify.com/s/files/1/0836/9167/files/amethyst-or-hair-dye-beserk-all-clickfrenzy15-2023-cosmetics-discountapp-dye-fp-hair-colour-hair-dye-hair-dyes-hair-pink-hair-purple-labelvegan-lavender-luna-tides-lunar-tides-mermaid_d1165b94-2759-429a-ad7e-ae09ba9cba9a.jpg?v=1765803457,https://cdn.shopify.com/s/files/1/0836/9167/files/lunar-tides-amethyst-hair-dye-7.jpg?v=1765803457,https://cdn.shopify.com/s/files/1/0836/9167/files/lunar-tides-amethyst-hair-dye-6.jpg?v=1765803457,https://cdn.shopify.com/s/files/1/0836/9167/files/lunar-tides-amethyst-hair-dye-1.jpg?v=1765803457,https://cdn.shopify.com/s/files/1/0836/9167/files/lunar-tides-amethyst-hair-dye-5.jpg?v=1765803457,https://cdn.shopify.com/s/files/1/0836/9167/files/AmethystHAIRDYE_3.jpg?v=1765824028,https://cdn.shopify.com/s/files/1/0836/9167/files/AmethystHAIRDYE_1.jpg?v=1765824028,https://cdn.shopify.com/s/files/1/0836/9167/files/AmethystHAIRDYE_2.jpg?v=1765824028",https://www.beserk.com.au/pages/privacy-policy,https://www.beserk.com.au/pages/terms-and-conditions,https://www.beserk.com.au/pages/beserk-returns,AU,AU
9436725069,"Blue Velvet | Hair Dye","Lunar Tides |  Blue Velvet Hair Dye Blue Velvet is a one of a kind highly pigmented deep blue dye.  Featuring vibrant tones that are highly pigmented to create a long lasting glowing colour! - Semi Permanent - Dyes are non-damaging and do not require developer - We recommend bleaching your hair before application for vibrant results WEIGHT: 4 oz >> 100% Vegan & Cruelty Free NOTE:   The shades appear different in the bottle than they do on the hair. Please do a strand test before doing an all over application. Attention first time bleachers:   if you have dark hair or previously dyed hair and are planning to bleach your hair prior to dye application, know that you must lift to a pale yellow to platinum colour that is evenly bleached. The colour of the hair prior to applying the dye will impact the shade results. All colours look best on platinum but darker tones with work on light and pale yellow tones of hair.  NOTE: The shades appear different in the bottle than they do on the hair. Please do a strand test before doing an all over application. LUNAR TIDES",Beserk,https://www.beserk.com.au/products/blue-velvet-hair-dye-1?variant=34731242445&country=AU,https://cdn.shopify.com/s/files/1/0836/9167/files/lunar-tides-blue-velvet-hair-dye-pouch.jpg?v=1765803546,in_stock,"21.95 AUD",,"Lunar Tides",,LT9BV118,yes,new,HAIR,,,,,,,0.15,kg,"https://cdn.shopify.com/s/files/1/0836/9167/files/blue-velvet-or-hair-dye-beserk-all-blue-clickfrenzy15-2023-cosmetics-dark-blue-discountapp-dye-fp-goth-hair-hair-blue-hair-colour-hair-dye-hair-dyes-labelvegan-luna-tides-lunar-tides_b81d33ed-c8c1-4a5d-ba82-9e799f28c493.jpg?v=1765803546,https://cdn.shopify.com/s/files/1/0836/9167/files/blue-velvet-or-hair-dye-beserk-all-blue-clickfrenzy15-2023-cosmetics-dark-blue-discountapp-dye-fp-goth-hair-hair-blue-hair-colour-hair-dye-hair-dyes-labelvegan-luna-tides-lunar-tides_b61ca7ea-2ca9-4da8-a590-5b829519aa69.jpg?v=1765803546,https://cdn.shopify.com/s/files/1/0836/9167/files/lunar-tides-blue-velvet-hair-dye-8.jpg?v=1765803546,https://cdn.shopify.com/s/files/1/0836/9167/files/lunar-tides-blue-velvet-hair-dye-6.jpg?v=1765803546,https://cdn.shopify.com/s/files/1/0836/9167/files/lunar-tides-blue-velvet-hair-dye-7.jpg?v=1765803546,https://cdn.shopify.com/s/files/1/0836/9167/files/lunar-tides-blue-velvet-hair-dye-1.jpg?v=1765803546,https://cdn.shopify.com/s/files/1/0836/9167/files/lunar-tides-blue-velvet-hair-dye-5.jpg?v=1765803546,https://cdn.shopify.com/s/files/1/0836/9167/files/BlueVelvetHAIRDYE_5.jpg?v=1765824098,https://cdn.shopify.com/s/files/1/0836/9167/files/BlueVelvetHAIRDYE_1.jpg?v=1765824098,https://cdn.shopify.com/s/files/1/0836/9167/files/BlueVelvetHAIRDYE_2.jpg?v=1765824098",https://www.beserk.com.au/pages/privacy-policy,https://www.beserk.com.au/pages/terms-and-conditions,https://www.beserk.com.au/pages/beserk-returns,AU,AU
9436725517,"Solar Flare | Hair Dye","Lunar Tides |  Solar Flare Hair Dye Solar Flare is a one of a kind true pastel orange hair colour. Featuring vibrant tones that are highly pigmented to create a long lasting glowing colour! - Semi Permanent - Dyes are non-damaging and do not require developer - We recommend bleaching your hair before application for vibrant results WEIGHT: 4 oz >> 100% Vegan & Cruelty Free NOTE: The shades appear different in the bottle than they do on the hair. Please do a strand test before doing an all over application. Attention first time bleachers: if you have dark hair or previously dyed hair and are planning to bleach your hair prior to dye application, know that you must lift to a pale yellow to platinum colour that is evenly bleached. The colour of the hair prior to applying the dye will impact the shade results. All colours look best on platinum but darker tones will work on light and pale yellow tones of hair. NOTE: The shades appear different in the bottle than they do on the hair. Please do a strand test before doing an all over application. LUNAR TIDES",Beserk,https://www.beserk.com.au/products/solar-flare-hair-dye?variant=34731244749&country=AU,https://cdn.shopify.com/s/files/1/0836/9167/files/lunar-tides-solar-flare-hair-dye-pouch.jpg?v=1765822026,out_of_stock,"21.95 AUD",,"Lunar Tides",,LT9SF118,yes,new,HAIR,,,,,,,0.15,kg,"https://cdn.shopify.com/s/files/1/0836/9167/files/solar-flare-or-hair-dye-beserk-all-clickfrenzy15-2023-cosmetics-discountapp-dye-fp-hair-hair-colour-hair-dye-hair-dyes-hair-orange-labelvegan-luna-tides-lunar-tides-mermaid-orange-pas_55a19f07-889b-42f5-bffe-91491d11c268.jpg?v=1765822026,https://cdn.shopify.com/s/files/1/0836/9167/files/lunar-tides-solar-flare-hair-dye-7.jpg?v=1765822026,https://cdn.shopify.com/s/files/1/0836/9167/files/lunar-tides-solar-flare-hair-dye-1.jpg?v=1765822026,https://cdn.shopify.com/s/files/1/0836/9167/files/SolarFlareHAIRDYE_3.jpg?v=1765824912,https://cdn.shopify.com/s/files/1/0836/9167/files/SolarFlareHAIRDYE_1.jpg?v=1765824912,https://cdn.shopify.com/s/files/1/0836/9167/files/SolarFlareHAIRDYE_2.jpg?v=1765824912",https://www.beserk.com.au/pages/privacy-policy,https://www.beserk.com.au/pages/terms-and-conditions,https://www.beserk.com.au/pages/beserk-returns,AU,AU
9436725581,"Orchid | Hair Dye","Lunar Tides |  Orchid Hair Dye Orchid is a one of a kind vibrant violet hair dye.  Featuring vibrant tones that are highly pigmented to create a long lasting glowing colour! - Semi Permanent - Dyes are non-damaging and do not require developer - We recommend bleaching your hair before application for vibrant results WEIGHT: 4 oz >> 100% Vegan & Cruelty Free NOTE:   The shades appear different in the bottle than they do on the hair. Please do a strand test before doing an all over application. Attention first time bleachers:   if you have dark hair or previously dyed hair and are planning to bleach your hair prior to dye application, know that you must lift to a pale yellow to platinum colour that is evenly bleached. The colour of the hair prior to applying the dye will impact the shade results. All colours look best on platinum but darker tones will work on light and pale yellow tones of hair.  NOTE: The shades appear different in the bottle than they do on the hair. Please do a strand test before doing an all over application. LUNAR TIDES",Beserk,https://www.beserk.com.au/products/orchid-hair-dye?variant=34731244813&country=AU,https://cdn.shopify.com/s/files/1/0836/9167/files/lunar-tides-orchid-hair-dye-pouch.jpg?v=1765821455,in_stock,"21.95 AUD",,"Lunar Tides",,LT9OP118,yes,new,HAIR,,,,,,,0.15,kg,"https://cdn.shopify.com/s/files/1/0836/9167/files/orchid-or-hair-dye-beserk-all-blue-bright-clickfrenzy15-2023-cosmetics-discountapp-dye-fp-hair-hair-colour-hair-dye-hair-dyes-hair-purple-labelvegan-lt3083-luna-tides-lunar-tides-merm_29191457-12b0-4030-a888-2a457e646b66.jpg?v=1765821455,https://cdn.shopify.com/s/files/1/0836/9167/files/lunar-tides-orchid-hair-dye-9.jpg?v=1765821455,https://cdn.shopify.com/s/files/1/0836/9167/files/lunar-tides-orchid-hair-dye-1.jpg?v=1765821455,https://cdn.shopify.com/s/files/1/0836/9167/files/OrchidHAIRDYE_5.jpg?v=1765824833,https://cdn.shopify.com/s/files/1/0836/9167/files/OrchidHAIRDYE_1.jpg?v=1765824834,https://cdn.shopify.com/s/files/1/0836/9167/files/OrchidHAIRDYE_2.jpg?v=1765824833,https://cdn.shopify.com/s/files/1/0836/9167/files/OrchidHAIRDYE_3.jpg?v=1765824833,https://cdn.shopify.com/s/files/1/0836/9167/files/OrchidHAIRDYE_4.jpg?v=1765824833",https://www.beserk.com.au/pages/privacy-policy,https://www.beserk.com.au/pages/terms-and-conditions,https://www.beserk.com.au/pages/beserk-returns,AU,AU
9436725645,"Cyan Sky | Hair Dye","Lunar Tides |  Cyan Sky Hair Dye Cyan sky is a one of a kind vibrant turquoise hair dye. Featuring vibrant tones that are highly pigmented to create a long lasting glowing colour! - Semi Permanent - Dyes are non-damaging and do not require developer - We recommend bleaching your hair before application for vibrant results WEIGHT: 4 oz >> 100% Vegan & Cruelty Free NOTE:   The shades appear different in the bottle than they do on the hair. Please do a strand test before doing an all over application. Attention first time bleachers:   if you have dark hair or previously dyed hair and are planning to bleach your hair prior to dye application, know that you must lift to a pale yellow to platinum colour that is evenly bleached. The colour of the hair prior to applying the dye will impact the shade results. All colours look best on platinum but darker tones will work on light and pale yellow tones of hair. NOTE: The shades appear different in the bottle than they do on the hair. Please do a strand test before doing an all over application. LUNAR TIDES",Beserk,https://www.beserk.com.au/products/cyan-sky-hair-dye?variant=34731244877&country=AU,https://cdn.shopify.com/s/files/1/0836/9167/files/lunar-tides-cyan-sky-hair-dye-pouch.jpg?v=1765803994,in_stock,"21.95 AUD",,"Lunar Tides",,LT9CY118,yes,new,HAIR,,,,,,,0.15,kg,"https://cdn.shopify.com/s/files/1/0836/9167/files/cyan-sky-or-hair-dye-beserk-all-blue-clickfrenzy15-2023-cosmetics-discountapp-dye-fp-hair-hair-blue-hair-colour-hair-dye-hair-dyes-labelvegan-lt3083-luna-tides-lunar-tides-mermaid-tur_de72a91b-c48e-4ab5-8289-9d477e2316a7.jpg?v=1765803994,https://cdn.shopify.com/s/files/1/0836/9167/files/cyan-sky-or-hair-dye-beserk-all-blue-clickfrenzy15-2023-cosmetics-discountapp-dye-fp-hair-hair-blue-hair-colour-hair-dye-hair-dyes-labelvegan-lt3083-luna-tides-lunar-tides-mermaid-tur_dd958fd0-b829-483b-86f9-a248680796f2.jpg?v=1765803994,https://cdn.shopify.com/s/files/1/0836/9167/files/lunar-tides-cyan-sky-hair-dye-8.jpg?v=1765803994,https://cdn.shopify.com/s/files/1/0836/9167/files/lunar-tides-cyan-sky-hair-dye-1.jpg?v=1765803994,https://cdn.shopify.com/s/files/1/0836/9167/files/CyanSkyHAIRDYE_5.jpg?v=1765824130,https://cdn.shopify.com/s/files/1/0836/9167/files/CyanSkyHAIRDYE_1.jpg?v=1765824130,https://cdn.shopify.com/s/files/1/0836/9167/files/CyanSkyHAIRDYE_2.jpg?v=1765824130,https://cdn.shopify.com/s/files/1/0836/9167/files/CyanSkyHAIRDYE_3.jpg?v=1765824130,https://cdn.shopify.com/s/files/1/0836/9167/files/CyanSkyHAIRDYE_4.jpg?v=1765824130",https://www.beserk.com.au/pages/privacy-policy,https://www.beserk.com.au/pages/terms-and-conditions,https://www.beserk.com.au/pages/beserk-returns,AU,AU
9436725709,"Plum Purple | Hair Dye","Lunar Tides |  Plum Purple Hair Dye Plum Purple is a one of a kind highly pigmented dark magenta dye.  Featuring vibrant tones that are highly pigmented to create a long lasting glowing colour! - Semi Permanent - Dyes are non-damaging and do not require developer - We recommend bleaching your hair before application for vibrant results WEIGHT: 4 oz >> 100% Vegan & Cruelty Free NOTE:   The shades appear different in the bottle than they do on the hair. Please do a strand test before doing an all over application. Attention first time bleachers:   if you have dark hair or previously dyed hair and are planning to bleach your hair prior to dye application, know that you must lift to a pale yellow to platinum colour that is evenly bleached. The colour of the hair prior to applying the dye will impact the shade results. All colours look best on platinum but darker tones will work on light and pale yellow tones of hair.  NOTE: The shades appear different in the bottle than they do on the hair. Please do a strand test before doing an all over application. LUNAR TIDES  ",Beserk,https://www.beserk.com.au/products/plum-purple-hair-dye?variant=34731244941&country=AU,https://cdn.shopify.com/s/files/1/0836/9167/files/lunar-tides-plum-purple-hair-dye-pouch.jpg?v=1765821489,out_of_stock,"21.95 AUD",,"Lunar Tides",,LT9PL118,yes,new,HAIR,,,,,,,0.15,kg,"https://cdn.shopify.com/s/files/1/0836/9167/files/lunar-tides-plum-purple-hair-dye-8.jpg?v=1765821489,https://cdn.shopify.com/s/files/1/0836/9167/files/lunar-tides-plum-purple-hair-dye-1.jpg?v=1765821489,https://cdn.shopify.com/s/files/1/0836/9167/files/PlumPurpleHAIRDYE_4.jpg?v=1765824851,https://cdn.shopify.com/s/files/1/0836/9167/files/PlumPurpleHAIRDYE_1.jpg?v=1765824852,https://cdn.shopify.com/s/files/1/0836/9167/files/PlumPurpleHAIRDYE_1_-1.jpg?v=1765824852,https://cdn.shopify.com/s/files/1/0836/9167/files/PlumPurpleHAIRDYE_2.jpg?v=1765824851,https://cdn.shopify.com/s/files/1/0836/9167/files/PlumPurpleHAIRDYE_3.jpg?v=1765824852",https://www.beserk.com.au/pages/privacy-policy,https://www.beserk.com.au/pages/terms-and-conditions,https://www.beserk.com.au/pages/beserk-returns,AU,AU
9436725773,"Smokey Navy | Hair Dye","Lunar Tides |  Smoked Navy Hair Dye Smoked Navy is a one of a kind medium blue hair shade with grey undertones.  Featuring vibrant tones that are highly pigmented to create a long lasting glowing colour! - Semi Permanent - Dyes are non-damaging and do not require developer - We recommend bleaching your hair before application for vibrant results WEIGHT: 4 oz >> 100% Vegan & Cruelty Free NOTE:   The shades appear different in the bottle than they do on the hair. Please do a strand test before doing an all over application. Attention first time bleachers:   if you have dark hair or previously dyed hair and are planning to bleach your hair prior to dye application, know that you must lift to a pale yellow to platinum colour that is evenly bleached. The colour of the hair prior to applying the dye will impact the shade results. All colours look best on platinum but darker tones will work on light and pale yellow tones of hair.  NOTE: The shades appear different in the bottle than they do on the hair. Please do a strand test before doing an all over application. LUNAR TIDES",Beserk,https://www.beserk.com.au/products/smoked-navy-hair-dye?variant=34731245005&country=AU,https://cdn.shopify.com/s/files/1/0836/9167/files/lunar-tides-smokey-navy-hair-dye-pouch.jpg?v=1765821995,out_of_stock,"21.95 AUD",,"Lunar Tides",,LT9SN118,yes,new,HAIR,,,,,,,0.15,kg,"https://cdn.shopify.com/s/files/1/0836/9167/files/smokey-navy-or-hair-dye-beserk-all-blue-clickfrenzy15-2023-cosmetics-discountapp-dye-fp-goth-hair-hair-blue-hair-colour-hair-dye-hair-dyes-labelvegan-luna-tides-lunar-tides-vegan-3.jpg?v=1765821995,https://cdn.shopify.com/s/files/1/0836/9167/files/smokey-navy-or-hair-dye-beserk-all-blue-clickfrenzy15-2023-cosmetics-discountapp-dye-fp-goth-hair-hair-blue-hair-colour-hair-dye-hair-dyes-labelvegan-luna-tides-lunar-tides-vegan-4.jpg?v=1765821995,https://cdn.shopify.com/s/files/1/0836/9167/files/lunar-tides-smokey-navy-hair-dye-7.jpg?v=1765821995,https://cdn.shopify.com/s/files/1/0836/9167/files/lunar-tides-smokey-navy-hair-dye-6.jpg?v=1765821995,https://cdn.shopify.com/s/files/1/0836/9167/files/lunar-tides-smokey-navy-hair-dye-1.jpg?v=1765821995,https://cdn.shopify.com/s/files/1/0836/9167/files/lunar-tides-smokey-navy-hair-dye-5.jpg?v=1765821995,https://cdn.shopify.com/s/files/1/0836/9167/files/SmokeyNavyHAIRDYE_5.jpg?v=1765824894,https://cdn.shopify.com/s/files/1/0836/9167/files/SmokeyNavyHAIRDYE_1.jpg?v=1765824894,https://cdn.shopify.com/s/files/1/0836/9167/files/SmokeyNavyHAIRDYE_2.jpg?v=1765824894,https://cdn.shopify.com/s/files/1/0836/9167/files/SmokeyNavyHAIRDYE_3.jpg?v=1765824894",https://www.beserk.com.au/pages/privacy-policy,https://www.beserk.com.au/pages/terms-and-conditions,https://www.beserk.com.au/pages/beserk-returns,AU,AU
9436725965,"Fuchsia Pink | Hair Dye","Lunar Tides | Fuchsia Pink Hair Dye Fuchsia Pink is a one of a kind highly pigmented dark fuchsia hair dye.  Featuring vibrant tones that are highly pigmented to create a long lasting glowing colour! - Semi Permanent - Dyes are non-damaging and do not require developer - We recommend bleaching your hair before application for vibrant results WEIGHT: 4 oz >> 100% Vegan & Cruelty Free NOTE:   The shades appear different in the bottle than they do on the hair. Please do a strand test before doing an all over application. Attention first time bleachers:   if you have dark hair or previously dyed hair and are planning to bleach your hair prior to dye application, know that you must lift to a pale yellow to platinum colour that is evenly bleached. The colour of the hair prior to applying the dye will impact the shade results. All colours look best on platinum but darker tones will work on light and pale yellow tones of hair.  NOTE: The shades appear different in the bottle than they do on the hair. Please do a strand test before doing an all over application. LUNAR TIDES",Beserk,https://www.beserk.com.au/products/fuchsia-pink-hair-dye?variant=34731246605&country=AU,https://cdn.shopify.com/s/files/1/0836/9167/files/lunar-tides-fuchsia-pink-hair-dye-pouch.jpg?v=1765804037,in_stock,"21.95 AUD",,"Lunar Tides",,LT9FP118,yes,new,HAIR,,,,,,,0.15,kg,"https://cdn.shopify.com/s/files/1/0836/9167/files/fuchsia-pink-or-hair-dye-beserk-all-clickfrenzy15-2023-cosmetics-dark-pink-discountapp-dye-fp-fuchsia-hair-hair-colour-hair-dye-hair-dyes-hair-pink-labelvegan-lt3083-luna-tides-lunar_b0a94915-1417-44ad-92bf-dd3da1edf416.jpg?v=1765804037,https://cdn.shopify.com/s/files/1/0836/9167/files/fuchsia-pink-or-hair-dye-beserk-all-clickfrenzy15-2023-cosmetics-dark-pink-discountapp-dye-fp-fuchsia-hair-hair-colour-hair-dye-hair-dyes-hair-pink-labelvegan-lt3083-luna-tides-lunar_e9fe1e9f-4c52-4569-9309-cf99b607fb91.jpg?v=1765804037,https://cdn.shopify.com/s/files/1/0836/9167/files/lunar-tides-fuchsia-pink-hair-dye-8.jpg?v=1765804037,https://cdn.shopify.com/s/files/1/0836/9167/files/lunar-tides-fuchsia-pink-hair-dye-1.jpg?v=1765804037,https://cdn.shopify.com/s/files/1/0836/9167/files/FuchsiaPinkHAIRDYE_5.jpg?v=1765824520,https://cdn.shopify.com/s/files/1/0836/9167/files/FuchsiaPinkHAIRDYE_1.jpg?v=1765824520,https://cdn.shopify.com/s/files/1/0836/9167/files/FuchsiaPinkHAIRDYE_2.jpg?v=1765824520,https://cdn.shopify.com/s/files/1/0836/9167/files/FuchsiaPinkHAIRDYE_3.jpg?v=1765824520,https://cdn.shopify.com/s/files/1/0836/9167/files/FuchsiaPinkHAIRDYE_4.jpg?v=1765824520",https://www.beserk.com.au/pages/privacy-policy,https://www.beserk.com.au/pages/terms-and-conditions,https://www.beserk.com.au/pages/beserk-returns,AU,AU
9436726029,"Smokey Teal | Hair Dye","Lunar Tides |  Smokey Teal Hair Dye Smokey Teal is a one of a kind medium teal hair shade with grey undertones. Featuring vibrant tones that are highly pigmented to create a long lasting glowing colour! - Semi Permanent - Dyes are non-damaging and do not require developer - We recommend bleaching your hair before application for vibrant results WEIGHT: 4 oz >> 100% Vegan & Cruelty Free NOTE:   The shades appear different in the bottle than they do on the hair. Please do a strand test before doing an all over application. Attention first time bleachers:   if you have dark hair or previously dyed hair and are planning to bleach your hair prior to dye application, know that you must lift to a pale yellow to platinum colour that is evenly bleached. The colour of the hair prior to applying the dye will impact the shade results. All colours look best on platinum but darker tones with work on light and pale yellow tones of hair.  NOTE: The shades appear different in the bottle than they do on the hair. Please do a strand test before doing an all over application. LUNAR TIDES",Beserk,https://www.beserk.com.au/products/smokey-teal-hair-dye?variant=34731246797&country=AU,https://cdn.shopify.com/s/files/1/0836/9167/files/lunar-tides-smokey-teal-hair-dye-pouch.jpg?v=1765822014,in_stock,"21.95 AUD",,"Lunar Tides",,LT9ST118,yes,new,HAIR,,,,,,,0.15,kg,"https://cdn.shopify.com/s/files/1/0836/9167/files/smokey-teal-or-hair-dye-beserk-420sale-all-blue-clickfrenzy15-2023-cosmetics-discountapp-dye-fp-goth-green-hair-hair-blue-hair-colour-hair-dye-hair-dyes-hair-green-hair-turquoise-labe_9b5bae8e-7c28-4fda-b9c3-4aab05a86b25.jpg?v=1765822014,https://cdn.shopify.com/s/files/1/0836/9167/files/lunar-tides-smokey-teal-hair-dye-7.jpg?v=1765822014,https://cdn.shopify.com/s/files/1/0836/9167/files/lunar-tides-smokey-teal-hair-dye-1.jpg?v=1765822014,https://cdn.shopify.com/s/files/1/0836/9167/files/SmokeyTealHAIRDYE_4.jpg?v=1765824906,https://cdn.shopify.com/s/files/1/0836/9167/files/SmokeyTealHAIRDYE_1.jpg?v=1765824906,https://cdn.shopify.com/s/files/1/0836/9167/files/SmokeyTealHAIRDYE_1_-1.jpg?v=1765824906,https://cdn.shopify.com/s/files/1/0836/9167/files/SmokeyTealHAIRDYE_2.jpg?v=1765824905,https://cdn.shopify.com/s/files/1/0836/9167/files/SmokeyTealHAIRDYE_3.jpg?v=1765824906",https://www.beserk.com.au/pages/privacy-policy,https://www.beserk.com.au/pages/terms-and-conditions,https://www.beserk.com.au/pages/beserk-returns,AU,AU
9436729101,"Lychee | Hair Dye","Lunar Tides |  Lychee Hair Dye Lychee is a one of a kind vibrant hot pink hair dye. Featuring vibrant tones that are highly pigmented to create a long lasting glowing colour! - Semi Permanent - Dyes are non-damaging and do not require developer - We recommend bleaching your hair before application for vibrant results WEIGHT: 4 oz >> 100% Vegan & Cruelty Free NOTE:   The shades appear different in the bottle than they do on the hair. Please do a strand test before doing an all over application. Attention first time bleachers:   if you have dark hair or previously dyed hair and are planning to bleach your hair prior to dye application, know that you must lift to a pale yellow to platinum colour that is evenly bleached. The colour of the hair prior to applying the dye will impact the shade results. All colours look best on platinum but darker tones with work on light and pale yellow tones of hair.  NOTE: The shades appear different in the bottle than they do on the hair. Please do a strand test before doing an all over application. LUNAR TIDES",Beserk,https://www.beserk.com.au/products/lychee-hair-dye?variant=34731273869&country=AU,https://cdn.shopify.com/s/files/1/0836/9167/files/lunar-tides-lychee-hair-dye-pouch_8bad6298-47f6-43cf-a2a7-d7afcc0dd631.jpg?v=1765804433,in_stock,"21.95 AUD",,"Lunar Tides",,LT9LP118,yes,new,HAIR,,,,,,,0.15,kg,"https://cdn.shopify.com/s/files/1/0836/9167/files/lychee-or-hair-dye-beserk-all-bright-clickfrenzy15-2023-cosmetics-discountapp-dye-fp-hair-hair-colour-hair-dye-hair-dyes-hair-pink-labelvegan-luna-tides-lunar-tides-mermaid-pink-vegan_9e8ac645-5157-431b-b569-8d5ae707b597.jpg?v=1765804433,https://cdn.shopify.com/s/files/1/0836/9167/files/lunar-tides-lychee-hair-dye-8.jpg?v=1765804433,https://cdn.shopify.com/s/files/1/0836/9167/files/lunar-tides-lychee-hair-dye-1.jpg?v=1765804433,https://cdn.shopify.com/s/files/1/0836/9167/files/LycheePinkHAIRDYE_236ML_4_c37ef269-defe-41df-8997-120b0861661c.jpg?v=1765824568,https://cdn.shopify.com/s/files/1/0836/9167/files/LycheePinkHAIRDYE_236ML_1_2ac8f2b7-1499-4afc-bccf-27f96ad4180a.jpg?v=1765824568,https://cdn.shopify.com/s/files/1/0836/9167/files/LycheePinkHAIRDYE_236ML_1_-1_f763e955-ac34-4b85-90bc-c934efde3a5e.jpg?v=1765824568,https://cdn.shopify.com/s/files/1/0836/9167/files/LycheePinkHAIRDYE_236ML_2_592eefb4-0fcc-4f21-96e8-d72f82cdc5ad.jpg?v=1765824568,https://cdn.shopify.com/s/files/1/0836/9167/files/LycheePinkHAIRDYE_236ML_3_598358c8-a344-4000-8f52-440f7844e95a.jpg?v=1765824568",https://www.beserk.com.au/pages/privacy-policy,https://www.beserk.com.au/pages/terms-and-conditions,https://www.beserk.com.au/pages/beserk-returns,AU,AU
9436840781,"Clown White | FOUNDATION [65g]","Clown White | FOUNDATION [65gm] Consistency in quality and coverage are what makes Mehron’s Clown White the first choice of professional clowns and mimes. This super smooth, ultra-white cream covers efficiently without dryness or cracking, even under the most demanding performance conditions. Mehron uses a high concentration of titanium dioxide and formulates the base to a smooth, easy to work with consistency. How to use this product: For easy and smoothing application, warm Clown White in the palm of the hand before dabbing onto the skin. Apply with a foam applicator or fingertips using a ""patting"" technique to eliminate streaking. Set with Powder using a Powder Puff. Remove with Makeup Remover or Cold Cream followed by soap and water. WEIGHT: 65g/2.25oz Not tested on animals. Please Note:  We recommend that you patch test any new product before its continued usage. If any redness or itching occurs do not continue use.  MEHRON MAKEUP",Beserk,https://www.beserk.com.au/products/clown-white-foundation-65gm?variant=34732687501&country=AU,https://cdn.shopify.com/s/files/1/0836/9167/files/clown-white-or-foundation-65g-beserk-all-body-clickfrenzy15-2023-cosmetics-cosplay-cpgstinc-discountapp-face-face-paint-foundation-fp-gothic-halloween-halloween-makeup-mehron-makeup-r.jpg?v=1687777156,in_stock,"17.95 AUD",,"Mehron Makeup",,MH-130-65g,yes,new,MAKEUP,,,,,,,0.1,kg,"https://cdn.shopify.com/s/files/1/0836/9167/files/clown-white-or-foundation-65g-beserk-all-body-clickfrenzy15-2023-cosmetics-cosplay-cpgstinc-discountapp-face-face-paint-foundation-fp-gothic-halloween-halloween-makeup-mehron-makeup-r_41452f75-78bd-41cb-8a85-2aed471c35aa.jpg?v=1740239384,https://cdn.shopify.com/s/files/1/0836/9167/files/clown-white-or-foundation-65g-beserk-all-body-clickfrenzy15-2023-cosmetics-cosplay-cpgstinc-discountapp-face-face-paint-foundation-fp-gothic-halloween-halloween-makeup-mehron-makeup-r_cef37870-b6fc-4331-9866-7238af78ac67.jpg?v=1740239384",https://www.beserk.com.au/pages/privacy-policy,https://www.beserk.com.au/pages/terms-and-conditions,https://www.beserk.com.au/pages/beserk-returns,AU,AU
9436840909,"Barrier | Setting Spray [60Ml]","Mehron’s Barrier Spray™ is a clear liquid spray that sets makeup designs and helps protect sensitive skin from makeup, latex and other adhesives. Great for extending the wear of makeup applications for Modeling, TV, Stage, Clowning, Face Painting, Halloween, Special Effects and Photography! HOW TO USE:  As an under makeup protection, mist Barrier Spray on clean dry face. This will help keep sweat from coming through the makeup. Once the makeup application is complete, mist Barrier Spray over the entire face to seal the makeup. This also prevents makeup from rubbing off on costumes. Remove with Makeup Remover followed by soap and water. WEIGHT: 60ml/2oz 100% Vegan and Cruelty-Free! MEHRON MAKEUP",Beserk,https://www.beserk.com.au/products/barrier-setting-spray-60ml?variant=34732687629&country=AU,https://cdn.shopify.com/s/files/1/0836/9167/files/barrier-or-setting-spray-60ml-beserk-all-body-brushes-and-tools-christmas-cosmetics-clickfrenzy15-2023-cosmetics-cosplay-cpgstinc-discountapp-face-fp-halloween-makeup-labelvegan-make.jpg?v=1687777156,out_of_stock,"22.95 AUD",,"Mehron Makeup",,MH-145-60ml,yes,new,MAKEUP,,,,,,,0.72,kg,https://cdn.shopify.com/s/files/1/0836/9167/files/barrier-or-setting-spray-60ml-beserk-all-body-brushes-and-tools-christmas-cosmetics-clickfrenzy15-2023-cosmetics-cosplay-cpgstinc-discountapp-face-fp-halloween-makeup-labelvegan-make_c480c074-d38b-4938-9426-d35e44b8b76b.jpg?v=1687777168,https://www.beserk.com.au/pages/privacy-policy,https://www.beserk.com.au/pages/terms-and-conditions,https://www.beserk.com.au/pages/beserk-returns,AU,AU
9436990029,"Alabaster | Creamblend Stick","Mehron's CreamBlend Stick Makeup is a highly pigmented, full-coverage cream makeup designed to withstand extreme performance conditions, including Broadway's hot stage lights. This vegan formula is easy to blend, lightweight on the skin, and has a natural finish. CreamBlend is ideal for stage makeup, pro beauty, Halloween, cosplay, clown makeup, and face and body painting. Bring any character to life with this pigment-packed pro formula! How to use: Apply directly to the skin or use a spatula and mixing palette to scoop desired colors. Blend into the skin with a sponge or a foundation brush. Set the makeup with Mehron Setting Powder when the desired blend is achieved. Shades of red, yellow, and orange are not recommended for use on the eyes nor blue and green on the lips. Remove with Makeup Remover followed by soap and water. Weight:  0.75 oz (21 g) container with twist dispenser. 100% Vegan and not tested on animals. Please Note:  We recommend that you patch test any new product before its continued usage. If any redness or itching occurs do not continue use.  MEHRON MAKEUP",Beserk,https://www.beserk.com.au/products/alabaster-creamblend-stick?variant=34734416205&country=AU,https://cdn.shopify.com/s/files/1/0836/9167/files/alabaster-or-creamblend-stick-beserk-all-body-clickfrenzy15-2023-cosmetics-cosplay-cpgstinc-discountapp-face-face-paint-foundation-fp-gothic-halloween-halloween-cosmetics-halloween-ma.jpg?v=1687777191,in_stock,"24.95 AUD",,"Mehron Makeup",,MH-4001B,yes,new,MAKEUP,,,,,,,0.05,kg,"https://cdn.shopify.com/s/files/1/0836/9167/files/alabaster-or-creamblend-stick-beserk-all-body-clickfrenzy15-2023-cosmetics-cosplay-cpgstinc-discountapp-face-face-paint-foundation-fp-gothic-halloween-halloween-cosmetics-halloween-ma_ef3368eb-473e-4eb6-b03f-97727cecbf29.jpg?v=1687777194,https://cdn.shopify.com/s/files/1/0836/9167/files/alabaster-or-creamblend-stick-beserk-all-body-clickfrenzy15-2023-cosmetics-cosplay-cpgstinc-discountapp-face-face-paint-foundation-fp-gothic-halloween-halloween-cosmetics-halloween-ma_b42aa7fe-7e8d-4cfe-ab72-de4bac45fd0e.jpg?v=1687777196",https://www.beserk.com.au/pages/privacy-policy,https://www.beserk.com.au/pages/terms-and-conditions,https://www.beserk.com.au/pages/beserk-returns,AU,AU
9437015117,"White | Propencil Slim","White | PROPENCIL SLIM The premier makeup pencil today, offering unparalleled uniformity and rich bold color to create the most intricate designs. Silky smooth, ultra-creamy pencils glide on with ease. Enclosed in a sturdy composite casing. ProPencils sharpen beautifully with our ProPencil Dual Sharpener. How to use this product: Draw designs or outline shapes to indicate placement of makeup. Set finished makeup with Colorset Powder. Remove with Makeup Remover or Cold Cream followed by soap and water. Artist Hint:  For a perfect point, put pencil in freezer for a few minutes before sharpening. WEIGHT:  .04 oz (1.13 g) Not tested on animals. Please Note:  We recommend that you patch test any new product before its continued usage. If any redness or itching occurs do not continue use.  MEHRON MAKEUP",Beserk,https://www.beserk.com.au/products/white-propencil-slim?variant=34734628109&country=AU,https://cdn.shopify.com/s/files/1/0836/9167/files/white-or-propencil-slim-beserk-all-christmas-cosmetics-clickfrenzy15-2023-cosmetics-cosplay-cpgstinc-discountapp-eyeliner-eyes-fp-halloween-halloween-makeup-liner-mehron-makeup-tomfoo.jpg?v=1687777191,in_stock,"14.95 AUD",,"Mehron Makeup",,"MH-114S-W 114SW",yes,new,MAKEUP,,,,,,,0.024,kg,https://cdn.shopify.com/s/files/1/0836/9167/files/white-or-propencil-slim-beserk-all-christmas-cosmetics-clickfrenzy15-2023-cosmetics-cosplay-cpgstinc-discountapp-eyeliner-eyes-fp-halloween-halloween-makeup-liner-mehron-makeup-tomfoo_85a1fb65-6244-4fca-88da-7379a09bd076.jpg?v=1687777194,https://www.beserk.com.au/pages/privacy-policy,https://www.beserk.com.au/pages/terms-and-conditions,https://www.beserk.com.au/pages/beserk-returns,AU,AU
9437018701,"Black | Creamblend Stick","Mehron's CreamBlend Stick Makeup is a highly pigmented, full-coverage cream makeup designed to withstand extreme performance conditions, including Broadway's hot stage lights. This vegan formula is easy to blend, lightweight on the skin, and has a natural finish. CreamBlend is ideal for stage makeup, pro beauty, Halloween, cosplay, clown makeup, and face and body painting. Bring any character to life with this pigment-packed pro formula! How to use: Apply directly to the skin or use a spatula and mixing palette to scoop desired colors. Blend into the skin with a sponge or a foundation brush. Set the makeup with Mehron Setting Powder when the desired blend is achieved. Shades of red, yellow, and orange are not recommended for use on the eyes nor blue and green on the lips. Remove with Makeup Remover followed by soap and water. Weight:  0.75 oz (21 g) container with twist dispenser. 100% Vegan and not tested on animals. Please Note:  We recommend that you patch test any new product before its continued usage. If any redness or itching occurs do not continue use.  MEHRON MAKEUP",Beserk,https://www.beserk.com.au/products/black-creamblend-stick?variant=34734657293&country=AU,https://cdn.shopify.com/s/files/1/0836/9167/files/black-or-creamblend-stick-beserk-all-black-body-clickfrenzy15-2023-cosmetics-cosplay-cpgstinc-discountapp-face-foundation-fp-gothic-halloween-halloween-makeup-labelvegan-make-up-makeu.jpg?v=1687777215,in_stock,"24.95 AUD",,"Mehron Makeup",,MH-400B,yes,new,MAKEUP,,,,,,,0.05,kg,"https://cdn.shopify.com/s/files/1/0836/9167/files/sfx-makeup-gabbycarbon-beserk-mothman-makeup-3.jpg?v=1785974707,https://cdn.shopify.com/s/files/1/0836/9167/files/sfx-makeup-gabbycarbon-beserk-mothman-makeup-5.jpg?v=1785974707,https://cdn.shopify.com/s/files/1/0836/9167/files/sfx-makeup-gabbycarbon-beserk-mothman-makeup-2.jpg?v=1785974707,https://cdn.shopify.com/s/files/1/0836/9167/files/sfx-makeup-gabbycarbon-beserk-mothman-makeup-4.jpg?v=1785974707,https://cdn.shopify.com/s/files/1/0836/9167/files/sfx-makeup-gabbycarbon-beserk-mothman-makeup-1.jpg?v=1785974707,https://cdn.shopify.com/s/files/1/0836/9167/files/black-or-creamblend-stick-beserk-all-black-body-clickfrenzy15-2023-cosmetics-cosplay-cpgstinc-discountapp-face-foundation-fp-gothic-halloween-halloween-makeup-labelvegan-make-up-makeu_b90173a3-4dd8-4df9-abde-d7ea52cf90be.jpg?v=1687777218,https://cdn.shopify.com/s/files/1/0836/9167/files/black-or-creamblend-stick-beserk-all-black-body-clickfrenzy15-2023-cosmetics-cosplay-cpgstinc-discountapp-face-foundation-fp-gothic-halloween-halloween-makeup-labelvegan-make-up-makeu_5c98221c-05c3-474f-b4fd-e0ba728e2a9e.jpg?v=1687777220,https://cdn.shopify.com/s/files/1/0836/9167/files/black-or-creamblend-stick-beserk-all-black-body-clickfrenzy15-2023-cosmetics-cosplay-cpgstinc-discountapp-face-foundation-fp-gothic-halloween-halloween-makeup-labelvegan-make-up-makeu_f6a91b7d-4ee9-4884-a702-ff7e27557e41.jpg?v=1687777223",https://www.beserk.com.au/pages/privacy-policy,https://www.beserk.com.au/pages/terms-and-conditions,https://www.beserk.com.au/pages/beserk-returns,AU,AU
9437143949,"Magnetic Sand | Timer","Create awesome magnetic sculptures. Fun new twist on the class sand timer, replacing sand with metal and magnets. As the iron fillings drop down and interact with the magnetic force at the bottom, they form interesting structures. Two piece set feature hourglass and metal stand Size: 12.5cm high x 5cm wide",Beserk,https://www.beserk.com.au/products/magnetic-sand-timer?variant=34735701069&country=AU,https://cdn.shopify.com/s/files/1/0836/9167/files/homewares-magnetic-sand-timer-1.jpg?v=1746261964,in_stock,"15.95 AUD",,Homewares,,M-WM-MST,yes,new,"HOME ADDITIONS",,,,,,,0.35,kg,"https://cdn.shopify.com/s/files/1/0836/9167/files/homewares-magnetic-sand-timer-2.jpg?v=1746261964,https://cdn.shopify.com/s/files/1/0836/9167/files/homewares-magnetic-sand-timer_1.jpg?v=1782173075,https://cdn.shopify.com/s/files/1/0836/9167/files/homewares-magnetic-sand-timer_2.jpg?v=1782173075,https://cdn.shopify.com/s/files/1/0836/9167/files/homewares-magnetic-sand-timer-7.jpg?v=1746261964,https://cdn.shopify.com/s/files/1/0836/9167/files/homewares-magnetic-sand-timer-6_921cacb5-968f-48a8-b754-1f9c20a4485c.jpg?v=1746261964,https://cdn.shopify.com/s/files/1/0836/9167/files/homewares-magnetic-sand-timer-3.jpg?v=1746261964,https://cdn.shopify.com/s/files/1/0836/9167/files/homewares-magnetic-sand-timer-4.jpg?v=1746261964,https://cdn.shopify.com/s/files/1/0836/9167/files/homewares-magnetic-sand-timer-5_50ebaf56-1ab9-4be7-a300-2ba73e8e4e10.jpg?v=1746261928",https://www.beserk.com.au/pages/privacy-policy,https://www.beserk.com.au/pages/terms-and-conditions,https://www.beserk.com.au/pages/beserk-returns,AU,AU
9437166157,"Trinket | Liquid Lip Colour","Sugarpill's very first liquid lipstick, and the original matte-to-sparkle ""time-release formula"" that started it all! Creamy matte mauve infused with luminous golden sparkles that shine brighter as the formula sets. Ultra-pigmented and super long-lasting. Our creamy, mousse-like formula never feels dry on your lips! Creamsicle scented. 100% Vegan & Cruelty-Free! Net Wt.:   6 grams /.21 oz. Please Note: We recommend that you patch test any new product before its continued usage. If any redness or itching occurs do not continue use.  SUGARPILL Shop all Sugarpill",Beserk,https://www.beserk.com.au/products/trinket-liquid-lip-colour?variant=34735930637&country=AU,https://cdn.shopify.com/s/files/1/0836/9167/files/trinket-or-liquid-lip-colour-beserk-all-beserkstaple-clickfrenzy15-2023-cosmetics-discountapp-fp-kawaii-labelvegan-lips-lipstick-liquid-lipstick-make-up-makeup-pastel-goth-pink-shimme.jpg?v=1687777215,in_stock,"28.95 AUD",,Sugarpill,,"SG-LIQUID-TRIN LL001",yes,new,MAKEUP,,,,,,,0.03,kg,"https://cdn.shopify.com/s/files/1/0836/9167/files/trinket-or-liquid-lip-colour-beserk-all-beserkstaple-clickfrenzy15-2023-cosmetics-discountapp-fp-kawaii-labelvegan-lips-lipstick-liquid-lipstick-make-up-makeup-pastel-goth-pink-shimme_9943e7c7-d9f7-4936-b681-6c5bcd07a8cd.jpg?v=1687777218,https://cdn.shopify.com/s/files/1/0836/9167/files/trinket-or-liquid-lip-colour-beserk-all-beserkstaple-clickfrenzy15-2023-cosmetics-discountapp-fp-kawaii-labelvegan-lips-lipstick-liquid-lipstick-make-up-makeup-pastel-goth-pink-shimme_9bccc4d6-b1db-4f1f-bd67-2e38ce6e5387.jpg?v=1687777220,https://cdn.shopify.com/s/files/1/0836/9167/files/trinket-or-liquid-lip-colour-beserk-all-beserkstaple-clickfrenzy15-2023-cosmetics-discountapp-fp-kawaii-labelvegan-lips-lipstick-liquid-lipstick-make-up-makeup-pastel-goth-pink-shimme_08929db2-a3a8-4d82-b5c3-2954a25eb5b4.jpg?v=1687777223,https://cdn.shopify.com/s/files/1/0836/9167/files/trinket-or-liquid-lip-colour-beserk-all-beserkstaple-clickfrenzy15-2023-cosmetics-discountapp-fp-kawaii-labelvegan-lips-lipstick-liquid-lipstick-make-up-makeup-pastel-goth-pink-shimme_a8d40ee9-8ea2-4d5b-9e05-c10e7d51878e.jpg?v=1687777225,https://cdn.shopify.com/s/files/1/0836/9167/files/trinket-or-liquid-lip-colour-beserk-all-beserkstaple-clickfrenzy15-2023-cosmetics-discountapp-fp-kawaii-labelvegan-lips-lipstick-liquid-lipstick-make-up-makeup-pastel-goth-pink-shimme_c7b567ca-8686-469e-a0e6-651ecbb1e6ae.jpg?v=1687777227,https://cdn.shopify.com/s/files/1/0836/9167/files/trinket-or-liquid-lip-colour-beserk-all-beserkstaple-clickfrenzy15-2023-cosmetics-discountapp-fp-kawaii-labelvegan-lips-lipstick-liquid-lipstick-make-up-makeup-pastel-goth-pink-shimme_47ce1659-c519-426d-aab1-bea2b14c47d0.jpg?v=1687777230",https://www.beserk.com.au/pages/privacy-policy,https://www.beserk.com.au/pages/terms-and-conditions,https://www.beserk.com.au/pages/beserk-returns,AU,AU
9437328077,"Heart Net Ruffle Trim [Black] | Ankle Socks","These ankle socks are a perfect combination to any outfit! Pair with Mary Janes for a pastel goth vibe. Material: 100% Nylon Size: One Size [approx 6-14] MUSIC LEGS",Beserk,https://www.beserk.com.au/products/heart-net-ruffle-trim-black-ankle-socks?variant=34737362765&country=AU,https://cdn.shopify.com/s/files/1/0836/9167/files/heart-net-ruffle-trim-black-or-ankle-socks-beserk-all-all-clothing-ankle-socks-black-bravenkrazy-clickfrenzy15-2023-cpgstinc-discountapp-fp-heart-heart-shape-hearts-hosiery-hosiery-an.jpg?v=1687777253,in_stock,"12.95 AUD",,"Music Legs",,ML-515-BK,yes,new,SOCKS,,,,,,,0.04,kg,https://cdn.shopify.com/s/files/1/0836/9167/files/heart-net-ruffle-trim-black-or-ankle-socks-beserk-all-all-clothing-ankle-socks-black-bravenkrazy-clickfrenzy15-2023-cpgstinc-discountapp-fp-heart-heart-shape-hearts-hosiery-hosiery-an_b2b4c382-7480-42bf-b022-c8880dad7673.jpg?v=1687777256,https://www.beserk.com.au/pages/privacy-policy,https://www.beserk.com.au/pages/terms-and-conditions,https://www.beserk.com.au/pages/beserk-returns,AU,AU
9437551885,"Graphite | Hair Colour","SMOKE 'EM OUT SILVER. Crazy Colour Semi-permanent bright & bold hair colour! It’s never too early to go grey - Crazy Color Graphite is a pale charcoal tone to give a dusky steely grey look. For any grey shades hair must be completely platinum at level 9 or 10 before application. 100% Vegan and Cruelty Free! To get the best result from your Crazy Color hair dye we recommend you use it on pre-lightened hair, but it can also be used as a tint on natural hair. This dye is a semi-permanent colour which means it will fade with every wash, but should last approx 4-8 washes depending on hair condition & type. WEIGHT:  100ml INSTRUCTIONS : - Strand & sensitivity tests are always recommended before any sort of dye is applied. - Shampoo your hair with a PH neutral shampoo, don't use conditioner, towel dry your hair. - Apply Crazy Color directly while hair is still damp, spreading evenly over the hair (wear gloves). - Leave for 15/30 minutes, then rinse thoroughly until water runs clear. TIPS : - Avoid dandruff or harsh shampoos. These can strip colour like there is no tomorrow! - Use a sulphate free or color friendly shampoo & wash as little as possible. Colour will be lost after each wash so avoid over-washing! - Rinse hair with cold water, post shampooing. It closes the hair cuticles and seals in maximum colour. - Too much direct sunlight will strip all that edgy Crazy Color right out. - Avoid swimming. Chlorine is another nasty product that will strip the life and color from your lovely hair. Please Note: We recommend that you patch test any new product before its continued usage. If any redness or itching occurs do not continue use.  CRAZY COLOR",Beserk,https://www.beserk.com.au/products/graphite-hair-colour?variant=34739503885&country=AU,https://cdn.shopify.com/s/files/1/0836/9167/files/graphite-or-hair-colour-beserk-all-beserkstaple-clickfrenzy15-2023-cosmetics-crazy-color-discountapp-dye-fp-goth-grey-hair-hair-colour-hair-dye-hair-dyes-hair-grey-hair-products-label.jpg?v=1687777285,in_stock,"16.95 AUD",,"Crazy Color",,CC069,yes,new,HAIR,,,,,,,0.12,kg,"https://cdn.shopify.com/s/files/1/0836/9167/files/graphite-or-hair-colour-beserk-all-beserkstaple-clickfrenzy15-2023-cosmetics-crazy-color-discountapp-dye-fp-goth-grey-hair-hair-colour-hair-dye-hair-dyes-hair-grey-hair-products-label_3a045686-d6dd-4b3c-801b-582fd12c2dec.jpg?v=1687777287,https://cdn.shopify.com/s/files/1/0836/9167/files/graphite-or-hair-colour-beserk-all-beserkstaple-clickfrenzy15-2023-cosmetics-crazy-color-discountapp-dye-fp-goth-grey-hair-hair-colour-hair-dye-hair-dyes-hair-grey-hair-products-label_57452662-605e-419a-912c-c4b32b10888d.jpg?v=1687777290,https://cdn.shopify.com/s/files/1/0836/9167/files/graphite-or-hair-colour-beserk-all-beserkstaple-clickfrenzy15-2023-cosmetics-crazy-color-discountapp-dye-fp-goth-grey-hair-hair-colour-hair-dye-hair-dyes-hair-grey-hair-products-label_d5dedb36-4b03-44c9-bcd5-8b1c20219070.jpg?v=1687777292,https://cdn.shopify.com/s/files/1/0836/9167/files/graphite-or-hair-colour-beserk-all-beserkstaple-clickfrenzy15-2023-cosmetics-crazy-color-discountapp-dye-fp-goth-grey-hair-hair-colour-hair-dye-hair-dyes-hair-grey-hair-products-label_8bbdc13d-1f52-49f6-a316-74611a6d34e1.jpg?v=1687777294,https://cdn.shopify.com/s/files/1/0836/9167/files/graphite-or-hair-colour-beserk-all-beserkstaple-clickfrenzy15-2023-cosmetics-crazy-color-discountapp-dye-fp-goth-grey-hair-hair-colour-hair-dye-hair-dyes-hair-grey-hair-products-label_274d15b5-c213-4dcf-9bba-4c2961f6d4e5.jpg?v=1687777297,https://cdn.shopify.com/s/files/1/0836/9167/files/graphite-or-hair-colour-beserk-all-beserkstaple-clickfrenzy15-2023-cosmetics-crazy-color-discountapp-dye-fp-goth-grey-hair-hair-colour-hair-dye-hair-dyes-hair-grey-hair-products-label_9580b90a-2cb7-417a-932d-486ed5ac01e7.jpg?v=1687777299,https://cdn.shopify.com/s/files/1/0836/9167/files/graphite-or-hair-colour-beserk-all-beserkstaple-clickfrenzy15-2023-cosmetics-crazy-color-discountapp-dye-fp-goth-grey-hair-hair-colour-hair-dye-hair-dyes-hair-grey-hair-products-label_a08b9c13-364f-4f72-b03a-48ea38f202bc.jpg?v=1687777301",https://www.beserk.com.au/pages/privacy-policy,https://www.beserk.com.au/pages/terms-and-conditions,https://www.beserk.com.au/pages/beserk-returns,AU,AU
9437552077,"Peachy Coral | Hair Colour","PRETTY PEACHY KEEN! Crazy Colour Semi-permanent bright & bold hair colour! No fuzz on this peach - Just beautiful Peachy Coral color. Super playful and a fabulously versatile shade. Recommended for pale to platinum blonde hair for best results. 100% Vegan and Cruelty Free! To get the best result from your Crazy Color hair dye we recommend you use it on pre-lightened hair, but it can also be used as a tint on natural hair. This dye is a semi-permanent colour which means it will fade with every wash, but should last approx 4-8 washes depending on hair condition & type. WEIGHT:  100ml INSTRUCTIONS : - Strand & sensitivity tests are always recommended before any sort of dye is applied. - Shampoo your hair with a PH neutral shampoo, don't use conditioner, towel dry your hair. - Apply Crazy Color directly while hair is still damp, spreading evenly over the hair (wear gloves). - Leave for 15/30 minutes, then rinse thoroughly until water runs clear. TIPS : - Avoid dandruff or harsh shampoos. These can strip colour like there is no tomorrow! - Use a sulphate free or color friendly shampoo & wash as little as possible. Colour will be lost after each wash so avoid over-washing! - Rinse hair with cold water, post shampooing. It closes the hair cuticles and seals in maximum colour. - Too much direct sunlight will strip all that edgy Crazy Color right out. - Avoid swimming. Chlorine is another nasty product that will strip the life and color from your lovely hair. Please Note: We recommend that you patch test any new product before its continued usage. If any redness or itching occurs do not continue use.  CRAZY COLOR",Beserk,https://www.beserk.com.au/products/peachy-coral-hair-colour?variant=34739504077&country=AU,https://cdn.shopify.com/s/files/1/0836/9167/files/peachy-coral-or-hair-colour-beserk-all-beserkstaple-clickfrenzy15-2023-cosmetics-crazy-color-discountapp-dye-fp-hair-hair-colour-hair-dye-hair-dyes-hair-orange-hair-pink-labelvegan-me.jpg?v=1687777285,in_stock,"16.95 AUD",,"Crazy Color",,CC070,yes,new,HAIR,,,,,,,0.12,kg,"https://cdn.shopify.com/s/files/1/0836/9167/files/peachy-coral-or-hair-colour-beserk-all-beserkstaple-clickfrenzy15-2023-cosmetics-crazy-color-discountapp-dye-fp-hair-hair-colour-hair-dye-hair-dyes-hair-orange-hair-pink-labelvegan-me_1874984a-daf3-4d4e-9f8e-58e3454fe3d2.jpg?v=1687777287,https://cdn.shopify.com/s/files/1/0836/9167/files/peachy-coral-or-hair-colour-beserk-all-beserkstaple-clickfrenzy15-2023-cosmetics-crazy-color-discountapp-dye-fp-hair-hair-colour-hair-dye-hair-dyes-hair-orange-hair-pink-labelvegan-me_14243302-8d3a-4825-ac17-33467b29e963.jpg?v=1687777289,https://cdn.shopify.com/s/files/1/0836/9167/files/peachy-coral-or-hair-colour-beserk-all-beserkstaple-clickfrenzy15-2023-cosmetics-crazy-color-discountapp-dye-fp-hair-hair-colour-hair-dye-hair-dyes-hair-orange-hair-pink-labelvegan-me_62eb94c3-2fea-4082-b371-f64bff576afb.jpg?v=1687777292,https://cdn.shopify.com/s/files/1/0836/9167/files/peachy-coral-or-hair-colour-beserk-all-beserkstaple-clickfrenzy15-2023-cosmetics-crazy-color-discountapp-dye-fp-hair-hair-colour-hair-dye-hair-dyes-hair-orange-hair-pink-labelvegan-me_ab76e4a9-0168-4828-a41c-a912e4b6c92f.jpg?v=1687777294,https://cdn.shopify.com/s/files/1/0836/9167/files/peachy-coral-or-hair-colour-beserk-all-beserkstaple-clickfrenzy15-2023-cosmetics-crazy-color-discountapp-dye-fp-hair-hair-colour-hair-dye-hair-dyes-hair-orange-hair-pink-labelvegan-me_c6aa1697-35d7-4a13-b046-dfeb06aed530.jpg?v=1687777297,https://cdn.shopify.com/s/files/1/0836/9167/files/peachy-coral-or-hair-colour-beserk-all-beserkstaple-clickfrenzy15-2023-cosmetics-crazy-color-discountapp-dye-fp-hair-hair-colour-hair-dye-hair-dyes-hair-orange-hair-pink-labelvegan-me_a8e7e31f-0216-479d-8b16-fae5a02db76e.jpg?v=1687777299,https://cdn.shopify.com/s/files/1/0836/9167/files/peachy-coral-or-hair-colour-beserk-all-beserkstaple-clickfrenzy15-2023-cosmetics-crazy-color-discountapp-dye-fp-hair-hair-colour-hair-dye-hair-dyes-hair-orange-hair-pink-labelvegan-me_dad1b606-4c64-4aa5-b13e-807b6d9aadf6.jpg?v=1687777302,https://cdn.shopify.com/s/files/1/0836/9167/files/peachy-coral-or-hair-colour-beserk-all-beserkstaple-clickfrenzy15-2023-cosmetics-crazy-color-discountapp-dye-fp-hair-hair-colour-hair-dye-hair-dyes-hair-orange-hair-pink-labelvegan-me_339882d2-256f-4ec2-bda5-265ed69dd470.jpg?v=1687777304,https://cdn.shopify.com/s/files/1/0836/9167/files/peachy-coral-or-hair-colour-beserk-all-beserkstaple-clickfrenzy15-2023-cosmetics-crazy-color-discountapp-dye-fp-hair-hair-colour-hair-dye-hair-dyes-hair-orange-hair-pink-labelvegan-me_e7ac5704-d2cf-481a-af60-c567dbbbff59.jpg?v=1687777306",https://www.beserk.com.au/pages/privacy-policy,https://www.beserk.com.au/pages/terms-and-conditions,https://www.beserk.com.au/pages/beserk-returns,AU,AU
9437552461,"Peppermint | Hair Colour","MINTY FRESH PEPPERMINT. Crazy Colour Semi-permanent bright & bold hair colour! Minty fresh and ready to mingle - Crazy Color Peppermint is a pretty pastel green. Recommended for pale to platinum blonde hair for best results. 100% Vegan and Cruelty Free! To get the best result from your Crazy Color hair dye we recommend you use it on pre-lightened hair, but it can also be used as a tint on natural hair. This dye is a semi-permanent colour which means it will fade with every wash, but should last approx 4-8 washes depending on hair condition & type. WEIGHT:  100ml INSTRUCTIONS : - Strand & sensitivity tests are always recommended before any sort of dye is applied. - Shampoo your hair with a PH neutral shampoo, don't use conditioner, towel dry your hair. - Apply Crazy Color directly while hair is still damp, spreading evenly over the hair (wear gloves). - Leave for 15/30 minutes, then rinse thoroughly until water runs clear. TIPS : - Avoid dandruff or harsh shampoos. These can strip colour like there is no tomorrow! - Use a sulphate free or color friendly shampoo & wash as little as possible. Colour will be lost after each wash so avoid over-washing! - Rinse hair with cold water, post shampooing. It closes the hair cuticles and seals in maximum colour. - Too much direct sunlight will strip all that edgy Crazy Color right out. - Avoid swimming. Chlorine is another nasty product that will strip the life and color from your lovely hair. Please Note: We recommend that you patch test any new product before its continued usage. If any redness or itching occurs do not continue use.  CRAZY COLOR",Beserk,https://www.beserk.com.au/products/peppermint-hair-colour?variant=34739504973&country=AU,https://cdn.shopify.com/s/files/1/0836/9167/files/peppermint-or-hair-colour-beserk-420sale-all-beserkstaple-clickfrenzy15-2023-cosmetics-crazy-color-discountapp-dye-fp-green-hair-hair-colour-hair-dye-hair-dyes-hair-green-labelvegan-m.jpg?v=1687777308,in_stock,"16.95 AUD",,"Crazy Color",,CC071,yes,new,HAIR,,,,,,,0.12,kg,"https://cdn.shopify.com/s/files/1/0836/9167/files/peppermint-or-hair-colour-beserk-420sale-all-beserkstaple-clickfrenzy15-2023-cosmetics-crazy-color-discountapp-dye-fp-green-hair-hair-colour-hair-dye-hair-dyes-hair-green-labelvegan-m_8a48a485-d6ef-4a9c-9f73-4abddc75dba2.jpg?v=1687777311,https://cdn.shopify.com/s/files/1/0836/9167/files/peppermint-or-hair-colour-beserk-420sale-all-beserkstaple-clickfrenzy15-2023-cosmetics-crazy-color-discountapp-dye-fp-green-hair-hair-colour-hair-dye-hair-dyes-hair-green-labelvegan-m_84b1b6e5-016d-4ff9-b823-e01f9a020294.jpg?v=1687777313,https://cdn.shopify.com/s/files/1/0836/9167/files/peppermint-or-hair-colour-beserk-420sale-all-beserkstaple-clickfrenzy15-2023-cosmetics-crazy-color-discountapp-dye-fp-green-hair-hair-colour-hair-dye-hair-dyes-hair-green-labelvegan-m_2e7f6fd1-5776-4ca2-882c-134018af1154.jpg?v=1687777316,https://cdn.shopify.com/s/files/1/0836/9167/files/peppermint-or-hair-colour-beserk-420sale-all-beserkstaple-clickfrenzy15-2023-cosmetics-crazy-color-discountapp-dye-fp-green-hair-hair-colour-hair-dye-hair-dyes-hair-green-labelvegan-m_6e31a9c6-d1cb-4ac3-8539-f5076d2222c9.jpg?v=1687777318,https://cdn.shopify.com/s/files/1/0836/9167/files/peppermint-or-hair-colour-beserk-420sale-all-beserkstaple-clickfrenzy15-2023-cosmetics-crazy-color-discountapp-dye-fp-green-hair-hair-colour-hair-dye-hair-dyes-hair-green-labelvegan-m_07f3dc38-b398-4571-9c3c-56059775d54e.jpg?v=1687777321,https://cdn.shopify.com/s/files/1/0836/9167/files/peppermint-or-hair-colour-beserk-420sale-all-beserkstaple-clickfrenzy15-2023-cosmetics-crazy-color-discountapp-dye-fp-green-hair-hair-colour-hair-dye-hair-dyes-hair-green-labelvegan-m_41070c1e-77d0-415f-a35c-5accd4ba949a.jpg?v=1687777323,https://cdn.shopify.com/s/files/1/0836/9167/files/peppermint-or-hair-colour-beserk-420sale-all-beserkstaple-clickfrenzy15-2023-cosmetics-crazy-color-discountapp-dye-fp-green-hair-hair-colour-hair-dye-hair-dyes-hair-green-labelvegan-m_85a5b917-ca4d-4024-acf9-e47a94139899.jpg?v=1687777325,https://cdn.shopify.com/s/files/1/0836/9167/files/peppermint-or-hair-colour-beserk-420sale-all-beserkstaple-clickfrenzy15-2023-cosmetics-crazy-color-discountapp-dye-fp-green-hair-hair-colour-hair-dye-hair-dyes-hair-green-labelvegan-m_bc4e8853-002b-4d4c-9e73-987a342209b0.jpg?v=1687777328,https://cdn.shopify.com/s/files/1/0836/9167/files/peppermint-or-hair-colour-beserk-420sale-all-beserkstaple-clickfrenzy15-2023-cosmetics-crazy-color-discountapp-dye-fp-green-hair-hair-colour-hair-dye-hair-dyes-hair-green-labelvegan-m_6f4a7bb6-f40c-477d-8831-b6d77820e019.jpg?v=1687777330",https://www.beserk.com.au/pages/privacy-policy,https://www.beserk.com.au/pages/terms-and-conditions,https://www.beserk.com.au/pages/beserk-returns,AU,AU
9437573453,"Lethal | Bag","Absolutely Lethal!  This black textured PVC bag screams warning. After all, it's knuckle duster handle is lethal!  Dimensions: 27cm High, 32cm Wide.  The depth at the top of the bag is 7cm and expands to 17cm at the bottom.  The Zip Opening is 29cm long Materials: 100% PVC. Lining: 100% Polyester. POIZEN INDUSTRIES",Beserk,https://www.beserk.com.au/products/lethal-bag?variant=34739721549&country=AU,https://cdn.shopify.com/s/files/1/0836/9167/files/lethal-or-bag-beserk-accessories-all-bag-bags-black-clickfrenzy15-2023-discountapp-fp-goth-gothic-gothic-accessories-gothic-bag-hand-bag-handbag-handbags-and-purses-innocentclothing-l.jpg?v=1687777308,out_of_stock,"49.95 AUD",,"Poizen Industries",,PI-B-LETHAL,yes,new,BAGS,,,,,,,0.723,kg,,https://www.beserk.com.au/pages/privacy-policy,https://www.beserk.com.au/pages/terms-and-conditions,https://www.beserk.com.au/pages/beserk-returns,AU,AU
9437585165,"Black Frill | Ankle Socks","Add a sweet touch to any outfit with these adorable opaque anklets featuring a ruffled lace trim. These Black Frill ankle socks are perfect paired with heels or Mary Janes! Material: 100% Nylon Size: One Size [approx 6-14] MUSIC LEGS",Beserk,https://www.beserk.com.au/products/black-frill-ankle-socks?variant=34739851533&country=AU,https://cdn.shopify.com/s/files/1/0836/9167/files/black-frill-or-ankle-socks-beserk-all-all-clothing-ankle-socks-anklets-black-bravenkrazy-clickfrenzy15-2023-cpgstinc-discountapp-edgy-eofy2023-eofy2023monday19-20-frill-hosiery-hosier.jpg?v=1687777333,in_stock,"12.95 AUD",,"Music Legs",,ML-527-BK,yes,new,SOCKS,,,,,,,0.04,kg,https://cdn.shopify.com/s/files/1/0836/9167/files/black-frill-or-ankle-socks-beserk-all-all-clothing-ankle-socks-anklets-black-bravenkrazy-clickfrenzy15-2023-cpgstinc-discountapp-edgy-eofy2023-eofy2023monday19-20-frill-hosiery-hosier_6e09a926-dc53-4ccf-8cde-61e0875a2b73.jpg?v=1687777335,https://www.beserk.com.au/pages/privacy-policy,https://www.beserk.com.au/pages/terms-and-conditions,https://www.beserk.com.au/pages/beserk-returns,AU,AU
9437661005,"Lime Twist | Hair Colour","ADD A POP OF COLOUR WITH A TWIST OF LIME! Crazy Colour Semi-permanent bright & bold hair colour! Stick or Twist? It's time to get loud with Crazy Color Lime Twist hair dye. This head turning lime green hue is bound to make em' stop and stare. Recommended for pale to platinum blonde hair for the brightest results. Our conditioning hair dye is formulated with ingredients that are gentle on your locks! 100% Vegan and Cruelty Free! To get the best result from your Crazy Color hair dye we recommend you use it on pre-lightened hair, but it can also be used as a tint on natural hair. This dye is a semi-permanent colour which means it will fade with every wash, but should last approx 4-8 washes depending on hair condition & type. WEIGHT:  100ml INSTRUCTIONS : - Strand & sensitivity tests are always recommended before any sort of dye is applied. - Shampoo your hair with a PH neutral shampoo, don't use conditioner, towel dry your hair. - Apply Crazy Color directly while hair is still damp, spreading evenly over the hair (wear gloves). - Leave for 15/30 minutes, then rinse thoroughly until water runs clear. TIPS : - Avoid dandruff or harsh shampoos. These can strip colour like there is no tomorrow! - Use a sulphate free or color friendly shampoo & wash as little as possible. Colour will be lost after each wash so avoid over-washing! - Rinse hair with cold water, post shampooing. It closes the hair cuticles and seals in maximum colour. - Too much direct sunlight will strip all that edgy Crazy Color right out. - Avoid swimming. Chlorine is another nasty product that will strip the life and color from your lovely hair. Please Note: We recommend that you patch test any new product before its continued usage. If any redness or itching occurs do not continue use.  CRAZY COLOR",Beserk,https://www.beserk.com.au/products/new-lime-twist-hair-colour?variant=34740608461&country=AU,https://cdn.shopify.com/s/files/1/0836/9167/files/lime-twist-or-hair-colour-beserk-420sale-all-beserkstaple-clickfrenzy15-2023-cosmetics-crazy-color-discountapp-dye-fp-green-hair-hair-colour-hair-dye-hair-dyes-hair-green-labelvegan-m.jpg?v=1687777333,in_stock,"16.95 AUD",,"Crazy Color",,CC068,yes,new,HAIR,,,,,,,0.12,kg,"https://cdn.shopify.com/s/files/1/0836/9167/files/lime-twist-or-hair-colour-beserk-420sale-all-beserkstaple-clickfrenzy15-2023-cosmetics-crazy-color-discountapp-dye-fp-green-hair-hair-colour-hair-dye-hair-dyes-hair-green-labelvegan-m_6bbaaa59-c3db-4d95-9cb9-c0bfc4fccc9a.jpg?v=1687777335,https://cdn.shopify.com/s/files/1/0836/9167/files/lime-twist-or-hair-colour-beserk-420sale-all-beserkstaple-clickfrenzy15-2023-cosmetics-crazy-color-discountapp-dye-fp-green-hair-hair-colour-hair-dye-hair-dyes-hair-green-labelvegan-m_284f58f6-471d-4eb3-9e0c-b8e8a64d3266.jpg?v=1687777338,https://cdn.shopify.com/s/files/1/0836/9167/files/lime-twist-or-hair-colour-beserk-420sale-all-beserkstaple-clickfrenzy15-2023-cosmetics-crazy-color-discountapp-dye-fp-green-hair-hair-colour-hair-dye-hair-dyes-hair-green-labelvegan-m_bfa3717b-bead-4f23-aec7-1b56fc13ec19.jpg?v=1687777340,https://cdn.shopify.com/s/files/1/0836/9167/files/lime-twist-or-hair-colour-beserk-420sale-all-beserkstaple-clickfrenzy15-2023-cosmetics-crazy-color-discountapp-dye-fp-green-hair-hair-colour-hair-dye-hair-dyes-hair-green-labelvegan-m_0d048139-c2fc-46d7-a1c0-fb97dc96da2f.jpg?v=1687777343,https://cdn.shopify.com/s/files/1/0836/9167/files/lime-twist-or-hair-colour-beserk-420sale-all-beserkstaple-clickfrenzy15-2023-cosmetics-crazy-color-discountapp-dye-fp-green-hair-hair-colour-hair-dye-hair-dyes-hair-green-labelvegan-m_83c419f8-c77b-4606-9568-6c14d643aee2.jpg?v=1687777345,https://cdn.shopify.com/s/files/1/0836/9167/files/lime-twist-or-hair-colour-beserk-420sale-all-beserkstaple-clickfrenzy15-2023-cosmetics-crazy-color-discountapp-dye-fp-green-hair-hair-colour-hair-dye-hair-dyes-hair-green-labelvegan-m_47f95eba-0a98-418b-aa40-b9415989de9e.jpg?v=1687777347,https://cdn.shopify.com/s/files/1/0836/9167/files/lime-twist-or-hair-colour-beserk-420sale-all-beserkstaple-clickfrenzy15-2023-cosmetics-crazy-color-discountapp-dye-fp-green-hair-hair-colour-hair-dye-hair-dyes-hair-green-labelvegan-m_7b4aeb39-deb9-47f5-be9c-071236118272.jpg?v=1687777350,https://cdn.shopify.com/s/files/1/0836/9167/files/lime-twist-or-hair-colour-beserk-420sale-all-beserkstaple-clickfrenzy15-2023-cosmetics-crazy-color-discountapp-dye-fp-green-hair-hair-colour-hair-dye-hair-dyes-hair-green-labelvegan-m_f069d28a-1542-4ab6-b189-3c37444c7fd9.jpg?v=1687777352,https://cdn.shopify.com/s/files/1/0836/9167/files/lime-twist-or-hair-colour-beserk-420sale-all-beserkstaple-clickfrenzy15-2023-cosmetics-crazy-color-discountapp-dye-fp-green-hair-hair-colour-hair-dye-hair-dyes-hair-green-labelvegan-m_cc4b917f-cd1a-4725-92b4-bffe64ab5458.jpg?v=1687777354",https://www.beserk.com.au/pages/privacy-policy,https://www.beserk.com.au/pages/terms-and-conditions,https://www.beserk.com.au/pages/beserk-returns,AU,AU
9437662285,"Blue Jade | Hair Colour","JADED BLUE FOR THE CALM AND COLLECTED. Crazy Colour Semi-permanent bright & bold hair colour! A color inspired by the orient, Crazy Color Blue Jade is an exotic turquoise shade. Use straight from the bottle on Pre-lightened or light blonde hair. Formulated with our highly conditioning blend of ingredients that are gentle on your locks! 100% Vegan and Cruelty Free! To get the best result from your Crazy Color hair dye we recommend you use it on pre-lightened hair, but it can also be used as a tint on natural hair. This dye is a semi-permanent colour which means it will fade with every wash, but should last approx 4-8 washes depending on hair condition & type. WEIGHT:  100ml INSTRUCTIONS : - Strand & sensitivity tests are always recommended before any sort of dye is applied. - Shampoo your hair with a PH neutral shampoo, don't use conditioner, towel dry your hair. - Apply Crazy Color directly while hair is still damp, spreading evenly over the hair (wear gloves). - Leave for 15/30 minutes, then rinse thoroughly until water runs clear. TIPS : - Avoid dandruff or harsh shampoos. These can strip colour like there is no tomorrow! - Use a sulphate free or color friendly shampoo & wash as little as possible. Colour will be lost after each wash so avoid over-washing! - Rinse hair with cold water, post shampooing. It closes the hair cuticles and seals in maximum colour. - Too much direct sunlight will strip all that edgy Crazy Color right out. - Avoid swimming. Chlorine is another nasty product that will strip the life and color from your lovely hair. Please Note: We recommend that you patch test any new product before its continued usage. If any redness or itching occurs do not continue use.  CRAZY COLOR",Beserk,https://www.beserk.com.au/products/new-blue-jade-hair-colour?variant=34740618509&country=AU,https://cdn.shopify.com/s/files/1/0836/9167/files/blue-jade-or-hair-colour-beserk-all-beserkstaple-blue-clickfrenzy15-2023-cosmetics-crazy-color-discountapp-dye-fp-hair-hair-blue-hair-colour-hair-dye-hair-dyes-hair-turquoise-labelveg.jpg?v=1687777333,in_stock,"16.95 AUD",,"Crazy Color",,CC067,yes,new,HAIR,,,,,,,0.12,kg,"https://cdn.shopify.com/s/files/1/0836/9167/files/blue-jade-or-hair-colour-beserk-all-beserkstaple-blue-clickfrenzy15-2023-cosmetics-crazy-color-discountapp-dye-fp-hair-hair-blue-hair-colour-hair-dye-hair-dyes-hair-turquoise-labelveg_0a63886f-4d51-47ac-88f0-06dc97530f67.jpg?v=1687777335,https://cdn.shopify.com/s/files/1/0836/9167/files/blue-jade-or-hair-colour-beserk-all-beserkstaple-blue-clickfrenzy15-2023-cosmetics-crazy-color-discountapp-dye-fp-hair-hair-blue-hair-colour-hair-dye-hair-dyes-hair-turquoise-labelveg_c6cf8b9c-01bc-4e74-ac45-d6d0d08bf93f.jpg?v=1687777338,https://cdn.shopify.com/s/files/1/0836/9167/files/blue-jade-or-hair-colour-beserk-all-beserkstaple-blue-clickfrenzy15-2023-cosmetics-crazy-color-discountapp-dye-fp-hair-hair-blue-hair-colour-hair-dye-hair-dyes-hair-turquoise-labelveg_6cb7538b-fdf3-40b8-b840-e0573f10357e.jpg?v=1687777340,https://cdn.shopify.com/s/files/1/0836/9167/files/blue-jade-or-hair-colour-beserk-all-beserkstaple-blue-clickfrenzy15-2023-cosmetics-crazy-color-discountapp-dye-fp-hair-hair-blue-hair-colour-hair-dye-hair-dyes-hair-turquoise-labelveg_3e3880cb-8dd0-4795-8c1a-f4cc7d23415b.jpg?v=1687777342,https://cdn.shopify.com/s/files/1/0836/9167/files/blue-jade-or-hair-colour-beserk-all-beserkstaple-blue-clickfrenzy15-2023-cosmetics-crazy-color-discountapp-dye-fp-hair-hair-blue-hair-colour-hair-dye-hair-dyes-hair-turquoise-labelveg_0dc4f6da-21c4-4d8e-8d67-d081c6ea8286.jpg?v=1687777345,https://cdn.shopify.com/s/files/1/0836/9167/files/blue-jade-or-hair-colour-beserk-all-beserkstaple-blue-clickfrenzy15-2023-cosmetics-crazy-color-discountapp-dye-fp-hair-hair-blue-hair-colour-hair-dye-hair-dyes-hair-turquoise-labelveg_f9e0cf4b-cf6a-4c56-9c6f-491276524575.jpg?v=1687777347,https://cdn.shopify.com/s/files/1/0836/9167/files/blue-jade-or-hair-colour-beserk-all-beserkstaple-blue-clickfrenzy15-2023-cosmetics-crazy-color-discountapp-dye-fp-hair-hair-blue-hair-colour-hair-dye-hair-dyes-hair-turquoise-labelveg_3a585210-0a27-4909-ac44-87ecd5f27d37.jpg?v=1687777350,https://cdn.shopify.com/s/files/1/0836/9167/files/blue-jade-or-hair-colour-beserk-all-beserkstaple-blue-clickfrenzy15-2023-cosmetics-crazy-color-discountapp-dye-fp-hair-hair-blue-hair-colour-hair-dye-hair-dyes-hair-turquoise-labelveg_ee66ce57-5d2c-4498-8293-d76532e75139.jpg?v=1687777352,https://cdn.shopify.com/s/files/1/0836/9167/files/blue-jade-or-hair-colour-beserk-all-beserkstaple-blue-clickfrenzy15-2023-cosmetics-crazy-color-discountapp-dye-fp-hair-hair-blue-hair-colour-hair-dye-hair-dyes-hair-turquoise-labelveg_a45361fe-67d8-44f4-a96f-600a577ecd74.jpg?v=1687777354",https://www.beserk.com.au/pages/privacy-policy,https://www.beserk.com.au/pages/terms-and-conditions,https://www.beserk.com.au/pages/beserk-returns,AU,AU
9437662349,"Ruby Rouge | Hair Colour","DEEP RUBY RED FOR A VAMPY LOOK. Crazy Colour Semi-permanent bright & bold hair colour! Crazy Color Ruby Rouge hair color is smouldering red inspired by the gemstone of the same name. It’s a dramatic and catches the light at every turn. Highly pigmented and suitable for pre-lightened blonde to light brown hair. Formulated with our highly conditioning blend of ingredients that are gentle on your locks! 100% Vegan and Cruelty Free! To get the best result from your Crazy Color hair dye we recommend you use it on pre-lightened hair, but it can also be used as a tint on natural hair. This dye is a semi-permanent colour which means it will fade with every wash, but should last approx 4-8 washes depending on hair condition & type. WEIGHT:  100ml INSTRUCTIONS : - Strand & sensitivity tests are always recommended before any sort of dye is applied. - Shampoo your hair with a PH neutral shampoo, don't use conditioner, towel dry your hair. - Apply Crazy Color directly while hair is still damp, spreading evenly over the hair (wear gloves). - Leave for 15/30 minutes, then rinse thoroughly until water runs clear. TIPS : - Avoid dandruff or harsh shampoos. These can strip colour like there is no tomorrow! - Use a sulphate free or color friendly shampoo & wash as little as possible. Colour will be lost after each wash so avoid over-washing! - Rinse hair with cold water, post shampooing. It closes the hair cuticles and seals in maximum colour. - Too much direct sunlight will strip all that edgy Crazy Color right out. - Avoid swimming. Chlorine is another nasty product that will strip the life and color from your lovely hair. Please Note: We recommend that you patch test any new product before its continued usage. If any redness or itching occurs do not continue use.  CRAZY COLOR",Beserk,https://www.beserk.com.au/products/new-ruby-rouge-hair-colour?variant=34740618573&country=AU,https://cdn.shopify.com/s/files/1/0836/9167/files/ruby-rouge-or-hair-colour-beserk-all-beserkstaple-clickfrenzy15-2023-cosmetics-crazy-color-discountapp-dye-fp-hair-hair-colour-hair-dye-hair-dyes-hair-red-labelvegan-red-repriced01122.jpg?v=1687777357,in_stock,"16.95 AUD",,"Crazy Color",,CC066-002277,yes,new,HAIR,,,,,,,0.12,kg,"https://cdn.shopify.com/s/files/1/0836/9167/files/ruby-rouge-or-hair-colour-beserk-all-beserkstaple-clickfrenzy15-2023-cosmetics-crazy-color-discountapp-dye-fp-hair-hair-colour-hair-dye-hair-dyes-hair-red-labelvegan-red-repriced01122_bd38f997-04a1-4c4d-8552-4d495ea043d4.jpg?v=1687777359,https://cdn.shopify.com/s/files/1/0836/9167/files/ruby-rouge-or-hair-colour-beserk-all-beserkstaple-clickfrenzy15-2023-cosmetics-crazy-color-discountapp-dye-fp-hair-hair-colour-hair-dye-hair-dyes-hair-red-labelvegan-red-repriced01122_7dd9890d-d6d4-453c-bbe7-5cc52211519f.jpg?v=1687777362,https://cdn.shopify.com/s/files/1/0836/9167/files/ruby-rouge-or-hair-colour-beserk-all-beserkstaple-clickfrenzy15-2023-cosmetics-crazy-color-discountapp-dye-fp-hair-hair-colour-hair-dye-hair-dyes-hair-red-labelvegan-red-repriced01122_90e6ff47-5449-430d-a64e-289abd9181ba.jpg?v=1687777364,https://cdn.shopify.com/s/files/1/0836/9167/files/ruby-rouge-or-hair-colour-beserk-all-beserkstaple-clickfrenzy15-2023-cosmetics-crazy-color-discountapp-dye-fp-hair-hair-colour-hair-dye-hair-dyes-hair-red-labelvegan-red-repriced01122_426e1923-ea93-4d3c-8f6c-030a7838eca3.jpg?v=1687777367,https://cdn.shopify.com/s/files/1/0836/9167/files/ruby-rouge-or-hair-colour-beserk-all-beserkstaple-clickfrenzy15-2023-cosmetics-crazy-color-discountapp-dye-fp-hair-hair-colour-hair-dye-hair-dyes-hair-red-labelvegan-red-repriced01122_67ab0de7-41e2-41e5-8962-e5000a5b471f.jpg?v=1687777369,https://cdn.shopify.com/s/files/1/0836/9167/files/ruby-rouge-or-hair-colour-beserk-all-beserkstaple-clickfrenzy15-2023-cosmetics-crazy-color-discountapp-dye-fp-hair-hair-colour-hair-dye-hair-dyes-hair-red-labelvegan-red-repriced01122_b8c90a60-dd2c-49c1-97ce-9fdeb55b17b4.jpg?v=1687777372,https://cdn.shopify.com/s/files/1/0836/9167/files/ruby-rouge-or-hair-colour-beserk-all-beserkstaple-clickfrenzy15-2023-cosmetics-crazy-color-discountapp-dye-fp-hair-hair-colour-hair-dye-hair-dyes-hair-red-labelvegan-red-repriced01122_a6329968-3e9a-4e67-9595-c1229289c3ed.jpg?v=1687777374,https://cdn.shopify.com/s/files/1/0836/9167/files/ruby-rouge-or-hair-colour-beserk-all-beserkstaple-clickfrenzy15-2023-cosmetics-crazy-color-discountapp-dye-fp-hair-hair-colour-hair-dye-hair-dyes-hair-red-labelvegan-red-repriced01122_29037b72-a7c2-43dc-8af1-29d1cf28afb2.jpg?v=1687777376,https://cdn.shopify.com/s/files/1/0836/9167/files/ruby-rouge-or-hair-colour-beserk-all-beserkstaple-clickfrenzy15-2023-cosmetics-crazy-color-discountapp-dye-fp-hair-hair-colour-hair-dye-hair-dyes-hair-red-labelvegan-red-repriced01122_4e005ecc-22fd-43fe-a11e-f098f6d45a34.jpg?v=1687777379",https://www.beserk.com.au/pages/privacy-policy,https://www.beserk.com.au/pages/terms-and-conditions,https://www.beserk.com.au/pages/beserk-returns,AU,AU
9437798349,"Athletic Striped [Black/White] | Thigh Highs","The Athletic Striped Black and White Thigh Highs by Music Legs are the perfect addition to any outfit, costume, or cosplay. These thigh highs   feature white stripes at the top on a black background. Materials:   95% Nylon, 5% Rubber Filament ONE SIZE MUSIC LEGS",Beserk,https://www.beserk.com.au/products/athletic-striped-black-white-thigh-highs?variant=31346843418697&country=AU,https://cdn.shopify.com/s/files/1/0836/9167/files/athletic-striped-blackwhite-or-thigh-highs-beserk-all-all-clothing-black-bravenkrazy-clickfrenzy15-2023-cosplay-cpgstinc-derby-derby-hosiery-discountapp-edgy-fp-gothic-hosiery-hosiery.jpg?v=1687777357,in_stock,"22.95 AUD",,"Music Legs",,ML-4245-BKWH-OS,yes,new,SOCKS,,,"ONE SIZE",,,,0.146,kg,https://cdn.shopify.com/s/files/1/0836/9167/files/athletic-striped-blackwhite-or-thigh-highs-beserk-all-all-clothing-black-bravenkrazy-clickfrenzy15-2023-cosplay-cpgstinc-derby-derby-hosiery-discountapp-edgy-fp-gothic-hosiery-hosiery_9360ac1d-37c7-4f74-9ad7-d0b0b76fdbfe.jpg?v=1687777359,https://www.beserk.com.au/pages/privacy-policy,https://www.beserk.com.au/pages/terms-and-conditions,https://www.beserk.com.au/pages/beserk-returns,AU,AU
34743364429,"Teeze-06 | Black [Preorder], US 06 [WOMENS]","MATERIALS : Made from PU Material DIMENSIONS : 5 3/4"" Heel, 1 3/4"" Concealed Platform, Patent Pump SIZING : Bordello Shoes are listed in US Sizing. To convert from Australian to US Sizes the general rule is get 1/2 or 1 size larger than your Australian size. PLEASE NOTE | This is a PRE-ORDER Item. We do not keep these shoes in stock. Regular orders are placed with Bordello in the USA which take approx. 12 BUSINESS DAYS to arrive at the Beserk Warehouse, from there your order will then be dispatched same day. Any other items purchased with your Pre-ordered shoes will be kept aside and sent together when they arrive. On the rare occasion Bordello do not have your size in stock, we will contact you ASAP. Bordello. The Ultimate Seduction",Beserk,https://www.beserk.com.au/products/teeze-06-black-preorder?variant=34743364429&country=AU,https://cdn.shopify.com/s/files/1/0836/9167/files/teeze-06-or-black-preorder-beserk-all-black-bordello-clickfrenzy15-2023-discountapp-fp-heels-heels-preorder-labelpreorder-matte-pinup-ppo-preorder-shoes.jpg?v=1687777395,in_stock,"174.95 AUD",,"Bordello Shoes",,TEE06/B/PU-06,yes,new,HEELS,9438098573,,"US 06 [WOMENS]",,,,1.315,kg,,https://www.beserk.com.au/pages/privacy-policy,https://www.beserk.com.au/pages/terms-and-conditions,https://www.beserk.com.au/pages/beserk-returns,AU,AU
34743364493,"Teeze-06 | Black [Preorder], US 07 [WOMENS]","MATERIALS : Made from PU Material DIMENSIONS : 5 3/4"" Heel, 1 3/4"" Concealed Platform, Patent Pump SIZING : Bordello Shoes are listed in US Sizing. To convert from Australian to US Sizes the general rule is get 1/2 or 1 size larger than your Australian size. PLEASE NOTE | This is a PRE-ORDER Item. We do not keep these shoes in stock. Regular orders are placed with Bordello in the USA which take approx. 12 BUSINESS DAYS to arrive at the Beserk Warehouse, from there your order will then be dispatched same day. Any other items purchased with your Pre-ordered shoes will be kept aside and sent together when they arrive. On the rare occasion Bordello do not have your size in stock, we will contact you ASAP. Bordello. The Ultimate Seduction",Beserk,https://www.beserk.com.au/products/teeze-06-black-preorder?variant=34743364493&country=AU,https://cdn.shopify.com/s/files/1/0836/9167/files/teeze-06-or-black-preorder-beserk-all-black-bordello-clickfrenzy15-2023-discountapp-fp-heels-heels-preorder-labelpreorder-matte-pinup-ppo-preorder-shoes.jpg?v=1687777395,in_stock,"174.95 AUD",,"Bordello Shoes",,TEE06/B/PU-07,yes,new,HEELS,9438098573,,"US 07 [WOMENS]",,,,1.315,kg,,https://www.beserk.com.au/pages/privacy-policy,https://www.beserk.com.au/pages/terms-and-conditions,https://www.beserk.com.au/pages/beserk-returns,AU,AU
34743364557,"Teeze-06 | Black [Preorder], US 08 [WOMENS]","MATERIALS : Made from PU Material DIMENSIONS : 5 3/4"" Heel, 1 3/4"" Concealed Platform, Patent Pump SIZING : Bordello Shoes are listed in US Sizing. To convert from Australian to US Sizes the general rule is get 1/2 or 1 size larger than your Australian size. PLEASE NOTE | This is a PRE-ORDER Item. We do not keep these shoes in stock. Regular orders are placed with Bordello in the USA which take approx. 12 BUSINESS DAYS to arrive at the Beserk Warehouse, from there your order will then be dispatched same day. Any other items purchased with your Pre-ordered shoes will be kept aside and sent together when they arrive. On the rare occasion Bordello do not have your size in stock, we will contact you ASAP. Bordello. The Ultimate Seduction",Beserk,https://www.beserk.com.au/products/teeze-06-black-preorder?variant=34743364557&country=AU,https://cdn.shopify.com/s/files/1/0836/9167/files/teeze-06-or-black-preorder-beserk-all-black-bordello-clickfrenzy15-2023-discountapp-fp-heels-heels-preorder-labelpreorder-matte-pinup-ppo-preorder-shoes.jpg?v=1687777395,in_stock,"174.95 AUD",,"Bordello Shoes",,TEE06/B/PU-08,yes,new,HEELS,9438098573,,"US 08 [WOMENS]",,,,1.315,kg,,https://www.beserk.com.au/pages/privacy-policy,https://www.beserk.com.au/pages/terms-and-conditions,https://www.beserk.com.au/pages/beserk-returns,AU,AU
34743364621,"Teeze-06 | Black [Preorder], US 09 [WOMENS]","MATERIALS : Made from PU Material DIMENSIONS : 5 3/4"" Heel, 1 3/4"" Concealed Platform, Patent Pump SIZING : Bordello Shoes are listed in US Sizing. To convert from Australian to US Sizes the general rule is get 1/2 or 1 size larger than your Australian size. PLEASE NOTE | This is a PRE-ORDER Item. We do not keep these shoes in stock. Regular orders are placed with Bordello in the USA which take approx. 12 BUSINESS DAYS to arrive at the Beserk Warehouse, from there your order will then be dispatched same day. Any other items purchased with your Pre-ordered shoes will be kept aside and sent together when they arrive. On the rare occasion Bordello do not have your size in stock, we will contact you ASAP. Bordello. The Ultimate Seduction",Beserk,https://www.beserk.com.au/products/teeze-06-black-preorder?variant=34743364621&country=AU,https://cdn.shopify.com/s/files/1/0836/9167/files/teeze-06-or-black-preorder-beserk-all-black-bordello-clickfrenzy15-2023-discountapp-fp-heels-heels-preorder-labelpreorder-matte-pinup-ppo-preorder-shoes.jpg?v=1687777395,in_stock,"174.95 AUD",,"Bordello Shoes",,TEE06/B/PU-09,yes,new,HEELS,9438098573,,"US 09 [WOMENS]",,,,1.315,kg,,https://www.beserk.com.au/pages/privacy-policy,https://www.beserk.com.au/pages/terms-and-conditions,https://www.beserk.com.au/pages/beserk-returns,AU,AU
34743364685,"Teeze-06 | Black [Preorder], US 10 [WOMENS]","MATERIALS : Made from PU Material DIMENSIONS : 5 3/4"" Heel, 1 3/4"" Concealed Platform, Patent Pump SIZING : Bordello Shoes are listed in US Sizing. To convert from Australian to US Sizes the general rule is get 1/2 or 1 size larger than your Australian size. PLEASE NOTE | This is a PRE-ORDER Item. We do not keep these shoes in stock. Regular orders are placed with Bordello in the USA which take approx. 12 BUSINESS DAYS to arrive at the Beserk Warehouse, from there your order will then be dispatched same day. Any other items purchased with your Pre-ordered shoes will be kept aside and sent together when they arrive. On the rare occasion Bordello do not have your size in stock, we will contact you ASAP. Bordello. The Ultimate Seduction",Beserk,https://www.beserk.com.au/products/teeze-06-black-preorder?variant=34743364685&country=AU,https://cdn.shopify.com/s/files/1/0836/9167/files/teeze-06-or-black-preorder-beserk-all-black-bordello-clickfrenzy15-2023-discountapp-fp-heels-heels-preorder-labelpreorder-matte-pinup-ppo-preorder-shoes.jpg?v=1687777395,in_stock,"174.95 AUD",,"Bordello Shoes",,TEE06/B/PU-10,yes,new,HEELS,9438098573,,"US 10 [WOMENS]",,,,1.315,kg,,https://www.beserk.com.au/pages/privacy-policy,https://www.beserk.com.au/pages/terms-and-conditions,https://www.beserk.com.au/pages/beserk-returns,AU,AU
34743364749,"Teeze-06 | Black [Preorder], US 11 [WOMENS]","MATERIALS : Made from PU Material DIMENSIONS : 5 3/4"" Heel, 1 3/4"" Concealed Platform, Patent Pump SIZING : Bordello Shoes are listed in US Sizing. To convert from Australian to US Sizes the general rule is get 1/2 or 1 size larger than your Australian size. PLEASE NOTE | This is a PRE-ORDER Item. We do not keep these shoes in stock. Regular orders are placed with Bordello in the USA which take approx. 12 BUSINESS DAYS to arrive at the Beserk Warehouse, from there your order will then be dispatched same day. Any other items purchased with your Pre-ordered shoes will be kept aside and sent together when they arrive. On the rare occasion Bordello do not have your size in stock, we will contact you ASAP. Bordello. The Ultimate Seduction",Beserk,https://www.beserk.com.au/products/teeze-06-black-preorder?variant=34743364749&country=AU,https://cdn.shopify.com/s/files/1/0836/9167/files/teeze-06-or-black-preorder-beserk-all-black-bordello-clickfrenzy15-2023-discountapp-fp-heels-heels-preorder-labelpreorder-matte-pinup-ppo-preorder-shoes.jpg?v=1687777395,in_stock,"174.95 AUD",,"Bordello Shoes",,TEE06/B/PU-11,yes,new,HEELS,9438098573,,"US 11 [WOMENS]",,,,1.315,kg,,https://www.beserk.com.au/pages/privacy-policy,https://www.beserk.com.au/pages/terms-and-conditions,https://www.beserk.com.au/pages/beserk-returns,AU,AU
34743364877,"Teeze-06 | Black [Preorder], US 12 [WOMENS]","MATERIALS : Made from PU Material DIMENSIONS : 5 3/4"" Heel, 1 3/4"" Concealed Platform, Patent Pump SIZING : Bordello Shoes are listed in US Sizing. To convert from Australian to US Sizes the general rule is get 1/2 or 1 size larger than your Australian size. PLEASE NOTE | This is a PRE-ORDER Item. We do not keep these shoes in stock. Regular orders are placed with Bordello in the USA which take approx. 12 BUSINESS DAYS to arrive at the Beserk Warehouse, from there your order will then be dispatched same day. Any other items purchased with your Pre-ordered shoes will be kept aside and sent together when they arrive. On the rare occasion Bordello do not have your size in stock, we will contact you ASAP. Bordello. The Ultimate Seduction",Beserk,https://www.beserk.com.au/products/teeze-06-black-preorder?variant=34743364877&country=AU,https://cdn.shopify.com/s/files/1/0836/9167/files/teeze-06-or-black-preorder-beserk-all-black-bordello-clickfrenzy15-2023-discountapp-fp-heels-heels-preorder-labelpreorder-matte-pinup-ppo-preorder-shoes.jpg?v=1687777395,in_stock,"174.95 AUD",,"Bordello Shoes",,TEE06/B/PU-12,yes,new,HEELS,9438098573,,"US 12 [WOMENS]",,,,1.452,kg,,https://www.beserk.com.au/pages/privacy-policy,https://www.beserk.com.au/pages/terms-and-conditions,https://www.beserk.com.au/pages/beserk-returns,AU,AU
34743365005,"Teeze-06 | Black Patent [Preorder], US 06 [WOMENS]","MATERIALS : Made from Patent Polyurethane Material DIMENSIONS : 5 3/4"" Heel, 1 3/4"" Concealed Platform, Patent Pump SIZING : Bordello Shoes are listed in US Sizing. To convert from Australian to US Sizes the general rule is get 1/2 or 1 size larger than your Australian size. PLEASE NOTE | This is a PRE-ORDER Item. We do not keep these shoes in stock. Regular orders are placed with Bordello in the USA which take approx. 12 BUSINESS DAYS to arrive at the Beserk Warehouse, from there your order will then be dispatched same day. Any other items purchased with your Pre-ordered shoes will be kept aside and sent together when they arrive. On the rare occasion Bordello do not have your size in stock, we will contact you ASAP. Bordello. The Ultimate Seduction",Beserk,https://www.beserk.com.au/products/teeze-06-black-patent-preorder?variant=34743365005&country=AU,https://cdn.shopify.com/s/files/1/0836/9167/files/teeze-06-or-black-patent-preorder-beserk-all-black-bordello-bordello-shoes-clickfrenzy15-2023-discountapp-fetish-formal-fp-heels-heels-preorder-labelpreorder-office-pinup-ppo-preorder.jpg?v=1687777395,in_stock,"174.95 AUD",,"Bordello Shoes",,TEE06/B-06,yes,new,HEELS,9438098765,,"US 06 [WOMENS]",,,,1.315,kg,,https://www.beserk.com.au/pages/privacy-policy,https://www.beserk.com.au/pages/terms-and-conditions,https://www.beserk.com.au/pages/beserk-returns,AU,AU
34743365069,"Teeze-06 | Black Patent [Preorder], US 07 [WOMENS]","MATERIALS : Made from Patent Polyurethane Material DIMENSIONS : 5 3/4"" Heel, 1 3/4"" Concealed Platform, Patent Pump SIZING : Bordello Shoes are listed in US Sizing. To convert from Australian to US Sizes the general rule is get 1/2 or 1 size larger than your Australian size. PLEASE NOTE | This is a PRE-ORDER Item. We do not keep these shoes in stock. Regular orders are placed with Bordello in the USA which take approx. 12 BUSINESS DAYS to arrive at the Beserk Warehouse, from there your order will then be dispatched same day. Any other items purchased with your Pre-ordered shoes will be kept aside and sent together when they arrive. On the rare occasion Bordello do not have your size in stock, we will contact you ASAP. Bordello. The Ultimate Seduction",Beserk,https://www.beserk.com.au/products/teeze-06-black-patent-preorder?variant=34743365069&country=AU,https://cdn.shopify.com/s/files/1/0836/9167/files/teeze-06-or-black-patent-preorder-beserk-all-black-bordello-bordello-shoes-clickfrenzy15-2023-discountapp-fetish-formal-fp-heels-heels-preorder-labelpreorder-office-pinup-ppo-preorder.jpg?v=1687777395,in_stock,"174.95 AUD",,"Bordello Shoes",,TEE06/B-07,yes,new,HEELS,9438098765,,"US 07 [WOMENS]",,,,1.315,kg,,https://www.beserk.com.au/pages/privacy-policy,https://www.beserk.com.au/pages/terms-and-conditions,https://www.beserk.com.au/pages/beserk-returns,AU,AU
34743365133,"Teeze-06 | Black Patent [Preorder], US 08 [WOMENS]","MATERIALS : Made from Patent Polyurethane Material DIMENSIONS : 5 3/4"" Heel, 1 3/4"" Concealed Platform, Patent Pump SIZING : Bordello Shoes are listed in US Sizing. To convert from Australian to US Sizes the general rule is get 1/2 or 1 size larger than your Australian size. PLEASE NOTE | This is a PRE-ORDER Item. We do not keep these shoes in stock. Regular orders are placed with Bordello in the USA which take approx. 12 BUSINESS DAYS to arrive at the Beserk Warehouse, from there your order will then be dispatched same day. Any other items purchased with your Pre-ordered shoes will be kept aside and sent together when they arrive. On the rare occasion Bordello do not have your size in stock, we will contact you ASAP. Bordello. The Ultimate Seduction",Beserk,https://www.beserk.com.au/products/teeze-06-black-patent-preorder?variant=34743365133&country=AU,https://cdn.shopify.com/s/files/1/0836/9167/files/teeze-06-or-black-patent-preorder-beserk-all-black-bordello-bordello-shoes-clickfrenzy15-2023-discountapp-fetish-formal-fp-heels-heels-preorder-labelpreorder-office-pinup-ppo-preorder.jpg?v=1687777395,in_stock,"174.95 AUD",,"Bordello Shoes",,TEE06/B-08,yes,new,HEELS,9438098765,,"US 08 [WOMENS]",,,,1.315,kg,,https://www.beserk.com.au/pages/privacy-policy,https://www.beserk.com.au/pages/terms-and-conditions,https://www.beserk.com.au/pages/beserk-returns,AU,AU
34743365197,"Teeze-06 | Black Patent [Preorder], US 09 [WOMENS]","MATERIALS : Made from Patent Polyurethane Material DIMENSIONS : 5 3/4"" Heel, 1 3/4"" Concealed Platform, Patent Pump SIZING : Bordello Shoes are listed in US Sizing. To convert from Australian to US Sizes the general rule is get 1/2 or 1 size larger than your Australian size. PLEASE NOTE | This is a PRE-ORDER Item. We do not keep these shoes in stock. Regular orders are placed with Bordello in the USA which take approx. 12 BUSINESS DAYS to arrive at the Beserk Warehouse, from there your order will then be dispatched same day. Any other items purchased with your Pre-ordered shoes will be kept aside and sent together when they arrive. On the rare occasion Bordello do not have your size in stock, we will contact you ASAP. Bordello. The Ultimate Seduction",Beserk,https://www.beserk.com.au/products/teeze-06-black-patent-preorder?variant=34743365197&country=AU,https://cdn.shopify.com/s/files/1/0836/9167/files/teeze-06-or-black-patent-preorder-beserk-all-black-bordello-bordello-shoes-clickfrenzy15-2023-discountapp-fetish-formal-fp-heels-heels-preorder-labelpreorder-office-pinup-ppo-preorder.jpg?v=1687777395,in_stock,"174.95 AUD",,"Bordello Shoes",,TEE06/B-09,yes,new,HEELS,9438098765,,"US 09 [WOMENS]",,,,1.315,kg,,https://www.beserk.com.au/pages/privacy-policy,https://www.beserk.com.au/pages/terms-and-conditions,https://www.beserk.com.au/pages/beserk-returns,AU,AU
34743365325,"Teeze-06 | Black Patent [Preorder], US 10 [WOMENS]","MATERIALS : Made from Patent Polyurethane Material DIMENSIONS : 5 3/4"" Heel, 1 3/4"" Concealed Platform, Patent Pump SIZING : Bordello Shoes are listed in US Sizing. To convert from Australian to US Sizes the general rule is get 1/2 or 1 size larger than your Australian size. PLEASE NOTE | This is a PRE-ORDER Item. We do not keep these shoes in stock. Regular orders are placed with Bordello in the USA which take approx. 12 BUSINESS DAYS to arrive at the Beserk Warehouse, from there your order will then be dispatched same day. Any other items purchased with your Pre-ordered shoes will be kept aside and sent together when they arrive. On the rare occasion Bordello do not have your size in stock, we will contact you ASAP. Bordello. The Ultimate Seduction",Beserk,https://www.beserk.com.au/products/teeze-06-black-patent-preorder?variant=34743365325&country=AU,https://cdn.shopify.com/s/files/1/0836/9167/files/teeze-06-or-black-patent-preorder-beserk-all-black-bordello-bordello-shoes-clickfrenzy15-2023-discountapp-fetish-formal-fp-heels-heels-preorder-labelpreorder-office-pinup-ppo-preorder.jpg?v=1687777395,in_stock,"174.95 AUD",,"Bordello Shoes",,TEE06/B-10,yes,new,HEELS,9438098765,,"US 10 [WOMENS]",,,,1.315,kg,,https://www.beserk.com.au/pages/privacy-policy,https://www.beserk.com.au/pages/terms-and-conditions,https://www.beserk.com.au/pages/beserk-returns,AU,AU
34743365389,"Teeze-06 | Black Patent [Preorder], US 11 [WOMENS]","MATERIALS : Made from Patent Polyurethane Material DIMENSIONS : 5 3/4"" Heel, 1 3/4"" Concealed Platform, Patent Pump SIZING : Bordello Shoes are listed in US Sizing. To convert from Australian to US Sizes the general rule is get 1/2 or 1 size larger than your Australian size. PLEASE NOTE | This is a PRE-ORDER Item. We do not keep these shoes in stock. Regular orders are placed with Bordello in the USA which take approx. 12 BUSINESS DAYS to arrive at the Beserk Warehouse, from there your order will then be dispatched same day. Any other items purchased with your Pre-ordered shoes will be kept aside and sent together when they arrive. On the rare occasion Bordello do not have your size in stock, we will contact you ASAP. Bordello. The Ultimate Seduction",Beserk,https://www.beserk.com.au/products/teeze-06-black-patent-preorder?variant=34743365389&country=AU,https://cdn.shopify.com/s/files/1/0836/9167/files/teeze-06-or-black-patent-preorder-beserk-all-black-bordello-bordello-shoes-clickfrenzy15-2023-discountapp-fetish-formal-fp-heels-heels-preorder-labelpreorder-office-pinup-ppo-preorder.jpg?v=1687777395,in_stock,"174.95 AUD",,"Bordello Shoes",,TEE06/B-11,yes,new,HEELS,9438098765,,"US 11 [WOMENS]",,,,1.315,kg,,https://www.beserk.com.au/pages/privacy-policy,https://www.beserk.com.au/pages/terms-and-conditions,https://www.beserk.com.au/pages/beserk-returns,AU,AU
34743365453,"Teeze-06 | Black Patent [Preorder], US 12 [WOMENS]","MATERIALS : Made from Patent Polyurethane Material DIMENSIONS : 5 3/4"" Heel, 1 3/4"" Concealed Platform, Patent Pump SIZING : Bordello Shoes are listed in US Sizing. To convert from Australian to US Sizes the general rule is get 1/2 or 1 size larger than your Australian size. PLEASE NOTE | This is a PRE-ORDER Item. We do not keep these shoes in stock. Regular orders are placed with Bordello in the USA which take approx. 12 BUSINESS DAYS to arrive at the Beserk Warehouse, from there your order will then be dispatched same day. Any other items purchased with your Pre-ordered shoes will be kept aside and sent together when they arrive. On the rare occasion Bordello do not have your size in stock, we will contact you ASAP. Bordello. The Ultimate Seduction",Beserk,https://www.beserk.com.au/products/teeze-06-black-patent-preorder?variant=34743365453&country=AU,https://cdn.shopify.com/s/files/1/0836/9167/files/teeze-06-or-black-patent-preorder-beserk-all-black-bordello-bordello-shoes-clickfrenzy15-2023-discountapp-fetish-formal-fp-heels-heels-preorder-labelpreorder-office-pinup-ppo-preorder.jpg?v=1687777395,in_stock,"174.95 AUD",,"Bordello Shoes",,TEE06/B-12,yes,new,HEELS,9438098765,,"US 12 [WOMENS]",,,,1.452,kg,,https://www.beserk.com.au/pages/privacy-policy,https://www.beserk.com.au/pages/terms-and-conditions,https://www.beserk.com.au/pages/beserk-returns,AU,AU
34743505229,"Flamingo-809 [Patent Red] | Platform Heels [Preorder], US 05 [WOMENS]","Patent Red Platform Heels FEATURES: - Ankle Strap - Peep Toe - 8"" (200mm) Heel - 4"" (100mm) Platform MATERIALS: Made from Vegan Patent Leather SIZING: Pleaser Shoes are listed in US Sizing. To convert from Australian to US Sizes the general rule is get 1/2 or 1 size larger than your Australian size. Please see sizing tab below for more information. 100% Vegan & Cruelty-Free! PLEASE NOTE | This is a PRE-ORDER Item. We do not keep these shoes in stock. Regular orders are placed with Pleaser in the USA which take approx. 12 BUSINESS DAYS to arrive at the Beserk Warehouse, from there your order will then be dispatched same day. Any other items purchased with your Pre-ordered shoes will be kept aside and sent together when they arrive. On the rare occasion Pleaser do not have your size in stock, we will contact you ASAP. PLEASER - Sexier Than Ever",Beserk,https://www.beserk.com.au/products/flamingo-809-patent-red-platform-heels-preorder?variant=34743505229&country=AU,https://cdn.shopify.com/s/files/1/0836/9167/files/flamingo-809-patent-red-or-platform-heels-preorder-beserk-all-clickfrenzy15-2023-discountapp-fp-heel-heels-heels-preorder-labelpreorder-labelvegan-platform-platform-heels-platforms-pl.jpg?v=1687777400,in_stock,"142.95 AUD",,Pleaser,,FLAM809/R/M-05,yes,new,HEELS,9438127629,,"US 05 [WOMENS]",,,,1.27,kg,,https://www.beserk.com.au/pages/privacy-policy,https://www.beserk.com.au/pages/terms-and-conditions,https://www.beserk.com.au/pages/beserk-returns,AU,AU
34743505421,"Flamingo-809 [Patent Red] | Platform Heels [Preorder], US 06 [WOMENS]","Patent Red Platform Heels FEATURES: - Ankle Strap - Peep Toe - 8"" (200mm) Heel - 4"" (100mm) Platform MATERIALS: Made from Vegan Patent Leather SIZING: Pleaser Shoes are listed in US Sizing. To convert from Australian to US Sizes the general rule is get 1/2 or 1 size larger than your Australian size. Please see sizing tab below for more information. 100% Vegan & Cruelty-Free! PLEASE NOTE | This is a PRE-ORDER Item. We do not keep these shoes in stock. Regular orders are placed with Pleaser in the USA which take approx. 12 BUSINESS DAYS to arrive at the Beserk Warehouse, from there your order will then be dispatched same day. Any other items purchased with your Pre-ordered shoes will be kept aside and sent together when they arrive. On the rare occasion Pleaser do not have your size in stock, we will contact you ASAP. PLEASER - Sexier Than Ever",Beserk,https://www.beserk.com.au/products/flamingo-809-patent-red-platform-heels-preorder?variant=34743505421&country=AU,https://cdn.shopify.com/s/files/1/0836/9167/files/flamingo-809-patent-red-or-platform-heels-preorder-beserk-all-clickfrenzy15-2023-discountapp-fp-heel-heels-heels-preorder-labelpreorder-labelvegan-platform-platform-heels-platforms-pl.jpg?v=1687777400,in_stock,"142.95 AUD",,Pleaser,,FLAM809/R/M-06,yes,new,HEELS,9438127629,,"US 06 [WOMENS]",,,,1.27,kg,,https://www.beserk.com.au/pages/privacy-policy,https://www.beserk.com.au/pages/terms-and-conditions,https://www.beserk.com.au/pages/beserk-returns,AU,AU
35029611021,"Flamingo-809 [Patent Red] | Platform Heels [Preorder], US 07 [WOMENS]","Patent Red Platform Heels FEATURES: - Ankle Strap - Peep Toe - 8"" (200mm) Heel - 4"" (100mm) Platform MATERIALS: Made from Vegan Patent Leather SIZING: Pleaser Shoes are listed in US Sizing. To convert from Australian to US Sizes the general rule is get 1/2 or 1 size larger than your Australian size. Please see sizing tab below for more information. 100% Vegan & Cruelty-Free! PLEASE NOTE | This is a PRE-ORDER Item. We do not keep these shoes in stock. Regular orders are placed with Pleaser in the USA which take approx. 12 BUSINESS DAYS to arrive at the Beserk Warehouse, from there your order will then be dispatched same day. Any other items purchased with your Pre-ordered shoes will be kept aside and sent together when they arrive. On the rare occasion Pleaser do not have your size in stock, we will contact you ASAP. PLEASER - Sexier Than Ever",Beserk,https://www.beserk.com.au/products/flamingo-809-patent-red-platform-heels-preorder?variant=35029611021&country=AU,https://cdn.shopify.com/s/files/1/0836/9167/files/flamingo-809-patent-red-or-platform-heels-preorder-beserk-all-clickfrenzy15-2023-discountapp-fp-heel-heels-heels-preorder-labelpreorder-labelvegan-platform-platform-heels-platforms-pl.jpg?v=1687777400,in_stock,"142.95 AUD",,Pleaser,,FLAM809/R/M-07,yes,new,HEELS,9438127629,,"US 07 [WOMENS]",,,,1.27,kg,,https://www.beserk.com.au/pages/privacy-policy,https://www.beserk.com.au/pages/terms-and-conditions,https://www.beserk.com.au/pages/beserk-returns,AU,AU
34743505549,"Flamingo-809 [Patent Red] | Platform Heels [Preorder], US 08 [WOMENS]","Patent Red Platform Heels FEATURES: - Ankle Strap - Peep Toe - 8"" (200mm) Heel - 4"" (100mm) Platform MATERIALS: Made from Vegan Patent Leather SIZING: Pleaser Shoes are listed in US Sizing. To convert from Australian to US Sizes the general rule is get 1/2 or 1 size larger than your Australian size. Please see sizing tab below for more information. 100% Vegan & Cruelty-Free! PLEASE NOTE | This is a PRE-ORDER Item. We do not keep these shoes in stock. Regular orders are placed with Pleaser in the USA which take approx. 12 BUSINESS DAYS to arrive at the Beserk Warehouse, from there your order will then be dispatched same day. Any other items purchased with your Pre-ordered shoes will be kept aside and sent together when they arrive. On the rare occasion Pleaser do not have your size in stock, we will contact you ASAP. PLEASER - Sexier Than Ever",Beserk,https://www.beserk.com.au/products/flamingo-809-patent-red-platform-heels-preorder?variant=34743505549&country=AU,https://cdn.shopify.com/s/files/1/0836/9167/files/flamingo-809-patent-red-or-platform-heels-preorder-beserk-all-clickfrenzy15-2023-discountapp-fp-heel-heels-heels-preorder-labelpreorder-labelvegan-platform-platform-heels-platforms-pl.jpg?v=1687777400,in_stock,"142.95 AUD",,Pleaser,,FLAM809/R/M-08,yes,new,HEELS,9438127629,,"US 08 [WOMENS]",,,,1.27,kg,,https://www.beserk.com.au/pages/privacy-policy,https://www.beserk.com.au/pages/terms-and-conditions,https://www.beserk.com.au/pages/beserk-returns,AU,AU
35029731021,"Flamingo-809 [Patent Red] | Platform Heels [Preorder], US 09 [WOMENS]","Patent Red Platform Heels FEATURES: - Ankle Strap - Peep Toe - 8"" (200mm) Heel - 4"" (100mm) Platform MATERIALS: Made from Vegan Patent Leather SIZING: Pleaser Shoes are listed in US Sizing. To convert from Australian to US Sizes the general rule is get 1/2 or 1 size larger than your Australian size. Please see sizing tab below for more information. 100% Vegan & Cruelty-Free! PLEASE NOTE | This is a PRE-ORDER Item. We do not keep these shoes in stock. Regular orders are placed with Pleaser in the USA which take approx. 12 BUSINESS DAYS to arrive at the Beserk Warehouse, from there your order will then be dispatched same day. Any other items purchased with your Pre-ordered shoes will be kept aside and sent together when they arrive. On the rare occasion Pleaser do not have your size in stock, we will contact you ASAP. PLEASER - Sexier Than Ever",Beserk,https://www.beserk.com.au/products/flamingo-809-patent-red-platform-heels-preorder?variant=35029731021&country=AU,https://cdn.shopify.com/s/files/1/0836/9167/files/flamingo-809-patent-red-or-platform-heels-preorder-beserk-all-clickfrenzy15-2023-discountapp-fp-heel-heels-heels-preorder-labelpreorder-labelvegan-platform-platform-heels-platforms-pl.jpg?v=1687777400,in_stock,"142.95 AUD",,Pleaser,,FLAM809/R/M-09,yes,new,HEELS,9438127629,,"US 09 [WOMENS]",,,,1.542,kg,,https://www.beserk.com.au/pages/privacy-policy,https://www.beserk.com.au/pages/terms-and-conditions,https://www.beserk.com.au/pages/beserk-returns,AU,AU
34743506189,"Flamingo-809 [Patent Red] | Platform Heels [Preorder], US 10 [WOMENS]","Patent Red Platform Heels FEATURES: - Ankle Strap - Peep Toe - 8"" (200mm) Heel - 4"" (100mm) Platform MATERIALS: Made from Vegan Patent Leather SIZING: Pleaser Shoes are listed in US Sizing. To convert from Australian to US Sizes the general rule is get 1/2 or 1 size larger than your Australian size. Please see sizing tab below for more information. 100% Vegan & Cruelty-Free! PLEASE NOTE | This is a PRE-ORDER Item. We do not keep these shoes in stock. Regular orders are placed with Pleaser in the USA which take approx. 12 BUSINESS DAYS to arrive at the Beserk Warehouse, from there your order will then be dispatched same day. Any other items purchased with your Pre-ordered shoes will be kept aside and sent together when they arrive. On the rare occasion Pleaser do not have your size in stock, we will contact you ASAP. PLEASER - Sexier Than Ever",Beserk,https://www.beserk.com.au/products/flamingo-809-patent-red-platform-heels-preorder?variant=34743506189&country=AU,https://cdn.shopify.com/s/files/1/0836/9167/files/flamingo-809-patent-red-or-platform-heels-preorder-beserk-all-clickfrenzy15-2023-discountapp-fp-heel-heels-heels-preorder-labelpreorder-labelvegan-platform-platform-heels-platforms-pl.jpg?v=1687777400,in_stock,"142.95 AUD",,Pleaser,,FLAM809/R/M-10,yes,new,HEELS,9438127629,,"US 10 [WOMENS]",,,,1.542,kg,,https://www.beserk.com.au/pages/privacy-policy,https://www.beserk.com.au/pages/terms-and-conditions,https://www.beserk.com.au/pages/beserk-returns,AU,AU
34743506317,"Flamingo-809 [Patent Red] | Platform Heels [Preorder], US 11 [WOMENS]","Patent Red Platform Heels FEATURES: - Ankle Strap - Peep Toe - 8"" (200mm) Heel - 4"" (100mm) Platform MATERIALS: Made from Vegan Patent Leather SIZING: Pleaser Shoes are listed in US Sizing. To convert from Australian to US Sizes the general rule is get 1/2 or 1 size larger than your Australian size. Please see sizing tab below for more information. 100% Vegan & Cruelty-Free! PLEASE NOTE | This is a PRE-ORDER Item. We do not keep these shoes in stock. Regular orders are placed with Pleaser in the USA which take approx. 12 BUSINESS DAYS to arrive at the Beserk Warehouse, from there your order will then be dispatched same day. Any other items purchased with your Pre-ordered shoes will be kept aside and sent together when they arrive. On the rare occasion Pleaser do not have your size in stock, we will contact you ASAP. PLEASER - Sexier Than Ever",Beserk,https://www.beserk.com.au/products/flamingo-809-patent-red-platform-heels-preorder?variant=34743506317&country=AU,https://cdn.shopify.com/s/files/1/0836/9167/files/flamingo-809-patent-red-or-platform-heels-preorder-beserk-all-clickfrenzy15-2023-discountapp-fp-heel-heels-heels-preorder-labelpreorder-labelvegan-platform-platform-heels-platforms-pl.jpg?v=1687777400,in_stock,"142.95 AUD",,Pleaser,,FLAM809/R/M-11,yes,new,HEELS,9438127629,,"US 11 [WOMENS]",,,,1.542,kg,,https://www.beserk.com.au/pages/privacy-policy,https://www.beserk.com.au/pages/terms-and-conditions,https://www.beserk.com.au/pages/beserk-returns,AU,AU
34743506509,"Flamingo-809 [Patent Red] | Platform Heels [Preorder], US 12 [WOMENS]","Patent Red Platform Heels FEATURES: - Ankle Strap - Peep Toe - 8"" (200mm) Heel - 4"" (100mm) Platform MATERIALS: Made from Vegan Patent Leather SIZING: Pleaser Shoes are listed in US Sizing. To convert from Australian to US Sizes the general rule is get 1/2 or 1 size larger than your Australian size. Please see sizing tab below for more information. 100% Vegan & Cruelty-Free! PLEASE NOTE | This is a PRE-ORDER Item. We do not keep these shoes in stock. Regular orders are placed with Pleaser in the USA which take approx. 12 BUSINESS DAYS to arrive at the Beserk Warehouse, from there your order will then be dispatched same day. Any other items purchased with your Pre-ordered shoes will be kept aside and sent together when they arrive. On the rare occasion Pleaser do not have your size in stock, we will contact you ASAP. PLEASER - Sexier Than Ever",Beserk,https://www.beserk.com.au/products/flamingo-809-patent-red-platform-heels-preorder?variant=34743506509&country=AU,https://cdn.shopify.com/s/files/1/0836/9167/files/flamingo-809-patent-red-or-platform-heels-preorder-beserk-all-clickfrenzy15-2023-discountapp-fp-heel-heels-heels-preorder-labelpreorder-labelvegan-platform-platform-heels-platforms-pl.jpg?v=1687777400,in_stock,"142.95 AUD",,Pleaser,,FLAM809/R/M-12,yes,new,HEELS,9438127629,,"US 12 [WOMENS]",,,,1.542,kg,,https://www.beserk.com.au/pages/privacy-policy,https://www.beserk.com.au/pages/terms-and-conditions,https://www.beserk.com.au/pages/beserk-returns,AU,AU
34743509133,"Flamingo-809 [Patent Black] | Platform Heels [Preorder], US 05 [WOMENS]","Patent Black Platform Heels FEATURES: - Ankle Strap - Peep Toe - 8"" (200mm) Heel - 4"" (100mm) Platform MATERIALS: Made from Vegan Patent Leather SIZING: Pleaser Shoes are listed in US Sizing. To convert from Australian to US Sizes the general rule is get 1/2 or 1 size larger than your Australian size. Please see sizing tab below for more information. 100% Vegan & Cruelty-Free! PLEASE NOTE | This is a PRE-ORDER Item. We do not keep these shoes in stock. Regular orders are placed with Pleaser in the USA which take approx. 12 BUSINESS DAYS to arrive at the Beserk Warehouse, from there your order will then be dispatched same day. Any other items purchased with your Pre-ordered shoes will be kept aside and sent together when they arrive. On the rare occasion Pleaser do not have your size in stock, we will contact you ASAP. PLEASER - Sexier Than Ever",Beserk,https://www.beserk.com.au/products/flamingo-809-patent-black-platform-heels-preorder?variant=34743509133&country=AU,https://cdn.shopify.com/s/files/1/0836/9167/files/flamingo-809-patent-black-or-platform-heels-preorder-beserk-all-black-clickfrenzy15-2023-discountapp-fp-heel-heels-heels-preorder-labelpreorder-labelvegan-open-toe-peep-toe-peeptoe-pl.jpg?v=1687777400,in_stock,"142.95 AUD",,Pleaser,,FLAM809/B/M-05,yes,new,HEELS,9438127821,,"US 05 [WOMENS]",,,,1.27,kg,,https://www.beserk.com.au/pages/privacy-policy,https://www.beserk.com.au/pages/terms-and-conditions,https://www.beserk.com.au/pages/beserk-returns,AU,AU
34743509261,"Flamingo-809 [Patent Black] | Platform Heels [Preorder], US 06 [WOMENS]","Patent Black Platform Heels FEATURES: - Ankle Strap - Peep Toe - 8"" (200mm) Heel - 4"" (100mm) Platform MATERIALS: Made from Vegan Patent Leather SIZING: Pleaser Shoes are listed in US Sizing. To convert from Australian to US Sizes the general rule is get 1/2 or 1 size larger than your Australian size. Please see sizing tab below for more information. 100% Vegan & Cruelty-Free! PLEASE NOTE | This is a PRE-ORDER Item. We do not keep these shoes in stock. Regular orders are placed with Pleaser in the USA which take approx. 12 BUSINESS DAYS to arrive at the Beserk Warehouse, from there your order will then be dispatched same day. Any other items purchased with your Pre-ordered shoes will be kept aside and sent together when they arrive. On the rare occasion Pleaser do not have your size in stock, we will contact you ASAP. PLEASER - Sexier Than Ever",Beserk,https://www.beserk.com.au/products/flamingo-809-patent-black-platform-heels-preorder?variant=34743509261&country=AU,https://cdn.shopify.com/s/files/1/0836/9167/files/flamingo-809-patent-black-or-platform-heels-preorder-beserk-all-black-clickfrenzy15-2023-discountapp-fp-heel-heels-heels-preorder-labelpreorder-labelvegan-open-toe-peep-toe-peeptoe-pl.jpg?v=1687777400,in_stock,"142.95 AUD",,Pleaser,,FLAM809/B/M-06,yes,new,HEELS,9438127821,,"US 06 [WOMENS]",,,,1.27,kg,,https://www.beserk.com.au/pages/privacy-policy,https://www.beserk.com.au/pages/terms-and-conditions,https://www.beserk.com.au/pages/beserk-returns,AU,AU
34743509325,"Flamingo-809 [Patent Black] | Platform Heels [Preorder], US 07 [WOMENS]","Patent Black Platform Heels FEATURES: - Ankle Strap - Peep Toe - 8"" (200mm) Heel - 4"" (100mm) Platform MATERIALS: Made from Vegan Patent Leather SIZING: Pleaser Shoes are listed in US Sizing. To convert from Australian to US Sizes the general rule is get 1/2 or 1 size larger than your Australian size. Please see sizing tab below for more information. 100% Vegan & Cruelty-Free! PLEASE NOTE | This is a PRE-ORDER Item. We do not keep these shoes in stock. Regular orders are placed with Pleaser in the USA which take approx. 12 BUSINESS DAYS to arrive at the Beserk Warehouse, from there your order will then be dispatched same day. Any other items purchased with your Pre-ordered shoes will be kept aside and sent together when they arrive. On the rare occasion Pleaser do not have your size in stock, we will contact you ASAP. PLEASER - Sexier Than Ever",Beserk,https://www.beserk.com.au/products/flamingo-809-patent-black-platform-heels-preorder?variant=34743509325&country=AU,https://cdn.shopify.com/s/files/1/0836/9167/files/flamingo-809-patent-black-or-platform-heels-preorder-beserk-all-black-clickfrenzy15-2023-discountapp-fp-heel-heels-heels-preorder-labelpreorder-labelvegan-open-toe-peep-toe-peeptoe-pl.jpg?v=1687777400,in_stock,"142.95 AUD",,Pleaser,,FLAM809/B/M-07,yes,new,HEELS,9438127821,,"US 07 [WOMENS]",,,,1.27,kg,,https://www.beserk.com.au/pages/privacy-policy,https://www.beserk.com.au/pages/terms-and-conditions,https://www.beserk.com.au/pages/beserk-returns,AU,AU
34743509389,"Flamingo-809 [Patent Black] | Platform Heels [Preorder], US 08 [WOMENS]","Patent Black Platform Heels FEATURES: - Ankle Strap - Peep Toe - 8"" (200mm) Heel - 4"" (100mm) Platform MATERIALS: Made from Vegan Patent Leather SIZING: Pleaser Shoes are listed in US Sizing. To convert from Australian to US Sizes the general rule is get 1/2 or 1 size larger than your Australian size. Please see sizing tab below for more information. 100% Vegan & Cruelty-Free! PLEASE NOTE | This is a PRE-ORDER Item. We do not keep these shoes in stock. Regular orders are placed with Pleaser in the USA which take approx. 12 BUSINESS DAYS to arrive at the Beserk Warehouse, from there your order will then be dispatched same day. Any other items purchased with your Pre-ordered shoes will be kept aside and sent together when they arrive. On the rare occasion Pleaser do not have your size in stock, we will contact you ASAP. PLEASER - Sexier Than Ever",Beserk,https://www.beserk.com.au/products/flamingo-809-patent-black-platform-heels-preorder?variant=34743509389&country=AU,https://cdn.shopify.com/s/files/1/0836/9167/files/flamingo-809-patent-black-or-platform-heels-preorder-beserk-all-black-clickfrenzy15-2023-discountapp-fp-heel-heels-heels-preorder-labelpreorder-labelvegan-open-toe-peep-toe-peeptoe-pl.jpg?v=1687777400,in_stock,"142.95 AUD",,Pleaser,,FLAM809/B/M-08,yes,new,HEELS,9438127821,,"US 08 [WOMENS]",,,,1.27,kg,,https://www.beserk.com.au/pages/privacy-policy,https://www.beserk.com.au/pages/terms-and-conditions,https://www.beserk.com.au/pages/beserk-returns,AU,AU
34743509453,"Flamingo-809 [Patent Black] | Platform Heels [Preorder], US 09 [WOMENS]","Patent Black Platform Heels FEATURES: - Ankle Strap - Peep Toe - 8"" (200mm) Heel - 4"" (100mm) Platform MATERIALS: Made from Vegan Patent Leather SIZING: Pleaser Shoes are listed in US Sizing. To convert from Australian to US Sizes the general rule is get 1/2 or 1 size larger than your Australian size. Please see sizing tab below for more information. 100% Vegan & Cruelty-Free! PLEASE NOTE | This is a PRE-ORDER Item. We do not keep these shoes in stock. Regular orders are placed with Pleaser in the USA which take approx. 12 BUSINESS DAYS to arrive at the Beserk Warehouse, from there your order will then be dispatched same day. Any other items purchased with your Pre-ordered shoes will be kept aside and sent together when they arrive. On the rare occasion Pleaser do not have your size in stock, we will contact you ASAP. PLEASER - Sexier Than Ever",Beserk,https://www.beserk.com.au/products/flamingo-809-patent-black-platform-heels-preorder?variant=34743509453&country=AU,https://cdn.shopify.com/s/files/1/0836/9167/files/flamingo-809-patent-black-or-platform-heels-preorder-beserk-all-black-clickfrenzy15-2023-discountapp-fp-heel-heels-heels-preorder-labelpreorder-labelvegan-open-toe-peep-toe-peeptoe-pl.jpg?v=1687777400,in_stock,"142.95 AUD",,Pleaser,,FLAM809/B/M-09,yes,new,HEELS,9438127821,,"US 09 [WOMENS]",,,,1.542,kg,,https://www.beserk.com.au/pages/privacy-policy,https://www.beserk.com.au/pages/terms-and-conditions,https://www.beserk.com.au/pages/beserk-returns,AU,AU
34743509517,"Flamingo-809 [Patent Black] | Platform Heels [Preorder], US 10 [WOMENS]","Patent Black Platform Heels FEATURES: - Ankle Strap - Peep Toe - 8"" (200mm) Heel - 4"" (100mm) Platform MATERIALS: Made from Vegan Patent Leather SIZING: Pleaser Shoes are listed in US Sizing. To convert from Australian to US Sizes the general rule is get 1/2 or 1 size larger than your Australian size. Please see sizing tab below for more information. 100% Vegan & Cruelty-Free! PLEASE NOTE | This is a PRE-ORDER Item. We do not keep these shoes in stock. Regular orders are placed with Pleaser in the USA which take approx. 12 BUSINESS DAYS to arrive at the Beserk Warehouse, from there your order will then be dispatched same day. Any other items purchased with your Pre-ordered shoes will be kept aside and sent together when they arrive. On the rare occasion Pleaser do not have your size in stock, we will contact you ASAP. PLEASER - Sexier Than Ever",Beserk,https://www.beserk.com.au/products/flamingo-809-patent-black-platform-heels-preorder?variant=34743509517&country=AU,https://cdn.shopify.com/s/files/1/0836/9167/files/flamingo-809-patent-black-or-platform-heels-preorder-beserk-all-black-clickfrenzy15-2023-discountapp-fp-heel-heels-heels-preorder-labelpreorder-labelvegan-open-toe-peep-toe-peeptoe-pl.jpg?v=1687777400,in_stock,"142.95 AUD",,Pleaser,,FLAM809/B/M-10,yes,new,HEELS,9438127821,,"US 10 [WOMENS]",,,,1.542,kg,,https://www.beserk.com.au/pages/privacy-policy,https://www.beserk.com.au/pages/terms-and-conditions,https://www.beserk.com.au/pages/beserk-returns,AU,AU
34743509581,"Flamingo-809 [Patent Black] | Platform Heels [Preorder], US 11 [WOMENS]","Patent Black Platform Heels FEATURES: - Ankle Strap - Peep Toe - 8"" (200mm) Heel - 4"" (100mm) Platform MATERIALS: Made from Vegan Patent Leather SIZING: Pleaser Shoes are listed in US Sizing. To convert from Australian to US Sizes the general rule is get 1/2 or 1 size larger than your Australian size. Please see sizing tab below for more information. 100% Vegan & Cruelty-Free! PLEASE NOTE | This is a PRE-ORDER Item. We do not keep these shoes in stock. Regular orders are placed with Pleaser in the USA which take approx. 12 BUSINESS DAYS to arrive at the Beserk Warehouse, from there your order will then be dispatched same day. Any other items purchased with your Pre-ordered shoes will be kept aside and sent together when they arrive. On the rare occasion Pleaser do not have your size in stock, we will contact you ASAP. PLEASER - Sexier Than Ever",Beserk,https://www.beserk.com.au/products/flamingo-809-patent-black-platform-heels-preorder?variant=34743509581&country=AU,https://cdn.shopify.com/s/files/1/0836/9167/files/flamingo-809-patent-black-or-platform-heels-preorder-beserk-all-black-clickfrenzy15-2023-discountapp-fp-heel-heels-heels-preorder-labelpreorder-labelvegan-open-toe-peep-toe-peeptoe-pl.jpg?v=1687777400,in_stock,"142.95 AUD",,Pleaser,,FLAM809/B/M-11,yes,new,HEELS,9438127821,,"US 11 [WOMENS]",,,,1.542,kg,,https://www.beserk.com.au/pages/privacy-policy,https://www.beserk.com.au/pages/terms-and-conditions,https://www.beserk.com.au/pages/beserk-returns,AU,AU
34743509645,"Flamingo-809 [Patent Black] | Platform Heels [Preorder], US 12 [WOMENS]","Patent Black Platform Heels FEATURES: - Ankle Strap - Peep Toe - 8"" (200mm) Heel - 4"" (100mm) Platform MATERIALS: Made from Vegan Patent Leather SIZING: Pleaser Shoes are listed in US Sizing. To convert from Australian to US Sizes the general rule is get 1/2 or 1 size larger than your Australian size. Please see sizing tab below for more information. 100% Vegan & Cruelty-Free! PLEASE NOTE | This is a PRE-ORDER Item. We do not keep these shoes in stock. Regular orders are placed with Pleaser in the USA which take approx. 12 BUSINESS DAYS to arrive at the Beserk Warehouse, from there your order will then be dispatched same day. Any other items purchased with your Pre-ordered shoes will be kept aside and sent together when they arrive. On the rare occasion Pleaser do not have your size in stock, we will contact you ASAP. PLEASER - Sexier Than Ever",Beserk,https://www.beserk.com.au/products/flamingo-809-patent-black-platform-heels-preorder?variant=34743509645&country=AU,https://cdn.shopify.com/s/files/1/0836/9167/files/flamingo-809-patent-black-or-platform-heels-preorder-beserk-all-black-clickfrenzy15-2023-discountapp-fp-heel-heels-heels-preorder-labelpreorder-labelvegan-open-toe-peep-toe-peeptoe-pl.jpg?v=1687777400,in_stock,"142.95 AUD",,Pleaser,,FLAM809/B/M-12,yes,new,HEELS,9438127821,,"US 12 [WOMENS]",,,,1.542,kg,,https://www.beserk.com.au/pages/privacy-policy,https://www.beserk.com.au/pages/terms-and-conditions,https://www.beserk.com.au/pages/beserk-returns,AU,AU
39808458457222,"Flamingo-809 [Patent Black] | Platform Heels [Preorder], US 13 [WOMENS]","Patent Black Platform Heels FEATURES: - Ankle Strap - Peep Toe - 8"" (200mm) Heel - 4"" (100mm) Platform MATERIALS: Made from Vegan Patent Leather SIZING: Pleaser Shoes are listed in US Sizing. To convert from Australian to US Sizes the general rule is get 1/2 or 1 size larger than your Australian size. Please see sizing tab below for more information. 100% Vegan & Cruelty-Free! PLEASE NOTE | This is a PRE-ORDER Item. We do not keep these shoes in stock. Regular orders are placed with Pleaser in the USA which take approx. 12 BUSINESS DAYS to arrive at the Beserk Warehouse, from there your order will then be dispatched same day. Any other items purchased with your Pre-ordered shoes will be kept aside and sent together when they arrive. On the rare occasion Pleaser do not have your size in stock, we will contact you ASAP. PLEASER - Sexier Than Ever",Beserk,https://www.beserk.com.au/products/flamingo-809-patent-black-platform-heels-preorder?variant=39808458457222&country=AU,https://cdn.shopify.com/s/files/1/0836/9167/files/flamingo-809-patent-black-or-platform-heels-preorder-beserk-all-black-clickfrenzy15-2023-discountapp-fp-heel-heels-heels-preorder-labelpreorder-labelvegan-open-toe-peep-toe-peeptoe-pl.jpg?v=1687777400,in_stock,"142.95 AUD",,Pleaser,,FLAM809/B/M-13,yes,new,HEELS,9438127821,,"US 13 [WOMENS]",,,,1.27,kg,,https://www.beserk.com.au/pages/privacy-policy,https://www.beserk.com.au/pages/terms-and-conditions,https://www.beserk.com.au/pages/beserk-returns,AU,AU
39808458489990,"Flamingo-809 [Patent Black] | Platform Heels [Preorder], US 14 [WOMENS]","Patent Black Platform Heels FEATURES: - Ankle Strap - Peep Toe - 8"" (200mm) Heel - 4"" (100mm) Platform MATERIALS: Made from Vegan Patent Leather SIZING: Pleaser Shoes are listed in US Sizing. To convert from Australian to US Sizes the general rule is get 1/2 or 1 size larger than your Australian size. Please see sizing tab below for more information. 100% Vegan & Cruelty-Free! PLEASE NOTE | This is a PRE-ORDER Item. We do not keep these shoes in stock. Regular orders are placed with Pleaser in the USA which take approx. 12 BUSINESS DAYS to arrive at the Beserk Warehouse, from there your order will then be dispatched same day. Any other items purchased with your Pre-ordered shoes will be kept aside and sent together when they arrive. On the rare occasion Pleaser do not have your size in stock, we will contact you ASAP. PLEASER - Sexier Than Ever",Beserk,https://www.beserk.com.au/products/flamingo-809-patent-black-platform-heels-preorder?variant=39808458489990&country=AU,https://cdn.shopify.com/s/files/1/0836/9167/files/flamingo-809-patent-black-or-platform-heels-preorder-beserk-all-black-clickfrenzy15-2023-discountapp-fp-heel-heels-heels-preorder-labelpreorder-labelvegan-open-toe-peep-toe-peeptoe-pl.jpg?v=1687777400,in_stock,"142.95 AUD",,Pleaser,,FLAM809/B/M-14,yes,new,HEELS,9438127821,,"US 14 [WOMENS]",,,,1.27,kg,,https://www.beserk.com.au/pages/privacy-policy,https://www.beserk.com.au/pages/terms-and-conditions,https://www.beserk.com.au/pages/beserk-returns,AU,AU
34743514701,"Delight-3028 [Black] | Platform Boots [Preorder], US 06 [WOMENS]","Black Stretch Thigh High Boot s FEATURES: - Ribbon Lace-Up Front - Triple Buckle Strap - Full Inner Side Zip Closure - 6"" (152mm) Heel - 1 3/4"" (4.5cm) Platform MATERIALS: Made from Vegan Leather. SIZING: Pleaser Shoes are listed in US Sizing. To convert from Australian to US Sizes the general rule is get 1/2 or 1 size larger than your Australian size. Please see sizing tab below for more information. 100% Vegan & Cruelty-Free! PLEASE NOTE | This is a PRE-ORDER Item. We do not keep these shoes in stock. Regular orders are placed with Pleaser in the USA which take approx. 12 BUSINESS DAYS to arrive at the Beserk Warehouse, from there your order will then be dispatched same day. Any other items purchased with your Pre-ordered shoes will be kept aside and sent together when they arrive. On the rare occasion Pleaser do not have your size in stock, we will contact you ASAP. PLEASER - Sexier Than Ever",Beserk,https://www.beserk.com.au/products/delight-3028-preorder?variant=34743514701&country=AU,https://cdn.shopify.com/s/files/1/0836/9167/files/delight-3028-black-or-platform-boots-preorder-beserk-all-black-boot-boots-boots-preorder-buckles-clickfrenzy15-2023-discountapp-fp-goth-gothic-halloween-heel-heels-heels-preorder-knee.jpg?v=1687777406,in_stock,"256.95 AUD",,Pleaser,,DEL3028/B/PU-06,yes,new,BOOTS,9438129229,,"US 06 [WOMENS]",,,,1.905,kg,,https://www.beserk.com.au/pages/privacy-policy,https://www.beserk.com.au/pages/terms-and-conditions,https://www.beserk.com.au/pages/beserk-returns,AU,AU
34743514765,"Delight-3028 [Black] | Platform Boots [Preorder], US 07 [WOMENS]","Black Stretch Thigh High Boot s FEATURES: - Ribbon Lace-Up Front - Triple Buckle Strap - Full Inner Side Zip Closure - 6"" (152mm) Heel - 1 3/4"" (4.5cm) Platform MATERIALS: Made from Vegan Leather. SIZING: Pleaser Shoes are listed in US Sizing. To convert from Australian to US Sizes the general rule is get 1/2 or 1 size larger than your Australian size. Please see sizing tab below for more information. 100% Vegan & Cruelty-Free! PLEASE NOTE | This is a PRE-ORDER Item. We do not keep these shoes in stock. Regular orders are placed with Pleaser in the USA which take approx. 12 BUSINESS DAYS to arrive at the Beserk Warehouse, from there your order will then be dispatched same day. Any other items purchased with your Pre-ordered shoes will be kept aside and sent together when they arrive. On the rare occasion Pleaser do not have your size in stock, we will contact you ASAP. PLEASER - Sexier Than Ever",Beserk,https://www.beserk.com.au/products/delight-3028-preorder?variant=34743514765&country=AU,https://cdn.shopify.com/s/files/1/0836/9167/files/delight-3028-black-or-platform-boots-preorder-beserk-all-black-boot-boots-boots-preorder-buckles-clickfrenzy15-2023-discountapp-fp-goth-gothic-halloween-heel-heels-heels-preorder-knee.jpg?v=1687777406,in_stock,"256.95 AUD",,Pleaser,,DEL3028/B/PU-07,yes,new,BOOTS,9438129229,,"US 07 [WOMENS]",,,,1.905,kg,,https://www.beserk.com.au/pages/privacy-policy,https://www.beserk.com.au/pages/terms-and-conditions,https://www.beserk.com.au/pages/beserk-returns,AU,AU
34743514829,"Delight-3028 [Black] | Platform Boots [Preorder], US 08 [WOMENS]","Black Stretch Thigh High Boot s FEATURES: - Ribbon Lace-Up Front - Triple Buckle Strap - Full Inner Side Zip Closure - 6"" (152mm) Heel - 1 3/4"" (4.5cm) Platform MATERIALS: Made from Vegan Leather. SIZING: Pleaser Shoes are listed in US Sizing. To convert from Australian to US Sizes the general rule is get 1/2 or 1 size larger than your Australian size. Please see sizing tab below for more information. 100% Vegan & Cruelty-Free! PLEASE NOTE | This is a PRE-ORDER Item. We do not keep these shoes in stock. Regular orders are placed with Pleaser in the USA which take approx. 12 BUSINESS DAYS to arrive at the Beserk Warehouse, from there your order will then be dispatched same day. Any other items purchased with your Pre-ordered shoes will be kept aside and sent together when they arrive. On the rare occasion Pleaser do not have your size in stock, we will contact you ASAP. PLEASER - Sexier Than Ever",Beserk,https://www.beserk.com.au/products/delight-3028-preorder?variant=34743514829&country=AU,https://cdn.shopify.com/s/files/1/0836/9167/files/delight-3028-black-or-platform-boots-preorder-beserk-all-black-boot-boots-boots-preorder-buckles-clickfrenzy15-2023-discountapp-fp-goth-gothic-halloween-heel-heels-heels-preorder-knee.jpg?v=1687777406,in_stock,"256.95 AUD",,Pleaser,,DEL3028/B/PU-08,yes,new,BOOTS,9438129229,,"US 08 [WOMENS]",,,,1.905,kg,,https://www.beserk.com.au/pages/privacy-policy,https://www.beserk.com.au/pages/terms-and-conditions,https://www.beserk.com.au/pages/beserk-returns,AU,AU
34743514893,"Delight-3028 [Black] | Platform Boots [Preorder], US 09 [WOMENS]","Black Stretch Thigh High Boot s FEATURES: - Ribbon Lace-Up Front - Triple Buckle Strap - Full Inner Side Zip Closure - 6"" (152mm) Heel - 1 3/4"" (4.5cm) Platform MATERIALS: Made from Vegan Leather. SIZING: Pleaser Shoes are listed in US Sizing. To convert from Australian to US Sizes the general rule is get 1/2 or 1 size larger than your Australian size. Please see sizing tab below for more information. 100% Vegan & Cruelty-Free! PLEASE NOTE | This is a PRE-ORDER Item. We do not keep these shoes in stock. Regular orders are placed with Pleaser in the USA which take approx. 12 BUSINESS DAYS to arrive at the Beserk Warehouse, from there your order will then be dispatched same day. Any other items purchased with your Pre-ordered shoes will be kept aside and sent together when they arrive. On the rare occasion Pleaser do not have your size in stock, we will contact you ASAP. PLEASER - Sexier Than Ever",Beserk,https://www.beserk.com.au/products/delight-3028-preorder?variant=34743514893&country=AU,https://cdn.shopify.com/s/files/1/0836/9167/files/delight-3028-black-or-platform-boots-preorder-beserk-all-black-boot-boots-boots-preorder-buckles-clickfrenzy15-2023-discountapp-fp-goth-gothic-halloween-heel-heels-heels-preorder-knee.jpg?v=1687777406,in_stock,"256.95 AUD",,Pleaser,,DEL3028/B/PU-09,yes,new,BOOTS,9438129229,,"US 09 [WOMENS]",,,,1.905,kg,,https://www.beserk.com.au/pages/privacy-policy,https://www.beserk.com.au/pages/terms-and-conditions,https://www.beserk.com.au/pages/beserk-returns,AU,AU
34743514957,"Delight-3028 [Black] | Platform Boots [Preorder], US 10 [WOMENS]","Black Stretch Thigh High Boot s FEATURES: - Ribbon Lace-Up Front - Triple Buckle Strap - Full Inner Side Zip Closure - 6"" (152mm) Heel - 1 3/4"" (4.5cm) Platform MATERIALS: Made from Vegan Leather. SIZING: Pleaser Shoes are listed in US Sizing. To convert from Australian to US Sizes the general rule is get 1/2 or 1 size larger than your Australian size. Please see sizing tab below for more information. 100% Vegan & Cruelty-Free! PLEASE NOTE | This is a PRE-ORDER Item. We do not keep these shoes in stock. Regular orders are placed with Pleaser in the USA which take approx. 12 BUSINESS DAYS to arrive at the Beserk Warehouse, from there your order will then be dispatched same day. Any other items purchased with your Pre-ordered shoes will be kept aside and sent together when they arrive. On the rare occasion Pleaser do not have your size in stock, we will contact you ASAP. PLEASER - Sexier Than Ever",Beserk,https://www.beserk.com.au/products/delight-3028-preorder?variant=34743514957&country=AU,https://cdn.shopify.com/s/files/1/0836/9167/files/delight-3028-black-or-platform-boots-preorder-beserk-all-black-boot-boots-boots-preorder-buckles-clickfrenzy15-2023-discountapp-fp-goth-gothic-halloween-heel-heels-heels-preorder-knee.jpg?v=1687777406,in_stock,"256.95 AUD",,Pleaser,,DEL3028/B/PU-10,yes,new,BOOTS,9438129229,,"US 10 [WOMENS]",,,,1.905,kg,,https://www.beserk.com.au/pages/privacy-policy,https://www.beserk.com.au/pages/terms-and-conditions,https://www.beserk.com.au/pages/beserk-returns,AU,AU
34743515021,"Delight-3028 [Black] | Platform Boots [Preorder], US 11 [WOMENS]","Black Stretch Thigh High Boot s FEATURES: - Ribbon Lace-Up Front - Triple Buckle Strap - Full Inner Side Zip Closure - 6"" (152mm) Heel - 1 3/4"" (4.5cm) Platform MATERIALS: Made from Vegan Leather. SIZING: Pleaser Shoes are listed in US Sizing. To convert from Australian to US Sizes the general rule is get 1/2 or 1 size larger than your Australian size. Please see sizing tab below for more information. 100% Vegan & Cruelty-Free! PLEASE NOTE | This is a PRE-ORDER Item. We do not keep these shoes in stock. Regular orders are placed with Pleaser in the USA which take approx. 12 BUSINESS DAYS to arrive at the Beserk Warehouse, from there your order will then be dispatched same day. Any other items purchased with your Pre-ordered shoes will be kept aside and sent together when they arrive. On the rare occasion Pleaser do not have your size in stock, we will contact you ASAP. PLEASER - Sexier Than Ever",Beserk,https://www.beserk.com.au/products/delight-3028-preorder?variant=34743515021&country=AU,https://cdn.shopify.com/s/files/1/0836/9167/files/delight-3028-black-or-platform-boots-preorder-beserk-all-black-boot-boots-boots-preorder-buckles-clickfrenzy15-2023-discountapp-fp-goth-gothic-halloween-heel-heels-heels-preorder-knee.jpg?v=1687777406,in_stock,"256.95 AUD",,Pleaser,,DEL3028/B/PU-11,yes,new,BOOTS,9438129229,,"US 11 [WOMENS]",,,,2.177,kg,,https://www.beserk.com.au/pages/privacy-policy,https://www.beserk.com.au/pages/terms-and-conditions,https://www.beserk.com.au/pages/beserk-returns,AU,AU
34743515085,"Delight-3028 [Black] | Platform Boots [Preorder], US 12 [WOMENS]","Black Stretch Thigh High Boot s FEATURES: - Ribbon Lace-Up Front - Triple Buckle Strap - Full Inner Side Zip Closure - 6"" (152mm) Heel - 1 3/4"" (4.5cm) Platform MATERIALS: Made from Vegan Leather. SIZING: Pleaser Shoes are listed in US Sizing. To convert from Australian to US Sizes the general rule is get 1/2 or 1 size larger than your Australian size. Please see sizing tab below for more information. 100% Vegan & Cruelty-Free! PLEASE NOTE | This is a PRE-ORDER Item. We do not keep these shoes in stock. Regular orders are placed with Pleaser in the USA which take approx. 12 BUSINESS DAYS to arrive at the Beserk Warehouse, from there your order will then be dispatched same day. Any other items purchased with your Pre-ordered shoes will be kept aside and sent together when they arrive. On the rare occasion Pleaser do not have your size in stock, we will contact you ASAP. PLEASER - Sexier Than Ever",Beserk,https://www.beserk.com.au/products/delight-3028-preorder?variant=34743515085&country=AU,https://cdn.shopify.com/s/files/1/0836/9167/files/delight-3028-black-or-platform-boots-preorder-beserk-all-black-boot-boots-boots-preorder-buckles-clickfrenzy15-2023-discountapp-fp-goth-gothic-halloween-heel-heels-heels-preorder-knee.jpg?v=1687777406,in_stock,"256.95 AUD",,Pleaser,,DEL3028/B/PU-12,yes,new,BOOTS,9438129229,,"US 12 [WOMENS]",,,,2.177,kg,,https://www.beserk.com.au/pages/privacy-policy,https://www.beserk.com.au/pages/terms-and-conditions,https://www.beserk.com.au/pages/beserk-returns,AU,AU
34743515149,"Delight-3028 [Black] | Platform Boots [Preorder], US 13 [WOMENS]","Black Stretch Thigh High Boot s FEATURES: - Ribbon Lace-Up Front - Triple Buckle Strap - Full Inner Side Zip Closure - 6"" (152mm) Heel - 1 3/4"" (4.5cm) Platform MATERIALS: Made from Vegan Leather. SIZING: Pleaser Shoes are listed in US Sizing. To convert from Australian to US Sizes the general rule is get 1/2 or 1 size larger than your Australian size. Please see sizing tab below for more information. 100% Vegan & Cruelty-Free! PLEASE NOTE | This is a PRE-ORDER Item. We do not keep these shoes in stock. Regular orders are placed with Pleaser in the USA which take approx. 12 BUSINESS DAYS to arrive at the Beserk Warehouse, from there your order will then be dispatched same day. Any other items purchased with your Pre-ordered shoes will be kept aside and sent together when they arrive. On the rare occasion Pleaser do not have your size in stock, we will contact you ASAP. PLEASER - Sexier Than Ever",Beserk,https://www.beserk.com.au/products/delight-3028-preorder?variant=34743515149&country=AU,https://cdn.shopify.com/s/files/1/0836/9167/files/delight-3028-black-or-platform-boots-preorder-beserk-all-black-boot-boots-boots-preorder-buckles-clickfrenzy15-2023-discountapp-fp-goth-gothic-halloween-heel-heels-heels-preorder-knee.jpg?v=1687777406,in_stock,"256.95 AUD",,Pleaser,,DEL3028/B/PU-13,yes,new,BOOTS,9438129229,,"US 13 [WOMENS]",,,,2.177,kg,,https://www.beserk.com.au/pages/privacy-policy,https://www.beserk.com.au/pages/terms-and-conditions,https://www.beserk.com.au/pages/beserk-returns,AU,AU
34743515213,"Delight-3028 [Black] | Platform Boots [Preorder], US 14 [WOMENS]","Black Stretch Thigh High Boot s FEATURES: - Ribbon Lace-Up Front - Triple Buckle Strap - Full Inner Side Zip Closure - 6"" (152mm) Heel - 1 3/4"" (4.5cm) Platform MATERIALS: Made from Vegan Leather. SIZING: Pleaser Shoes are listed in US Sizing. To convert from Australian to US Sizes the general rule is get 1/2 or 1 size larger than your Australian size. Please see sizing tab below for more information. 100% Vegan & Cruelty-Free! PLEASE NOTE | This is a PRE-ORDER Item. We do not keep these shoes in stock. Regular orders are placed with Pleaser in the USA which take approx. 12 BUSINESS DAYS to arrive at the Beserk Warehouse, from there your order will then be dispatched same day. Any other items purchased with your Pre-ordered shoes will be kept aside and sent together when they arrive. On the rare occasion Pleaser do not have your size in stock, we will contact you ASAP. PLEASER - Sexier Than Ever",Beserk,https://www.beserk.com.au/products/delight-3028-preorder?variant=34743515213&country=AU,https://cdn.shopify.com/s/files/1/0836/9167/files/delight-3028-black-or-platform-boots-preorder-beserk-all-black-boot-boots-boots-preorder-buckles-clickfrenzy15-2023-discountapp-fp-goth-gothic-halloween-heel-heels-heels-preorder-knee.jpg?v=1687777406,in_stock,"256.95 AUD",,Pleaser,,DEL3028/B/PU-14,yes,new,BOOTS,9438129229,,"US 14 [WOMENS]",,,,2.177,kg,,https://www.beserk.com.au/pages/privacy-policy,https://www.beserk.com.au/pages/terms-and-conditions,https://www.beserk.com.au/pages/beserk-returns,AU,AU
35029626189,"Delight-2049 [Black] | Platform Boots [Preorder], US 06 [WOMENS]","Patent Black Knee High Boot s FEATURES: - Buckle Details - Full Inner Side Zip Closure - 6"" (152mm) Heel - 1 3/4"" (4.5cm) Platform MATERIALS: Made from Vegan Leather. SIZING: Pleaser Shoes are listed in US Sizing. To convert from Australian to US Sizes the general rule is get 1/2 or 1 size larger than your Australian size. Please see sizing tab below for more information. 100% Vegan & Cruelty-Free! PLEASE NOTE | This is a PRE-ORDER Item. We do not keep these shoes in stock. Regular orders are placed with Pleaser in the USA which take approx. 12 BUSINESS DAYS to arrive at the Beserk Warehouse, from there your order will then be dispatched same day. Any other items purchased with your Pre-ordered shoes will be kept aside and sent together when they arrive. On the rare occasion Pleaser do not have your size in stock, we will contact you ASAP. PLEASER - Sexier Than Ever",Beserk,https://www.beserk.com.au/products/delight-2049-black-preorder?variant=35029626189&country=AU,https://cdn.shopify.com/s/files/1/0836/9167/files/delight-2049-black-or-platform-boots-preorder-beserk-all-black-boot-boots-boots-preorder-buckle-buckles-clickfrenzy15-2023-discountapp-fp-goth-gothic-heel-heels-heels-preorder-knee-hi.jpg?v=1687777406,in_stock,"238.95 AUD",,Pleaser,,DEL2049/B/M-06,yes,new,BOOTS,9438132301,,"US 06 [WOMENS]",,,,2.359,kg,,https://www.beserk.com.au/pages/privacy-policy,https://www.beserk.com.au/pages/terms-and-conditions,https://www.beserk.com.au/pages/beserk-returns,AU,AU
34743531277,"Delight-2049 [Black] | Platform Boots [Preorder], US 07 [WOMENS]","Patent Black Knee High Boot s FEATURES: - Buckle Details - Full Inner Side Zip Closure - 6"" (152mm) Heel - 1 3/4"" (4.5cm) Platform MATERIALS: Made from Vegan Leather. SIZING: Pleaser Shoes are listed in US Sizing. To convert from Australian to US Sizes the general rule is get 1/2 or 1 size larger than your Australian size. Please see sizing tab below for more information. 100% Vegan & Cruelty-Free! PLEASE NOTE | This is a PRE-ORDER Item. We do not keep these shoes in stock. Regular orders are placed with Pleaser in the USA which take approx. 12 BUSINESS DAYS to arrive at the Beserk Warehouse, from there your order will then be dispatched same day. Any other items purchased with your Pre-ordered shoes will be kept aside and sent together when they arrive. On the rare occasion Pleaser do not have your size in stock, we will contact you ASAP. PLEASER - Sexier Than Ever",Beserk,https://www.beserk.com.au/products/delight-2049-black-preorder?variant=34743531277&country=AU,https://cdn.shopify.com/s/files/1/0836/9167/files/delight-2049-black-or-platform-boots-preorder-beserk-all-black-boot-boots-boots-preorder-buckle-buckles-clickfrenzy15-2023-discountapp-fp-goth-gothic-heel-heels-heels-preorder-knee-hi.jpg?v=1687777406,in_stock,"238.95 AUD",,Pleaser,,DEL2049/B/M-07,yes,new,BOOTS,9438132301,,"US 07 [WOMENS]",,,,2.359,kg,,https://www.beserk.com.au/pages/privacy-policy,https://www.beserk.com.au/pages/terms-and-conditions,https://www.beserk.com.au/pages/beserk-returns,AU,AU
34743531405,"Delight-2049 [Black] | Platform Boots [Preorder], US 08 [WOMENS]","Patent Black Knee High Boot s FEATURES: - Buckle Details - Full Inner Side Zip Closure - 6"" (152mm) Heel - 1 3/4"" (4.5cm) Platform MATERIALS: Made from Vegan Leather. SIZING: Pleaser Shoes are listed in US Sizing. To convert from Australian to US Sizes the general rule is get 1/2 or 1 size larger than your Australian size. Please see sizing tab below for more information. 100% Vegan & Cruelty-Free! PLEASE NOTE | This is a PRE-ORDER Item. We do not keep these shoes in stock. Regular orders are placed with Pleaser in the USA which take approx. 12 BUSINESS DAYS to arrive at the Beserk Warehouse, from there your order will then be dispatched same day. Any other items purchased with your Pre-ordered shoes will be kept aside and sent together when they arrive. On the rare occasion Pleaser do not have your size in stock, we will contact you ASAP. PLEASER - Sexier Than Ever",Beserk,https://www.beserk.com.au/products/delight-2049-black-preorder?variant=34743531405&country=AU,https://cdn.shopify.com/s/files/1/0836/9167/files/delight-2049-black-or-platform-boots-preorder-beserk-all-black-boot-boots-boots-preorder-buckle-buckles-clickfrenzy15-2023-discountapp-fp-goth-gothic-heel-heels-heels-preorder-knee-hi.jpg?v=1687777406,in_stock,"238.95 AUD",,Pleaser,,DEL2049/B/M-08,yes,new,BOOTS,9438132301,,"US 08 [WOMENS]",,,,2.359,kg,,https://www.beserk.com.au/pages/privacy-policy,https://www.beserk.com.au/pages/terms-and-conditions,https://www.beserk.com.au/pages/beserk-returns,AU,AU
34743531533,"Delight-2049 [Black] | Platform Boots [Preorder], US 09 [WOMENS]","Patent Black Knee High Boot s FEATURES: - Buckle Details - Full Inner Side Zip Closure - 6"" (152mm) Heel - 1 3/4"" (4.5cm) Platform MATERIALS: Made from Vegan Leather. SIZING: Pleaser Shoes are listed in US Sizing. To convert from Australian to US Sizes the general rule is get 1/2 or 1 size larger than your Australian size. Please see sizing tab below for more information. 100% Vegan & Cruelty-Free! PLEASE NOTE | This is a PRE-ORDER Item. We do not keep these shoes in stock. Regular orders are placed with Pleaser in the USA which take approx. 12 BUSINESS DAYS to arrive at the Beserk Warehouse, from there your order will then be dispatched same day. Any other items purchased with your Pre-ordered shoes will be kept aside and sent together when they arrive. On the rare occasion Pleaser do not have your size in stock, we will contact you ASAP. PLEASER - Sexier Than Ever",Beserk,https://www.beserk.com.au/products/delight-2049-black-preorder?variant=34743531533&country=AU,https://cdn.shopify.com/s/files/1/0836/9167/files/delight-2049-black-or-platform-boots-preorder-beserk-all-black-boot-boots-boots-preorder-buckle-buckles-clickfrenzy15-2023-discountapp-fp-goth-gothic-heel-heels-heels-preorder-knee-hi.jpg?v=1687777406,in_stock,"238.95 AUD",,Pleaser,,DEL2049/B/M-09,yes,new,BOOTS,9438132301,,"US 09 [WOMENS]",,,,2.359,kg,,https://www.beserk.com.au/pages/privacy-policy,https://www.beserk.com.au/pages/terms-and-conditions,https://www.beserk.com.au/pages/beserk-returns,AU,AU
34743531661,"Delight-2049 [Black] | Platform Boots [Preorder], US 10 [WOMENS]","Patent Black Knee High Boot s FEATURES: - Buckle Details - Full Inner Side Zip Closure - 6"" (152mm) Heel - 1 3/4"" (4.5cm) Platform MATERIALS: Made from Vegan Leather. SIZING: Pleaser Shoes are listed in US Sizing. To convert from Australian to US Sizes the general rule is get 1/2 or 1 size larger than your Australian size. Please see sizing tab below for more information. 100% Vegan & Cruelty-Free! PLEASE NOTE | This is a PRE-ORDER Item. We do not keep these shoes in stock. Regular orders are placed with Pleaser in the USA which take approx. 12 BUSINESS DAYS to arrive at the Beserk Warehouse, from there your order will then be dispatched same day. Any other items purchased with your Pre-ordered shoes will be kept aside and sent together when they arrive. On the rare occasion Pleaser do not have your size in stock, we will contact you ASAP. PLEASER - Sexier Than Ever",Beserk,https://www.beserk.com.au/products/delight-2049-black-preorder?variant=34743531661&country=AU,https://cdn.shopify.com/s/files/1/0836/9167/files/delight-2049-black-or-platform-boots-preorder-beserk-all-black-boot-boots-boots-preorder-buckle-buckles-clickfrenzy15-2023-discountapp-fp-goth-gothic-heel-heels-heels-preorder-knee-hi.jpg?v=1687777406,in_stock,"238.95 AUD",,Pleaser,,DEL2049/B/M-10,yes,new,BOOTS,9438132301,,"US 10 [WOMENS]",,,,2.359,kg,,https://www.beserk.com.au/pages/privacy-policy,https://www.beserk.com.au/pages/terms-and-conditions,https://www.beserk.com.au/pages/beserk-returns,AU,AU
34743531789,"Delight-2049 [Black] | Platform Boots [Preorder], US 11 [WOMENS]","Patent Black Knee High Boot s FEATURES: - Buckle Details - Full Inner Side Zip Closure - 6"" (152mm) Heel - 1 3/4"" (4.5cm) Platform MATERIALS: Made from Vegan Leather. SIZING: Pleaser Shoes are listed in US Sizing. To convert from Australian to US Sizes the general rule is get 1/2 or 1 size larger than your Australian size. Please see sizing tab below for more information. 100% Vegan & Cruelty-Free! PLEASE NOTE | This is a PRE-ORDER Item. We do not keep these shoes in stock. Regular orders are placed with Pleaser in the USA which take approx. 12 BUSINESS DAYS to arrive at the Beserk Warehouse, from there your order will then be dispatched same day. Any other items purchased with your Pre-ordered shoes will be kept aside and sent together when they arrive. On the rare occasion Pleaser do not have your size in stock, we will contact you ASAP. PLEASER - Sexier Than Ever",Beserk,https://www.beserk.com.au/products/delight-2049-black-preorder?variant=34743531789&country=AU,https://cdn.shopify.com/s/files/1/0836/9167/files/delight-2049-black-or-platform-boots-preorder-beserk-all-black-boot-boots-boots-preorder-buckle-buckles-clickfrenzy15-2023-discountapp-fp-goth-gothic-heel-heels-heels-preorder-knee-hi.jpg?v=1687777406,in_stock,"238.95 AUD",,Pleaser,,DEL2049/B/M-11,yes,new,BOOTS,9438132301,,"US 11 [WOMENS]",,,,2.54,kg,,https://www.beserk.com.au/pages/privacy-policy,https://www.beserk.com.au/pages/terms-and-conditions,https://www.beserk.com.au/pages/beserk-returns,AU,AU
34743531917,"Delight-2049 [Black] | Platform Boots [Preorder], US 12 [WOMENS]","Patent Black Knee High Boot s FEATURES: - Buckle Details - Full Inner Side Zip Closure - 6"" (152mm) Heel - 1 3/4"" (4.5cm) Platform MATERIALS: Made from Vegan Leather. SIZING: Pleaser Shoes are listed in US Sizing. To convert from Australian to US Sizes the general rule is get 1/2 or 1 size larger than your Australian size. Please see sizing tab below for more information. 100% Vegan & Cruelty-Free! PLEASE NOTE | This is a PRE-ORDER Item. We do not keep these shoes in stock. Regular orders are placed with Pleaser in the USA which take approx. 12 BUSINESS DAYS to arrive at the Beserk Warehouse, from there your order will then be dispatched same day. Any other items purchased with your Pre-ordered shoes will be kept aside and sent together when they arrive. On the rare occasion Pleaser do not have your size in stock, we will contact you ASAP. PLEASER - Sexier Than Ever",Beserk,https://www.beserk.com.au/products/delight-2049-black-preorder?variant=34743531917&country=AU,https://cdn.shopify.com/s/files/1/0836/9167/files/delight-2049-black-or-platform-boots-preorder-beserk-all-black-boot-boots-boots-preorder-buckle-buckles-clickfrenzy15-2023-discountapp-fp-goth-gothic-heel-heels-heels-preorder-knee-hi.jpg?v=1687777406,in_stock,"238.95 AUD",,Pleaser,,DEL2049/B/M-12,yes,new,BOOTS,9438132301,,"US 12 [WOMENS]",,,,2.54,kg,,https://www.beserk.com.au/pages/privacy-policy,https://www.beserk.com.au/pages/terms-and-conditions,https://www.beserk.com.au/pages/beserk-returns,AU,AU
34743532109,"Delight-2049 [Black] | Platform Boots [Preorder], US 13 [WOMENS]","Patent Black Knee High Boot s FEATURES: - Buckle Details - Full Inner Side Zip Closure - 6"" (152mm) Heel - 1 3/4"" (4.5cm) Platform MATERIALS: Made from Vegan Leather. SIZING: Pleaser Shoes are listed in US Sizing. To convert from Australian to US Sizes the general rule is get 1/2 or 1 size larger than your Australian size. Please see sizing tab below for more information. 100% Vegan & Cruelty-Free! PLEASE NOTE | This is a PRE-ORDER Item. We do not keep these shoes in stock. Regular orders are placed with Pleaser in the USA which take approx. 12 BUSINESS DAYS to arrive at the Beserk Warehouse, from there your order will then be dispatched same day. Any other items purchased with your Pre-ordered shoes will be kept aside and sent together when they arrive. On the rare occasion Pleaser do not have your size in stock, we will contact you ASAP. PLEASER - Sexier Than Ever",Beserk,https://www.beserk.com.au/products/delight-2049-black-preorder?variant=34743532109&country=AU,https://cdn.shopify.com/s/files/1/0836/9167/files/delight-2049-black-or-platform-boots-preorder-beserk-all-black-boot-boots-boots-preorder-buckle-buckles-clickfrenzy15-2023-discountapp-fp-goth-gothic-heel-heels-heels-preorder-knee-hi.jpg?v=1687777406,in_stock,"238.95 AUD",,Pleaser,,DEL2049/B/M-13,yes,new,BOOTS,9438132301,,"US 13 [WOMENS]",,,,2.54,kg,,https://www.beserk.com.au/pages/privacy-policy,https://www.beserk.com.au/pages/terms-and-conditions,https://www.beserk.com.au/pages/beserk-returns,AU,AU
35026786317,"Delight-2049 [Black] | Platform Boots [Preorder], US 14 [WOMENS]","Patent Black Knee High Boot s FEATURES: - Buckle Details - Full Inner Side Zip Closure - 6"" (152mm) Heel - 1 3/4"" (4.5cm) Platform MATERIALS: Made from Vegan Leather. SIZING: Pleaser Shoes are listed in US Sizing. To convert from Australian to US Sizes the general rule is get 1/2 or 1 size larger than your Australian size. Please see sizing tab below for more information. 100% Vegan & Cruelty-Free! PLEASE NOTE | This is a PRE-ORDER Item. We do not keep these shoes in stock. Regular orders are placed with Pleaser in the USA which take approx. 12 BUSINESS DAYS to arrive at the Beserk Warehouse, from there your order will then be dispatched same day. Any other items purchased with your Pre-ordered shoes will be kept aside and sent together when they arrive. On the rare occasion Pleaser do not have your size in stock, we will contact you ASAP. PLEASER - Sexier Than Ever",Beserk,https://www.beserk.com.au/products/delight-2049-black-preorder?variant=35026786317&country=AU,https://cdn.shopify.com/s/files/1/0836/9167/files/delight-2049-black-or-platform-boots-preorder-beserk-all-black-boot-boots-boots-preorder-buckle-buckles-clickfrenzy15-2023-discountapp-fp-goth-gothic-heel-heels-heels-preorder-knee-hi.jpg?v=1687777406,in_stock,"238.95 AUD",,Pleaser,,DEL2049/B/M-14,yes,new,BOOTS,9438132301,,"US 14 [WOMENS]",,,,2.54,kg,,https://www.beserk.com.au/pages/privacy-policy,https://www.beserk.com.au/pages/terms-and-conditions,https://www.beserk.com.au/pages/beserk-returns,AU,AU
34743542093,"Boxer-01 [Black] | Platforms [Preorder], US 05 [MENS]","Matte Black Platform Ankle Boots FEATURES: - Padded Collar - Front Lacing Details - 4"" (102mm) Platform MATERIALS: Made from Vegan Leather SIZING: Demonia Shoes are listed in US Sizing. To convert from Australian to US Sizes the general rule is get 1/2 or 1 size larger than your Australian size. Please see sizing chart below for more information. SIZE CONVERSION: US Women US Men UK EU 5 3 2 35 6 4 3 36 7 5 4 37 8 6 5 38 9 7 6 39 10 8 7 40 11 9 8 41 12 10 9 42 13 11 10 43 14 12 11 44 15 13 12 45 16 14 13 46 100% Vegan & Cruelty-Free! PLEASE NOTE | This is a PRE-ORDER Item. We do not keep these shoes in stock. Regular orders are placed with Demonia in the USA which take approx. 12 BUSINESS DAYS to arrive at the Beserk Warehouse, from there your order will then be dispatched same day. Any other items purchased with your Pre-ordered shoes will be kept aside and sent together when they arrive. On the rare occasion Demonia do not have your size in stock, we will contact you ASAP. DEMONIA - Defining Alternative Footwear",Beserk,https://www.beserk.com.au/products/boxer-01-black-preorder?variant=34743542093&country=AU,https://cdn.shopify.com/s/files/1/0836/9167/files/boxer-01-black-or-platforms-preorder-beserk-all-ankle-boots-black-boots-boots-preorder-clickfrenzy15-2023-demonia-demonia-shoes-discountapp-fp-labelpreorder-labelvegan-mens-shoes-plat.jpg?v=1687777406,in_stock,"220.95 AUD",,Demonia,,BOXER/B/PU-05,yes,new,BOOTS,9438133453,,"US 05 [MENS]",,,,5.7,kg,,https://www.beserk.com.au/pages/privacy-policy,https://www.beserk.com.au/pages/terms-and-conditions,https://www.beserk.com.au/pages/beserk-returns,AU,AU
34743542157,"Boxer-01 [Black] | Platforms [Preorder], US 06 [MENS]","Matte Black Platform Ankle Boots FEATURES: - Padded Collar - Front Lacing Details - 4"" (102mm) Platform MATERIALS: Made from Vegan Leather SIZING: Demonia Shoes are listed in US Sizing. To convert from Australian to US Sizes the general rule is get 1/2 or 1 size larger than your Australian size. Please see sizing chart below for more information. SIZE CONVERSION: US Women US Men UK EU 5 3 2 35 6 4 3 36 7 5 4 37 8 6 5 38 9 7 6 39 10 8 7 40 11 9 8 41 12 10 9 42 13 11 10 43 14 12 11 44 15 13 12 45 16 14 13 46 100% Vegan & Cruelty-Free! PLEASE NOTE | This is a PRE-ORDER Item. We do not keep these shoes in stock. Regular orders are placed with Demonia in the USA which take approx. 12 BUSINESS DAYS to arrive at the Beserk Warehouse, from there your order will then be dispatched same day. Any other items purchased with your Pre-ordered shoes will be kept aside and sent together when they arrive. On the rare occasion Demonia do not have your size in stock, we will contact you ASAP. DEMONIA - Defining Alternative Footwear",Beserk,https://www.beserk.com.au/products/boxer-01-black-preorder?variant=34743542157&country=AU,https://cdn.shopify.com/s/files/1/0836/9167/files/boxer-01-black-or-platforms-preorder-beserk-all-ankle-boots-black-boots-boots-preorder-clickfrenzy15-2023-demonia-demonia-shoes-discountapp-fp-labelpreorder-labelvegan-mens-shoes-plat.jpg?v=1687777406,in_stock,"220.95 AUD",,Demonia,,BOXER/B/PU-06,yes,new,BOOTS,9438133453,,"US 06 [MENS]",,,,5.7,kg,,https://www.beserk.com.au/pages/privacy-policy,https://www.beserk.com.au/pages/terms-and-conditions,https://www.beserk.com.au/pages/beserk-returns,AU,AU
34743542221,"Boxer-01 [Black] | Platforms [Preorder], US 07 [MENS]","Matte Black Platform Ankle Boots FEATURES: - Padded Collar - Front Lacing Details - 4"" (102mm) Platform MATERIALS: Made from Vegan Leather SIZING: Demonia Shoes are listed in US Sizing. To convert from Australian to US Sizes the general rule is get 1/2 or 1 size larger than your Australian size. Please see sizing chart below for more information. SIZE CONVERSION: US Women US Men UK EU 5 3 2 35 6 4 3 36 7 5 4 37 8 6 5 38 9 7 6 39 10 8 7 40 11 9 8 41 12 10 9 42 13 11 10 43 14 12 11 44 15 13 12 45 16 14 13 46 100% Vegan & Cruelty-Free! PLEASE NOTE | This is a PRE-ORDER Item. We do not keep these shoes in stock. Regular orders are placed with Demonia in the USA which take approx. 12 BUSINESS DAYS to arrive at the Beserk Warehouse, from there your order will then be dispatched same day. Any other items purchased with your Pre-ordered shoes will be kept aside and sent together when they arrive. On the rare occasion Demonia do not have your size in stock, we will contact you ASAP. DEMONIA - Defining Alternative Footwear",Beserk,https://www.beserk.com.au/products/boxer-01-black-preorder?variant=34743542221&country=AU,https://cdn.shopify.com/s/files/1/0836/9167/files/boxer-01-black-or-platforms-preorder-beserk-all-ankle-boots-black-boots-boots-preorder-clickfrenzy15-2023-demonia-demonia-shoes-discountapp-fp-labelpreorder-labelvegan-mens-shoes-plat.jpg?v=1687777406,in_stock,"220.95 AUD",,Demonia,,BOXER/B/PU-07,yes,new,BOOTS,9438133453,,"US 07 [MENS]",,,,5.7,kg,,https://www.beserk.com.au/pages/privacy-policy,https://www.beserk.com.au/pages/terms-and-conditions,https://www.beserk.com.au/pages/beserk-returns,AU,AU
34743542285,"Boxer-01 [Black] | Platforms [Preorder], US 08 [MENS]","Matte Black Platform Ankle Boots FEATURES: - Padded Collar - Front Lacing Details - 4"" (102mm) Platform MATERIALS: Made from Vegan Leather SIZING: Demonia Shoes are listed in US Sizing. To convert from Australian to US Sizes the general rule is get 1/2 or 1 size larger than your Australian size. Please see sizing chart below for more information. SIZE CONVERSION: US Women US Men UK EU 5 3 2 35 6 4 3 36 7 5 4 37 8 6 5 38 9 7 6 39 10 8 7 40 11 9 8 41 12 10 9 42 13 11 10 43 14 12 11 44 15 13 12 45 16 14 13 46 100% Vegan & Cruelty-Free! PLEASE NOTE | This is a PRE-ORDER Item. We do not keep these shoes in stock. Regular orders are placed with Demonia in the USA which take approx. 12 BUSINESS DAYS to arrive at the Beserk Warehouse, from there your order will then be dispatched same day. Any other items purchased with your Pre-ordered shoes will be kept aside and sent together when they arrive. On the rare occasion Demonia do not have your size in stock, we will contact you ASAP. DEMONIA - Defining Alternative Footwear",Beserk,https://www.beserk.com.au/products/boxer-01-black-preorder?variant=34743542285&country=AU,https://cdn.shopify.com/s/files/1/0836/9167/files/boxer-01-black-or-platforms-preorder-beserk-all-ankle-boots-black-boots-boots-preorder-clickfrenzy15-2023-demonia-demonia-shoes-discountapp-fp-labelpreorder-labelvegan-mens-shoes-plat.jpg?v=1687777406,in_stock,"220.95 AUD",,Demonia,,BOXER/B/PU-08,yes,new,BOOTS,9438133453,,"US 08 [MENS]",,,,5.7,kg,,https://www.beserk.com.au/pages/privacy-policy,https://www.beserk.com.au/pages/terms-and-conditions,https://www.beserk.com.au/pages/beserk-returns,AU,AU
34743542349,"Boxer-01 [Black] | Platforms [Preorder], US 09 [MENS]","Matte Black Platform Ankle Boots FEATURES: - Padded Collar - Front Lacing Details - 4"" (102mm) Platform MATERIALS: Made from Vegan Leather SIZING: Demonia Shoes are listed in US Sizing. To convert from Australian to US Sizes the general rule is get 1/2 or 1 size larger than your Australian size. Please see sizing chart below for more information. SIZE CONVERSION: US Women US Men UK EU 5 3 2 35 6 4 3 36 7 5 4 37 8 6 5 38 9 7 6 39 10 8 7 40 11 9 8 41 12 10 9 42 13 11 10 43 14 12 11 44 15 13 12 45 16 14 13 46 100% Vegan & Cruelty-Free! PLEASE NOTE | This is a PRE-ORDER Item. We do not keep these shoes in stock. Regular orders are placed with Demonia in the USA which take approx. 12 BUSINESS DAYS to arrive at the Beserk Warehouse, from there your order will then be dispatched same day. Any other items purchased with your Pre-ordered shoes will be kept aside and sent together when they arrive. On the rare occasion Demonia do not have your size in stock, we will contact you ASAP. DEMONIA - Defining Alternative Footwear",Beserk,https://www.beserk.com.au/products/boxer-01-black-preorder?variant=34743542349&country=AU,https://cdn.shopify.com/s/files/1/0836/9167/files/boxer-01-black-or-platforms-preorder-beserk-all-ankle-boots-black-boots-boots-preorder-clickfrenzy15-2023-demonia-demonia-shoes-discountapp-fp-labelpreorder-labelvegan-mens-shoes-plat.jpg?v=1687777406,in_stock,"220.95 AUD",,Demonia,,BOXER/B/PU-09,yes,new,BOOTS,9438133453,,"US 09 [MENS]",,,,5.7,kg,,https://www.beserk.com.au/pages/privacy-policy,https://www.beserk.com.au/pages/terms-and-conditions,https://www.beserk.com.au/pages/beserk-returns,AU,AU
34743542413,"Boxer-01 [Black] | Platforms [Preorder], US 10 [MENS]","Matte Black Platform Ankle Boots FEATURES: - Padded Collar - Front Lacing Details - 4"" (102mm) Platform MATERIALS: Made from Vegan Leather SIZING: Demonia Shoes are listed in US Sizing. To convert from Australian to US Sizes the general rule is get 1/2 or 1 size larger than your Australian size. Please see sizing chart below for more information. SIZE CONVERSION: US Women US Men UK EU 5 3 2 35 6 4 3 36 7 5 4 37 8 6 5 38 9 7 6 39 10 8 7 40 11 9 8 41 12 10 9 42 13 11 10 43 14 12 11 44 15 13 12 45 16 14 13 46 100% Vegan & Cruelty-Free! PLEASE NOTE | This is a PRE-ORDER Item. We do not keep these shoes in stock. Regular orders are placed with Demonia in the USA which take approx. 12 BUSINESS DAYS to arrive at the Beserk Warehouse, from there your order will then be dispatched same day. Any other items purchased with your Pre-ordered shoes will be kept aside and sent together when they arrive. On the rare occasion Demonia do not have your size in stock, we will contact you ASAP. DEMONIA - Defining Alternative Footwear",Beserk,https://www.beserk.com.au/products/boxer-01-black-preorder?variant=34743542413&country=AU,https://cdn.shopify.com/s/files/1/0836/9167/files/boxer-01-black-or-platforms-preorder-beserk-all-ankle-boots-black-boots-boots-preorder-clickfrenzy15-2023-demonia-demonia-shoes-discountapp-fp-labelpreorder-labelvegan-mens-shoes-plat.jpg?v=1687777406,in_stock,"220.95 AUD",,Demonia,,BOXER/B/PU-10,yes,new,BOOTS,9438133453,,"US 10 [MENS]",,,,5.7,kg,,https://www.beserk.com.au/pages/privacy-policy,https://www.beserk.com.au/pages/terms-and-conditions,https://www.beserk.com.au/pages/beserk-returns,AU,AU
34743542477,"Boxer-01 [Black] | Platforms [Preorder], US 11 [MENS]","Matte Black Platform Ankle Boots FEATURES: - Padded Collar - Front Lacing Details - 4"" (102mm) Platform MATERIALS: Made from Vegan Leather SIZING: Demonia Shoes are listed in US Sizing. To convert from Australian to US Sizes the general rule is get 1/2 or 1 size larger than your Australian size. Please see sizing chart below for more information. SIZE CONVERSION: US Women US Men UK EU 5 3 2 35 6 4 3 36 7 5 4 37 8 6 5 38 9 7 6 39 10 8 7 40 11 9 8 41 12 10 9 42 13 11 10 43 14 12 11 44 15 13 12 45 16 14 13 46 100% Vegan & Cruelty-Free! PLEASE NOTE | This is a PRE-ORDER Item. We do not keep these shoes in stock. Regular orders are placed with Demonia in the USA which take approx. 12 BUSINESS DAYS to arrive at the Beserk Warehouse, from there your order will then be dispatched same day. Any other items purchased with your Pre-ordered shoes will be kept aside and sent together when they arrive. On the rare occasion Demonia do not have your size in stock, we will contact you ASAP. DEMONIA - Defining Alternative Footwear",Beserk,https://www.beserk.com.au/products/boxer-01-black-preorder?variant=34743542477&country=AU,https://cdn.shopify.com/s/files/1/0836/9167/files/boxer-01-black-or-platforms-preorder-beserk-all-ankle-boots-black-boots-boots-preorder-clickfrenzy15-2023-demonia-demonia-shoes-discountapp-fp-labelpreorder-labelvegan-mens-shoes-plat.jpg?v=1687777406,in_stock,"220.95 AUD",,Demonia,,BOXER/B/PU-11,yes,new,BOOTS,9438133453,,"US 11 [MENS]",,,,5.7,kg,,https://www.beserk.com.au/pages/privacy-policy,https://www.beserk.com.au/pages/terms-and-conditions,https://www.beserk.com.au/pages/beserk-returns,AU,AU
34743542541,"Boxer-01 [Black] | Platforms [Preorder], US 12 [MENS]","Matte Black Platform Ankle Boots FEATURES: - Padded Collar - Front Lacing Details - 4"" (102mm) Platform MATERIALS: Made from Vegan Leather SIZING: Demonia Shoes are listed in US Sizing. To convert from Australian to US Sizes the general rule is get 1/2 or 1 size larger than your Australian size. Please see sizing chart below for more information. SIZE CONVERSION: US Women US Men UK EU 5 3 2 35 6 4 3 36 7 5 4 37 8 6 5 38 9 7 6 39 10 8 7 40 11 9 8 41 12 10 9 42 13 11 10 43 14 12 11 44 15 13 12 45 16 14 13 46 100% Vegan & Cruelty-Free! PLEASE NOTE | This is a PRE-ORDER Item. We do not keep these shoes in stock. Regular orders are placed with Demonia in the USA which take approx. 12 BUSINESS DAYS to arrive at the Beserk Warehouse, from there your order will then be dispatched same day. Any other items purchased with your Pre-ordered shoes will be kept aside and sent together when they arrive. On the rare occasion Demonia do not have your size in stock, we will contact you ASAP. DEMONIA - Defining Alternative Footwear",Beserk,https://www.beserk.com.au/products/boxer-01-black-preorder?variant=34743542541&country=AU,https://cdn.shopify.com/s/files/1/0836/9167/files/boxer-01-black-or-platforms-preorder-beserk-all-ankle-boots-black-boots-boots-preorder-clickfrenzy15-2023-demonia-demonia-shoes-discountapp-fp-labelpreorder-labelvegan-mens-shoes-plat.jpg?v=1687777406,in_stock,"220.95 AUD",,Demonia,,BOXER/B/PU-12,yes,new,BOOTS,9438133453,,"US 12 [MENS]",,,,5.7,kg,,https://www.beserk.com.au/pages/privacy-policy,https://www.beserk.com.au/pages/terms-and-conditions,https://www.beserk.com.au/pages/beserk-returns,AU,AU
34743542605,"Bear-202 [Black] | Platform Boots [Preorder], US 06 [WOMENS]","Goth Punk Stacked Vegan Suede Calf Boots FEATURES: - Stacked Platform - Faux Fur - Lace-up Front - Inside Zip Closure - 4.5"" (11.4cm) Platform MATERIALS: Made from Vegan Suede SIZING: Demonia Shoes are listed in US Sizing. To convert from Australian to US Sizes the general rule is get 1/2 or 1 size larger than your Australian size. Please see sizing chart below for more information. SIZE CONVERSION: US Women US Men UK EU 5 3 2 35 6 4 3 36 7 5 4 37 8 6 5 38 9 7 6 39 10 8 7 40 11 9 8 41 12 10 9 42 13 11 10 43 14 12 11 44 15 13 12 45 16 14 13 46 100% Vegan & Cruelty-Free! PLEASE NOTE | This is a PRE-ORDER Item. We do not keep these shoes in stock. Regular orders are placed with Demonia in the USA which take approx. 12 BUSINESS DAYS to arrive at the Beserk Warehouse, from there your order will then be dispatched same day. Any other items purchased with your Pre-ordered shoes will be kept aside and sent together when they arrive. On the rare occasion Demonia do not have your size in stock, we will contact you ASAP. DEMONIA - Defining Alternative Footwear",Beserk,https://www.beserk.com.au/products/bear-202-black-platform-boots-preorder?variant=34743542605&country=AU,https://cdn.shopify.com/s/files/1/0836/9167/files/bear-202-black-or-platform-boots-preorder-beserk-all-black-boot-boots-boots-preorder-clickfrenzy15-2023-demonia-discountapp-fluffy-fp-fur-goth-gothic-labelpreorder-labelvegan-mid-calf.jpg?v=1687777418,in_stock,"241.95 AUD",,Demonia,,BEAR202/B/PU-06,yes,new,BOOTS,9438133517,,"US 06 [WOMENS]",,,,5.4,kg,,https://www.beserk.com.au/pages/privacy-policy,https://www.beserk.com.au/pages/terms-and-conditions,https://www.beserk.com.au/pages/beserk-returns,AU,AU
34743542669,"Bear-202 [Black] | Platform Boots [Preorder], US 07 [WOMENS]","Goth Punk Stacked Vegan Suede Calf Boots FEATURES: - Stacked Platform - Faux Fur - Lace-up Front - Inside Zip Closure - 4.5"" (11.4cm) Platform MATERIALS: Made from Vegan Suede SIZING: Demonia Shoes are listed in US Sizing. To convert from Australian to US Sizes the general rule is get 1/2 or 1 size larger than your Australian size. Please see sizing chart below for more information. SIZE CONVERSION: US Women US Men UK EU 5 3 2 35 6 4 3 36 7 5 4 37 8 6 5 38 9 7 6 39 10 8 7 40 11 9 8 41 12 10 9 42 13 11 10 43 14 12 11 44 15 13 12 45 16 14 13 46 100% Vegan & Cruelty-Free! PLEASE NOTE | This is a PRE-ORDER Item. We do not keep these shoes in stock. Regular orders are placed with Demonia in the USA which take approx. 12 BUSINESS DAYS to arrive at the Beserk Warehouse, from there your order will then be dispatched same day. Any other items purchased with your Pre-ordered shoes will be kept aside and sent together when they arrive. On the rare occasion Demonia do not have your size in stock, we will contact you ASAP. DEMONIA - Defining Alternative Footwear",Beserk,https://www.beserk.com.au/products/bear-202-black-platform-boots-preorder?variant=34743542669&country=AU,https://cdn.shopify.com/s/files/1/0836/9167/files/bear-202-black-or-platform-boots-preorder-beserk-all-black-boot-boots-boots-preorder-clickfrenzy15-2023-demonia-discountapp-fluffy-fp-fur-goth-gothic-labelpreorder-labelvegan-mid-calf.jpg?v=1687777418,in_stock,"241.95 AUD",,Demonia,,BEAR202/B/PU-07,yes,new,BOOTS,9438133517,,"US 07 [WOMENS]",,,,5.4,kg,,https://www.beserk.com.au/pages/privacy-policy,https://www.beserk.com.au/pages/terms-and-conditions,https://www.beserk.com.au/pages/beserk-returns,AU,AU
34743542733,"Bear-202 [Black] | Platform Boots [Preorder], US 08 [WOMENS]","Goth Punk Stacked Vegan Suede Calf Boots FEATURES: - Stacked Platform - Faux Fur - Lace-up Front - Inside Zip Closure - 4.5"" (11.4cm) Platform MATERIALS: Made from Vegan Suede SIZING: Demonia Shoes are listed in US Sizing. To convert from Australian to US Sizes the general rule is get 1/2 or 1 size larger than your Australian size. Please see sizing chart below for more information. SIZE CONVERSION: US Women US Men UK EU 5 3 2 35 6 4 3 36 7 5 4 37 8 6 5 38 9 7 6 39 10 8 7 40 11 9 8 41 12 10 9 42 13 11 10 43 14 12 11 44 15 13 12 45 16 14 13 46 100% Vegan & Cruelty-Free! PLEASE NOTE | This is a PRE-ORDER Item. We do not keep these shoes in stock. Regular orders are placed with Demonia in the USA which take approx. 12 BUSINESS DAYS to arrive at the Beserk Warehouse, from there your order will then be dispatched same day. Any other items purchased with your Pre-ordered shoes will be kept aside and sent together when they arrive. On the rare occasion Demonia do not have your size in stock, we will contact you ASAP. DEMONIA - Defining Alternative Footwear",Beserk,https://www.beserk.com.au/products/bear-202-black-platform-boots-preorder?variant=34743542733&country=AU,https://cdn.shopify.com/s/files/1/0836/9167/files/bear-202-black-or-platform-boots-preorder-beserk-all-black-boot-boots-boots-preorder-clickfrenzy15-2023-demonia-discountapp-fluffy-fp-fur-goth-gothic-labelpreorder-labelvegan-mid-calf.jpg?v=1687777418,in_stock,"241.95 AUD",,Demonia,,BEAR202/B/PU-08,yes,new,BOOTS,9438133517,,"US 08 [WOMENS]",,,,5.4,kg,,https://www.beserk.com.au/pages/privacy-policy,https://www.beserk.com.au/pages/terms-and-conditions,https://www.beserk.com.au/pages/beserk-returns,AU,AU
34743542797,"Bear-202 [Black] | Platform Boots [Preorder], US 09 [WOMENS]","Goth Punk Stacked Vegan Suede Calf Boots FEATURES: - Stacked Platform - Faux Fur - Lace-up Front - Inside Zip Closure - 4.5"" (11.4cm) Platform MATERIALS: Made from Vegan Suede SIZING: Demonia Shoes are listed in US Sizing. To convert from Australian to US Sizes the general rule is get 1/2 or 1 size larger than your Australian size. Please see sizing chart below for more information. SIZE CONVERSION: US Women US Men UK EU 5 3 2 35 6 4 3 36 7 5 4 37 8 6 5 38 9 7 6 39 10 8 7 40 11 9 8 41 12 10 9 42 13 11 10 43 14 12 11 44 15 13 12 45 16 14 13 46 100% Vegan & Cruelty-Free! PLEASE NOTE | This is a PRE-ORDER Item. We do not keep these shoes in stock. Regular orders are placed with Demonia in the USA which take approx. 12 BUSINESS DAYS to arrive at the Beserk Warehouse, from there your order will then be dispatched same day. Any other items purchased with your Pre-ordered shoes will be kept aside and sent together when they arrive. On the rare occasion Demonia do not have your size in stock, we will contact you ASAP. DEMONIA - Defining Alternative Footwear",Beserk,https://www.beserk.com.au/products/bear-202-black-platform-boots-preorder?variant=34743542797&country=AU,https://cdn.shopify.com/s/files/1/0836/9167/files/bear-202-black-or-platform-boots-preorder-beserk-all-black-boot-boots-boots-preorder-clickfrenzy15-2023-demonia-discountapp-fluffy-fp-fur-goth-gothic-labelpreorder-labelvegan-mid-calf.jpg?v=1687777418,in_stock,"241.95 AUD",,Demonia,,BEAR202/B/PU-09,yes,new,BOOTS,9438133517,,"US 09 [WOMENS]",,,,6,kg,,https://www.beserk.com.au/pages/privacy-policy,https://www.beserk.com.au/pages/terms-and-conditions,https://www.beserk.com.au/pages/beserk-returns,AU,AU
34743542861,"Bear-202 [Black] | Platform Boots [Preorder], US 10 [WOMENS]","Goth Punk Stacked Vegan Suede Calf Boots FEATURES: - Stacked Platform - Faux Fur - Lace-up Front - Inside Zip Closure - 4.5"" (11.4cm) Platform MATERIALS: Made from Vegan Suede SIZING: Demonia Shoes are listed in US Sizing. To convert from Australian to US Sizes the general rule is get 1/2 or 1 size larger than your Australian size. Please see sizing chart below for more information. SIZE CONVERSION: US Women US Men UK EU 5 3 2 35 6 4 3 36 7 5 4 37 8 6 5 38 9 7 6 39 10 8 7 40 11 9 8 41 12 10 9 42 13 11 10 43 14 12 11 44 15 13 12 45 16 14 13 46 100% Vegan & Cruelty-Free! PLEASE NOTE | This is a PRE-ORDER Item. We do not keep these shoes in stock. Regular orders are placed with Demonia in the USA which take approx. 12 BUSINESS DAYS to arrive at the Beserk Warehouse, from there your order will then be dispatched same day. Any other items purchased with your Pre-ordered shoes will be kept aside and sent together when they arrive. On the rare occasion Demonia do not have your size in stock, we will contact you ASAP. DEMONIA - Defining Alternative Footwear",Beserk,https://www.beserk.com.au/products/bear-202-black-platform-boots-preorder?variant=34743542861&country=AU,https://cdn.shopify.com/s/files/1/0836/9167/files/bear-202-black-or-platform-boots-preorder-beserk-all-black-boot-boots-boots-preorder-clickfrenzy15-2023-demonia-discountapp-fluffy-fp-fur-goth-gothic-labelpreorder-labelvegan-mid-calf.jpg?v=1687777418,in_stock,"241.95 AUD",,Demonia,,BEAR202/B/PU-10,yes,new,BOOTS,9438133517,,"US 10 [WOMENS]",,,,6,kg,,https://www.beserk.com.au/pages/privacy-policy,https://www.beserk.com.au/pages/terms-and-conditions,https://www.beserk.com.au/pages/beserk-returns,AU,AU
34743542925,"Bear-202 [Black] | Platform Boots [Preorder], US 11 [WOMENS]","Goth Punk Stacked Vegan Suede Calf Boots FEATURES: - Stacked Platform - Faux Fur - Lace-up Front - Inside Zip Closure - 4.5"" (11.4cm) Platform MATERIALS: Made from Vegan Suede SIZING: Demonia Shoes are listed in US Sizing. To convert from Australian to US Sizes the general rule is get 1/2 or 1 size larger than your Australian size. Please see sizing chart below for more information. SIZE CONVERSION: US Women US Men UK EU 5 3 2 35 6 4 3 36 7 5 4 37 8 6 5 38 9 7 6 39 10 8 7 40 11 9 8 41 12 10 9 42 13 11 10 43 14 12 11 44 15 13 12 45 16 14 13 46 100% Vegan & Cruelty-Free! PLEASE NOTE | This is a PRE-ORDER Item. We do not keep these shoes in stock. Regular orders are placed with Demonia in the USA which take approx. 12 BUSINESS DAYS to arrive at the Beserk Warehouse, from there your order will then be dispatched same day. Any other items purchased with your Pre-ordered shoes will be kept aside and sent together when they arrive. On the rare occasion Demonia do not have your size in stock, we will contact you ASAP. DEMONIA - Defining Alternative Footwear",Beserk,https://www.beserk.com.au/products/bear-202-black-platform-boots-preorder?variant=34743542925&country=AU,https://cdn.shopify.com/s/files/1/0836/9167/files/bear-202-black-or-platform-boots-preorder-beserk-all-black-boot-boots-boots-preorder-clickfrenzy15-2023-demonia-discountapp-fluffy-fp-fur-goth-gothic-labelpreorder-labelvegan-mid-calf.jpg?v=1687777418,in_stock,"241.95 AUD",,Demonia,,BEAR202/B/PU-11,yes,new,BOOTS,9438133517,,"US 11 [WOMENS]",,,,6,kg,,https://www.beserk.com.au/pages/privacy-policy,https://www.beserk.com.au/pages/terms-and-conditions,https://www.beserk.com.au/pages/beserk-returns,AU,AU
34743542989,"Bear-202 [Black] | Platform Boots [Preorder], US 12 [WOMENS]","Goth Punk Stacked Vegan Suede Calf Boots FEATURES: - Stacked Platform - Faux Fur - Lace-up Front - Inside Zip Closure - 4.5"" (11.4cm) Platform MATERIALS: Made from Vegan Suede SIZING: Demonia Shoes are listed in US Sizing. To convert from Australian to US Sizes the general rule is get 1/2 or 1 size larger than your Australian size. Please see sizing chart below for more information. SIZE CONVERSION: US Women US Men UK EU 5 3 2 35 6 4 3 36 7 5 4 37 8 6 5 38 9 7 6 39 10 8 7 40 11 9 8 41 12 10 9 42 13 11 10 43 14 12 11 44 15 13 12 45 16 14 13 46 100% Vegan & Cruelty-Free! PLEASE NOTE | This is a PRE-ORDER Item. We do not keep these shoes in stock. Regular orders are placed with Demonia in the USA which take approx. 12 BUSINESS DAYS to arrive at the Beserk Warehouse, from there your order will then be dispatched same day. Any other items purchased with your Pre-ordered shoes will be kept aside and sent together when they arrive. On the rare occasion Demonia do not have your size in stock, we will contact you ASAP. DEMONIA - Defining Alternative Footwear",Beserk,https://www.beserk.com.au/products/bear-202-black-platform-boots-preorder?variant=34743542989&country=AU,https://cdn.shopify.com/s/files/1/0836/9167/files/bear-202-black-or-platform-boots-preorder-beserk-all-black-boot-boots-boots-preorder-clickfrenzy15-2023-demonia-discountapp-fluffy-fp-fur-goth-gothic-labelpreorder-labelvegan-mid-calf.jpg?v=1687777418,in_stock,"241.95 AUD",,Demonia,,BEAR202/B/PU-12,yes,new,BOOTS,9438133517,,"US 12 [WOMENS]",,,,6,kg,,https://www.beserk.com.au/pages/privacy-policy,https://www.beserk.com.au/pages/terms-and-conditions,https://www.beserk.com.au/pages/beserk-returns,AU,AU
34743545293,"Sky-309 [Patent Black] | Platform Heels [Preorder], US 05 [WOMENS]","Patent Black Platform Heels FEATURES: - Ankle Strap - 7"" (17.8cm) Heel - 2 3/4"" (7cm) Platform MATERIALS: Made from Vegan Leather SIZING: Pleaser Shoes are listed in US Sizing. To convert from Australian to US Sizes the general rule is get 1/2 or 1 size larger than your Australian size. Please see sizing tab below for more information. 100% Vegan & Cruelty-Free! PLEASE NOTE | This is a PRE-ORDER Item. We do not keep these shoes in stock. Regular orders are placed with Pleaser in the USA which take approx. 12 BUSINESS DAYS to arrive at the Beserk Warehouse, from there your order will then be dispatched same day. Any other items purchased with your Pre-ordered shoes will be kept aside and sent together when they arrive. On the rare occasion Pleaser do not have your size in stock, we will contact you ASAP. PLEASER - Sexier Than Ever",Beserk,https://www.beserk.com.au/products/sky-309-preorder?variant=34743545293&country=AU,https://cdn.shopify.com/s/files/1/0836/9167/files/sky-309-patent-black-or-platform-heels-preorder-beserk-all-black-clickfrenzy15-2023-discountapp-fp-heel-heels-heels-preorder-labelpreorder-labelvegan-platform-platform-heels-platforms.jpg?v=1687777418,in_stock,"137.95 AUD",,Pleaser,,SKY309/B/M-05,yes,new,HEELS,9438134861,,"US 05 [WOMENS]",,,,1.134,kg,,https://www.beserk.com.au/pages/privacy-policy,https://www.beserk.com.au/pages/terms-and-conditions,https://www.beserk.com.au/pages/beserk-returns,AU,AU
34743545421,"Sky-309 [Patent Black] | Platform Heels [Preorder], US 06 [WOMENS]","Patent Black Platform Heels FEATURES: - Ankle Strap - 7"" (17.8cm) Heel - 2 3/4"" (7cm) Platform MATERIALS: Made from Vegan Leather SIZING: Pleaser Shoes are listed in US Sizing. To convert from Australian to US Sizes the general rule is get 1/2 or 1 size larger than your Australian size. Please see sizing tab below for more information. 100% Vegan & Cruelty-Free! PLEASE NOTE | This is a PRE-ORDER Item. We do not keep these shoes in stock. Regular orders are placed with Pleaser in the USA which take approx. 12 BUSINESS DAYS to arrive at the Beserk Warehouse, from there your order will then be dispatched same day. Any other items purchased with your Pre-ordered shoes will be kept aside and sent together when they arrive. On the rare occasion Pleaser do not have your size in stock, we will contact you ASAP. PLEASER - Sexier Than Ever",Beserk,https://www.beserk.com.au/products/sky-309-preorder?variant=34743545421&country=AU,https://cdn.shopify.com/s/files/1/0836/9167/files/sky-309-patent-black-or-platform-heels-preorder-beserk-all-black-clickfrenzy15-2023-discountapp-fp-heel-heels-heels-preorder-labelpreorder-labelvegan-platform-platform-heels-platforms.jpg?v=1687777418,in_stock,"137.95 AUD",,Pleaser,,SKY309/B/M-06,yes,new,HEELS,9438134861,,"US 06 [WOMENS]",,,,1.134,kg,,https://www.beserk.com.au/pages/privacy-policy,https://www.beserk.com.au/pages/terms-and-conditions,https://www.beserk.com.au/pages/beserk-returns,AU,AU
34743545549,"Sky-309 [Patent Black] | Platform Heels [Preorder], US 07 [WOMENS]","Patent Black Platform Heels FEATURES: - Ankle Strap - 7"" (17.8cm) Heel - 2 3/4"" (7cm) Platform MATERIALS: Made from Vegan Leather SIZING: Pleaser Shoes are listed in US Sizing. To convert from Australian to US Sizes the general rule is get 1/2 or 1 size larger than your Australian size. Please see sizing tab below for more information. 100% Vegan & Cruelty-Free! PLEASE NOTE | This is a PRE-ORDER Item. We do not keep these shoes in stock. Regular orders are placed with Pleaser in the USA which take approx. 12 BUSINESS DAYS to arrive at the Beserk Warehouse, from there your order will then be dispatched same day. Any other items purchased with your Pre-ordered shoes will be kept aside and sent together when they arrive. On the rare occasion Pleaser do not have your size in stock, we will contact you ASAP. PLEASER - Sexier Than Ever",Beserk,https://www.beserk.com.au/products/sky-309-preorder?variant=34743545549&country=AU,https://cdn.shopify.com/s/files/1/0836/9167/files/sky-309-patent-black-or-platform-heels-preorder-beserk-all-black-clickfrenzy15-2023-discountapp-fp-heel-heels-heels-preorder-labelpreorder-labelvegan-platform-platform-heels-platforms.jpg?v=1687777418,in_stock,"137.95 AUD",,Pleaser,,SKY309/B/M-07,yes,new,HEELS,9438134861,,"US 07 [WOMENS]",,,,1.134,kg,,https://www.beserk.com.au/pages/privacy-policy,https://www.beserk.com.au/pages/terms-and-conditions,https://www.beserk.com.au/pages/beserk-returns,AU,AU
34743545741,"Sky-309 [Patent Black] | Platform Heels [Preorder], US 08 [WOMENS]","Patent Black Platform Heels FEATURES: - Ankle Strap - 7"" (17.8cm) Heel - 2 3/4"" (7cm) Platform MATERIALS: Made from Vegan Leather SIZING: Pleaser Shoes are listed in US Sizing. To convert from Australian to US Sizes the general rule is get 1/2 or 1 size larger than your Australian size. Please see sizing tab below for more information. 100% Vegan & Cruelty-Free! PLEASE NOTE | This is a PRE-ORDER Item. We do not keep these shoes in stock. Regular orders are placed with Pleaser in the USA which take approx. 12 BUSINESS DAYS to arrive at the Beserk Warehouse, from there your order will then be dispatched same day. Any other items purchased with your Pre-ordered shoes will be kept aside and sent together when they arrive. On the rare occasion Pleaser do not have your size in stock, we will contact you ASAP. PLEASER - Sexier Than Ever",Beserk,https://www.beserk.com.au/products/sky-309-preorder?variant=34743545741&country=AU,https://cdn.shopify.com/s/files/1/0836/9167/files/sky-309-patent-black-or-platform-heels-preorder-beserk-all-black-clickfrenzy15-2023-discountapp-fp-heel-heels-heels-preorder-labelpreorder-labelvegan-platform-platform-heels-platforms.jpg?v=1687777418,in_stock,"137.95 AUD",,Pleaser,,SKY309/B/M-08,yes,new,HEELS,9438134861,,"US 08 [WOMENS]",,,,1.361,kg,,https://www.beserk.com.au/pages/privacy-policy,https://www.beserk.com.au/pages/terms-and-conditions,https://www.beserk.com.au/pages/beserk-returns,AU,AU
34743545869,"Sky-309 [Patent Black] | Platform Heels [Preorder], US 09 [WOMENS]","Patent Black Platform Heels FEATURES: - Ankle Strap - 7"" (17.8cm) Heel - 2 3/4"" (7cm) Platform MATERIALS: Made from Vegan Leather SIZING: Pleaser Shoes are listed in US Sizing. To convert from Australian to US Sizes the general rule is get 1/2 or 1 size larger than your Australian size. Please see sizing tab below for more information. 100% Vegan & Cruelty-Free! PLEASE NOTE | This is a PRE-ORDER Item. We do not keep these shoes in stock. Regular orders are placed with Pleaser in the USA which take approx. 12 BUSINESS DAYS to arrive at the Beserk Warehouse, from there your order will then be dispatched same day. Any other items purchased with your Pre-ordered shoes will be kept aside and sent together when they arrive. On the rare occasion Pleaser do not have your size in stock, we will contact you ASAP. PLEASER - Sexier Than Ever",Beserk,https://www.beserk.com.au/products/sky-309-preorder?variant=34743545869&country=AU,https://cdn.shopify.com/s/files/1/0836/9167/files/sky-309-patent-black-or-platform-heels-preorder-beserk-all-black-clickfrenzy15-2023-discountapp-fp-heel-heels-heels-preorder-labelpreorder-labelvegan-platform-platform-heels-platforms.jpg?v=1687777418,in_stock,"137.95 AUD",,Pleaser,,SKY309/B/M-09,yes,new,HEELS,9438134861,,"US 09 [WOMENS]",,,,1.361,kg,,https://www.beserk.com.au/pages/privacy-policy,https://www.beserk.com.au/pages/terms-and-conditions,https://www.beserk.com.au/pages/beserk-returns,AU,AU
34743545933,"Sky-309 [Patent Black] | Platform Heels [Preorder], US 10 [WOMENS]","Patent Black Platform Heels FEATURES: - Ankle Strap - 7"" (17.8cm) Heel - 2 3/4"" (7cm) Platform MATERIALS: Made from Vegan Leather SIZING: Pleaser Shoes are listed in US Sizing. To convert from Australian to US Sizes the general rule is get 1/2 or 1 size larger than your Australian size. Please see sizing tab below for more information. 100% Vegan & Cruelty-Free! PLEASE NOTE | This is a PRE-ORDER Item. We do not keep these shoes in stock. Regular orders are placed with Pleaser in the USA which take approx. 12 BUSINESS DAYS to arrive at the Beserk Warehouse, from there your order will then be dispatched same day. Any other items purchased with your Pre-ordered shoes will be kept aside and sent together when they arrive. On the rare occasion Pleaser do not have your size in stock, we will contact you ASAP. PLEASER - Sexier Than Ever",Beserk,https://www.beserk.com.au/products/sky-309-preorder?variant=34743545933&country=AU,https://cdn.shopify.com/s/files/1/0836/9167/files/sky-309-patent-black-or-platform-heels-preorder-beserk-all-black-clickfrenzy15-2023-discountapp-fp-heel-heels-heels-preorder-labelpreorder-labelvegan-platform-platform-heels-platforms.jpg?v=1687777418,in_stock,"137.95 AUD",,Pleaser,,SKY309/B/M-10,yes,new,HEELS,9438134861,,"US 10 [WOMENS]",,,,1.361,kg,,https://www.beserk.com.au/pages/privacy-policy,https://www.beserk.com.au/pages/terms-and-conditions,https://www.beserk.com.au/pages/beserk-returns,AU,AU
34743546061,"Sky-309 [Patent Black] | Platform Heels [Preorder], US 11 [WOMENS]","Patent Black Platform Heels FEATURES: - Ankle Strap - 7"" (17.8cm) Heel - 2 3/4"" (7cm) Platform MATERIALS: Made from Vegan Leather SIZING: Pleaser Shoes are listed in US Sizing. To convert from Australian to US Sizes the general rule is get 1/2 or 1 size larger than your Australian size. Please see sizing tab below for more information. 100% Vegan & Cruelty-Free! PLEASE NOTE | This is a PRE-ORDER Item. We do not keep these shoes in stock. Regular orders are placed with Pleaser in the USA which take approx. 12 BUSINESS DAYS to arrive at the Beserk Warehouse, from there your order will then be dispatched same day. Any other items purchased with your Pre-ordered shoes will be kept aside and sent together when they arrive. On the rare occasion Pleaser do not have your size in stock, we will contact you ASAP. PLEASER - Sexier Than Ever",Beserk,https://www.beserk.com.au/products/sky-309-preorder?variant=34743546061&country=AU,https://cdn.shopify.com/s/files/1/0836/9167/files/sky-309-patent-black-or-platform-heels-preorder-beserk-all-black-clickfrenzy15-2023-discountapp-fp-heel-heels-heels-preorder-labelpreorder-labelvegan-platform-platform-heels-platforms.jpg?v=1687777418,in_stock,"137.95 AUD",,Pleaser,,SKY309/B/M-11,yes,new,HEELS,9438134861,,"US 11 [WOMENS]",,,,1.361,kg,,https://www.beserk.com.au/pages/privacy-policy,https://www.beserk.com.au/pages/terms-and-conditions,https://www.beserk.com.au/pages/beserk-returns,AU,AU
34743546189,"Sky-309 [Patent Black] | Platform Heels [Preorder], US 12 [WOMENS]","Patent Black Platform Heels FEATURES: - Ankle Strap - 7"" (17.8cm) Heel - 2 3/4"" (7cm) Platform MATERIALS: Made from Vegan Leather SIZING: Pleaser Shoes are listed in US Sizing. To convert from Australian to US Sizes the general rule is get 1/2 or 1 size larger than your Australian size. Please see sizing tab below for more information. 100% Vegan & Cruelty-Free! PLEASE NOTE | This is a PRE-ORDER Item. We do not keep these shoes in stock. Regular orders are placed with Pleaser in the USA which take approx. 12 BUSINESS DAYS to arrive at the Beserk Warehouse, from there your order will then be dispatched same day. Any other items purchased with your Pre-ordered shoes will be kept aside and sent together when they arrive. On the rare occasion Pleaser do not have your size in stock, we will contact you ASAP. PLEASER - Sexier Than Ever",Beserk,https://www.beserk.com.au/products/sky-309-preorder?variant=34743546189&country=AU,https://cdn.shopify.com/s/files/1/0836/9167/files/sky-309-patent-black-or-platform-heels-preorder-beserk-all-black-clickfrenzy15-2023-discountapp-fp-heel-heels-heels-preorder-labelpreorder-labelvegan-platform-platform-heels-platforms.jpg?v=1687777418,in_stock,"137.95 AUD",,Pleaser,,SKY309/B/M-12,yes,new,HEELS,9438134861,,"US 12 [WOMENS]",,,,1.497,kg,,https://www.beserk.com.au/pages/privacy-policy,https://www.beserk.com.au/pages/terms-and-conditions,https://www.beserk.com.au/pages/beserk-returns,AU,AU
34743546253,"Sky-309 [Patent Black] | Platform Heels [Preorder], US 13 [WOMENS]","Patent Black Platform Heels FEATURES: - Ankle Strap - 7"" (17.8cm) Heel - 2 3/4"" (7cm) Platform MATERIALS: Made from Vegan Leather SIZING: Pleaser Shoes are listed in US Sizing. To convert from Australian to US Sizes the general rule is get 1/2 or 1 size larger than your Australian size. Please see sizing tab below for more information. 100% Vegan & Cruelty-Free! PLEASE NOTE | This is a PRE-ORDER Item. We do not keep these shoes in stock. Regular orders are placed with Pleaser in the USA which take approx. 12 BUSINESS DAYS to arrive at the Beserk Warehouse, from there your order will then be dispatched same day. Any other items purchased with your Pre-ordered shoes will be kept aside and sent together when they arrive. On the rare occasion Pleaser do not have your size in stock, we will contact you ASAP. PLEASER - Sexier Than Ever",Beserk,https://www.beserk.com.au/products/sky-309-preorder?variant=34743546253&country=AU,https://cdn.shopify.com/s/files/1/0836/9167/files/sky-309-patent-black-or-platform-heels-preorder-beserk-all-black-clickfrenzy15-2023-discountapp-fp-heel-heels-heels-preorder-labelpreorder-labelvegan-platform-platform-heels-platforms.jpg?v=1687777418,in_stock,"137.95 AUD",,Pleaser,,SKY309/B/M-13,yes,new,HEELS,9438134861,,"US 13 [WOMENS]",,,,1.497,kg,,https://www.beserk.com.au/pages/privacy-policy,https://www.beserk.com.au/pages/terms-and-conditions,https://www.beserk.com.au/pages/beserk-returns,AU,AU
34743546317,"Sky-309 [Patent Black] | Platform Heels [Preorder], US 14 [WOMENS]","Patent Black Platform Heels FEATURES: - Ankle Strap - 7"" (17.8cm) Heel - 2 3/4"" (7cm) Platform MATERIALS: Made from Vegan Leather SIZING: Pleaser Shoes are listed in US Sizing. To convert from Australian to US Sizes the general rule is get 1/2 or 1 size larger than your Australian size. Please see sizing tab below for more information. 100% Vegan & Cruelty-Free! PLEASE NOTE | This is a PRE-ORDER Item. We do not keep these shoes in stock. Regular orders are placed with Pleaser in the USA which take approx. 12 BUSINESS DAYS to arrive at the Beserk Warehouse, from there your order will then be dispatched same day. Any other items purchased with your Pre-ordered shoes will be kept aside and sent together when they arrive. On the rare occasion Pleaser do not have your size in stock, we will contact you ASAP. PLEASER - Sexier Than Ever",Beserk,https://www.beserk.com.au/products/sky-309-preorder?variant=34743546317&country=AU,https://cdn.shopify.com/s/files/1/0836/9167/files/sky-309-patent-black-or-platform-heels-preorder-beserk-all-black-clickfrenzy15-2023-discountapp-fp-heel-heels-heels-preorder-labelpreorder-labelvegan-platform-platform-heels-platforms.jpg?v=1687777418,in_stock,"137.95 AUD",,Pleaser,,SKY309/B/M-14,yes,new,HEELS,9438134861,,"US 14 [WOMENS]",,,,1.497,kg,,https://www.beserk.com.au/pages/privacy-policy,https://www.beserk.com.au/pages/terms-and-conditions,https://www.beserk.com.au/pages/beserk-returns,AU,AU
34743553229,"Xtreme-1020 [Patent Black] | Platform Boots [Preorder], US 06 [WOMENS]","Patent Black Platform Ankle Boots FEATURES: - Lace Up Front - Full Inner Side Zip Closure - 8"" (20.3cm) Spike Heel - 4"" (10.2cm) Platform MATERIALS: Made from Vegan Leather SIZING: Pleaser Shoes are listed in US Sizing. To convert from Australian to US Sizes the general rule is get 1/2 or 1 size larger than your Australian size. Please see sizing tab below for more information. 100% Vegan & Cruelty-Free! PLEASE NOTE | This is a PRE-ORDER Item. We do not keep these shoes in stock. Regular orders are placed with Pleaser in the USA which take approx. 12 BUSINESS DAYS to arrive at the Beserk Warehouse, from there your order will then be dispatched same day. Any other items purchased with your Pre-ordered shoes will be kept aside and sent together when they arrive. On the rare occasion Pleaser do not have your size in stock, we will contact you ASAP. PLEASER - Sexier Than Ever",Beserk,https://www.beserk.com.au/products/xtreme-1020-black-patent-platform-boots-preorder?variant=34743553229&country=AU,https://cdn.shopify.com/s/files/1/0836/9167/files/xtreme-1020-patent-black-or-platform-boots-preorder-beserk-all-black-boot-boots-boots-preorder-clickfrenzy15-2023-discountapp-fp-goth-gothic-heel-heels-heels-preorder-labelpreorder-la.jpg?v=1687777418,in_stock,"212.95 AUD",,Pleaser,,XTM1020/B/M-06,yes,new,HEELS,9438137549,,"US 06 [WOMENS]",,,,2.132,kg,,https://www.beserk.com.au/pages/privacy-policy,https://www.beserk.com.au/pages/terms-and-conditions,https://www.beserk.com.au/pages/beserk-returns,AU,AU
34743553293,"Xtreme-1020 [Patent Black] | Platform Boots [Preorder], US 07 [WOMENS]","Patent Black Platform Ankle Boots FEATURES: - Lace Up Front - Full Inner Side Zip Closure - 8"" (20.3cm) Spike Heel - 4"" (10.2cm) Platform MATERIALS: Made from Vegan Leather SIZING: Pleaser Shoes are listed in US Sizing. To convert from Australian to US Sizes the general rule is get 1/2 or 1 size larger than your Australian size. Please see sizing tab below for more information. 100% Vegan & Cruelty-Free! PLEASE NOTE | This is a PRE-ORDER Item. We do not keep these shoes in stock. Regular orders are placed with Pleaser in the USA which take approx. 12 BUSINESS DAYS to arrive at the Beserk Warehouse, from there your order will then be dispatched same day. Any other items purchased with your Pre-ordered shoes will be kept aside and sent together when they arrive. On the rare occasion Pleaser do not have your size in stock, we will contact you ASAP. PLEASER - Sexier Than Ever",Beserk,https://www.beserk.com.au/products/xtreme-1020-black-patent-platform-boots-preorder?variant=34743553293&country=AU,https://cdn.shopify.com/s/files/1/0836/9167/files/xtreme-1020-patent-black-or-platform-boots-preorder-beserk-all-black-boot-boots-boots-preorder-clickfrenzy15-2023-discountapp-fp-goth-gothic-heel-heels-heels-preorder-labelpreorder-la.jpg?v=1687777418,in_stock,"212.95 AUD",,Pleaser,,XTM1020/B/M-07,yes,new,HEELS,9438137549,,"US 07 [WOMENS]",,,,2.132,kg,,https://www.beserk.com.au/pages/privacy-policy,https://www.beserk.com.au/pages/terms-and-conditions,https://www.beserk.com.au/pages/beserk-returns,AU,AU
34743553357,"Xtreme-1020 [Patent Black] | Platform Boots [Preorder], US 08 [WOMENS]","Patent Black Platform Ankle Boots FEATURES: - Lace Up Front - Full Inner Side Zip Closure - 8"" (20.3cm) Spike Heel - 4"" (10.2cm) Platform MATERIALS: Made from Vegan Leather SIZING: Pleaser Shoes are listed in US Sizing. To convert from Australian to US Sizes the general rule is get 1/2 or 1 size larger than your Australian size. Please see sizing tab below for more information. 100% Vegan & Cruelty-Free! PLEASE NOTE | This is a PRE-ORDER Item. We do not keep these shoes in stock. Regular orders are placed with Pleaser in the USA which take approx. 12 BUSINESS DAYS to arrive at the Beserk Warehouse, from there your order will then be dispatched same day. Any other items purchased with your Pre-ordered shoes will be kept aside and sent together when they arrive. On the rare occasion Pleaser do not have your size in stock, we will contact you ASAP. PLEASER - Sexier Than Ever",Beserk,https://www.beserk.com.au/products/xtreme-1020-black-patent-platform-boots-preorder?variant=34743553357&country=AU,https://cdn.shopify.com/s/files/1/0836/9167/files/xtreme-1020-patent-black-or-platform-boots-preorder-beserk-all-black-boot-boots-boots-preorder-clickfrenzy15-2023-discountapp-fp-goth-gothic-heel-heels-heels-preorder-labelpreorder-la.jpg?v=1687777418,in_stock,"212.95 AUD",,Pleaser,,XTM1020/B/M-08,yes,new,HEELS,9438137549,,"US 08 [WOMENS]",,,,2.132,kg,,https://www.beserk.com.au/pages/privacy-policy,https://www.beserk.com.au/pages/terms-and-conditions,https://www.beserk.com.au/pages/beserk-returns,AU,AU
34743553421,"Xtreme-1020 [Patent Black] | Platform Boots [Preorder], US 09 [WOMENS]","Patent Black Platform Ankle Boots FEATURES: - Lace Up Front - Full Inner Side Zip Closure - 8"" (20.3cm) Spike Heel - 4"" (10.2cm) Platform MATERIALS: Made from Vegan Leather SIZING: Pleaser Shoes are listed in US Sizing. To convert from Australian to US Sizes the general rule is get 1/2 or 1 size larger than your Australian size. Please see sizing tab below for more information. 100% Vegan & Cruelty-Free! PLEASE NOTE | This is a PRE-ORDER Item. We do not keep these shoes in stock. Regular orders are placed with Pleaser in the USA which take approx. 12 BUSINESS DAYS to arrive at the Beserk Warehouse, from there your order will then be dispatched same day. Any other items purchased with your Pre-ordered shoes will be kept aside and sent together when they arrive. On the rare occasion Pleaser do not have your size in stock, we will contact you ASAP. PLEASER - Sexier Than Ever",Beserk,https://www.beserk.com.au/products/xtreme-1020-black-patent-platform-boots-preorder?variant=34743553421&country=AU,https://cdn.shopify.com/s/files/1/0836/9167/files/xtreme-1020-patent-black-or-platform-boots-preorder-beserk-all-black-boot-boots-boots-preorder-clickfrenzy15-2023-discountapp-fp-goth-gothic-heel-heels-heels-preorder-labelpreorder-la.jpg?v=1687777418,in_stock,"212.95 AUD",,Pleaser,,XTM1020/B/M-09,yes,new,HEELS,9438137549,,"US 09 [WOMENS]",,,,2.132,kg,,https://www.beserk.com.au/pages/privacy-policy,https://www.beserk.com.au/pages/terms-and-conditions,https://www.beserk.com.au/pages/beserk-returns,AU,AU
34743553485,"Xtreme-1020 [Patent Black] | Platform Boots [Preorder], US 10 [WOMENS]","Patent Black Platform Ankle Boots FEATURES: - Lace Up Front - Full Inner Side Zip Closure - 8"" (20.3cm) Spike Heel - 4"" (10.2cm) Platform MATERIALS: Made from Vegan Leather SIZING: Pleaser Shoes are listed in US Sizing. To convert from Australian to US Sizes the general rule is get 1/2 or 1 size larger than your Australian size. Please see sizing tab below for more information. 100% Vegan & Cruelty-Free! PLEASE NOTE | This is a PRE-ORDER Item. We do not keep these shoes in stock. Regular orders are placed with Pleaser in the USA which take approx. 12 BUSINESS DAYS to arrive at the Beserk Warehouse, from there your order will then be dispatched same day. Any other items purchased with your Pre-ordered shoes will be kept aside and sent together when they arrive. On the rare occasion Pleaser do not have your size in stock, we will contact you ASAP. PLEASER - Sexier Than Ever",Beserk,https://www.beserk.com.au/products/xtreme-1020-black-patent-platform-boots-preorder?variant=34743553485&country=AU,https://cdn.shopify.com/s/files/1/0836/9167/files/xtreme-1020-patent-black-or-platform-boots-preorder-beserk-all-black-boot-boots-boots-preorder-clickfrenzy15-2023-discountapp-fp-goth-gothic-heel-heels-heels-preorder-labelpreorder-la.jpg?v=1687777418,in_stock,"212.95 AUD",,Pleaser,,XTM1020/B/M-10,yes,new,HEELS,9438137549,,"US 10 [WOMENS]",,,,2.132,kg,,https://www.beserk.com.au/pages/privacy-policy,https://www.beserk.com.au/pages/terms-and-conditions,https://www.beserk.com.au/pages/beserk-returns,AU,AU
34743553613,"Xtreme-1020 [Patent Black] | Platform Boots [Preorder], US 11 [WOMENS]","Patent Black Platform Ankle Boots FEATURES: - Lace Up Front - Full Inner Side Zip Closure - 8"" (20.3cm) Spike Heel - 4"" (10.2cm) Platform MATERIALS: Made from Vegan Leather SIZING: Pleaser Shoes are listed in US Sizing. To convert from Australian to US Sizes the general rule is get 1/2 or 1 size larger than your Australian size. Please see sizing tab below for more information. 100% Vegan & Cruelty-Free! PLEASE NOTE | This is a PRE-ORDER Item. We do not keep these shoes in stock. Regular orders are placed with Pleaser in the USA which take approx. 12 BUSINESS DAYS to arrive at the Beserk Warehouse, from there your order will then be dispatched same day. Any other items purchased with your Pre-ordered shoes will be kept aside and sent together when they arrive. On the rare occasion Pleaser do not have your size in stock, we will contact you ASAP. PLEASER - Sexier Than Ever",Beserk,https://www.beserk.com.au/products/xtreme-1020-black-patent-platform-boots-preorder?variant=34743553613&country=AU,https://cdn.shopify.com/s/files/1/0836/9167/files/xtreme-1020-patent-black-or-platform-boots-preorder-beserk-all-black-boot-boots-boots-preorder-clickfrenzy15-2023-discountapp-fp-goth-gothic-heel-heels-heels-preorder-labelpreorder-la.jpg?v=1687777418,in_stock,"212.95 AUD",,Pleaser,,XTM1020/B/M-11,yes,new,HEELS,9438137549,,"US 11 [WOMENS]",,,,2.585,kg,,https://www.beserk.com.au/pages/privacy-policy,https://www.beserk.com.au/pages/terms-and-conditions,https://www.beserk.com.au/pages/beserk-returns,AU,AU
34743553677,"Xtreme-1020 [Patent Black] | Platform Boots [Preorder], US 12 [WOMENS]","Patent Black Platform Ankle Boots FEATURES: - Lace Up Front - Full Inner Side Zip Closure - 8"" (20.3cm) Spike Heel - 4"" (10.2cm) Platform MATERIALS: Made from Vegan Leather SIZING: Pleaser Shoes are listed in US Sizing. To convert from Australian to US Sizes the general rule is get 1/2 or 1 size larger than your Australian size. Please see sizing tab below for more information. 100% Vegan & Cruelty-Free! PLEASE NOTE | This is a PRE-ORDER Item. We do not keep these shoes in stock. Regular orders are placed with Pleaser in the USA which take approx. 12 BUSINESS DAYS to arrive at the Beserk Warehouse, from there your order will then be dispatched same day. Any other items purchased with your Pre-ordered shoes will be kept aside and sent together when they arrive. On the rare occasion Pleaser do not have your size in stock, we will contact you ASAP. PLEASER - Sexier Than Ever",Beserk,https://www.beserk.com.au/products/xtreme-1020-black-patent-platform-boots-preorder?variant=34743553677&country=AU,https://cdn.shopify.com/s/files/1/0836/9167/files/xtreme-1020-patent-black-or-platform-boots-preorder-beserk-all-black-boot-boots-boots-preorder-clickfrenzy15-2023-discountapp-fp-goth-gothic-heel-heels-heels-preorder-labelpreorder-la.jpg?v=1687777418,in_stock,"212.95 AUD",,Pleaser,,XTM1020/B/M-12,yes,new,HEELS,9438137549,,"US 12 [WOMENS]",,,,2.585,kg,,https://www.beserk.com.au/pages/privacy-policy,https://www.beserk.com.au/pages/terms-and-conditions,https://www.beserk.com.au/pages/beserk-returns,AU,AU
34743553741,"Xtreme-1020 [Patent Black] | Platform Boots [Preorder], US 13 [WOMENS]","Patent Black Platform Ankle Boots FEATURES: - Lace Up Front - Full Inner Side Zip Closure - 8"" (20.3cm) Spike Heel - 4"" (10.2cm) Platform MATERIALS: Made from Vegan Leather SIZING: Pleaser Shoes are listed in US Sizing. To convert from Australian to US Sizes the general rule is get 1/2 or 1 size larger than your Australian size. Please see sizing tab below for more information. 100% Vegan & Cruelty-Free! PLEASE NOTE | This is a PRE-ORDER Item. We do not keep these shoes in stock. Regular orders are placed with Pleaser in the USA which take approx. 12 BUSINESS DAYS to arrive at the Beserk Warehouse, from there your order will then be dispatched same day. Any other items purchased with your Pre-ordered shoes will be kept aside and sent together when they arrive. On the rare occasion Pleaser do not have your size in stock, we will contact you ASAP. PLEASER - Sexier Than Ever",Beserk,https://www.beserk.com.au/products/xtreme-1020-black-patent-platform-boots-preorder?variant=34743553741&country=AU,https://cdn.shopify.com/s/files/1/0836/9167/files/xtreme-1020-patent-black-or-platform-boots-preorder-beserk-all-black-boot-boots-boots-preorder-clickfrenzy15-2023-discountapp-fp-goth-gothic-heel-heels-heels-preorder-labelpreorder-la.jpg?v=1687777418,in_stock,"212.95 AUD",,Pleaser,,XTM1020/B/M-13,yes,new,HEELS,9438137549,,"US 13 [WOMENS]",,,,2.585,kg,,https://www.beserk.com.au/pages/privacy-policy,https://www.beserk.com.au/pages/terms-and-conditions,https://www.beserk.com.au/pages/beserk-returns,AU,AU
34743553805,"Xtreme-1020 [Patent Black] | Platform Boots [Preorder], US 14 [WOMENS]","Patent Black Platform Ankle Boots FEATURES: - Lace Up Front - Full Inner Side Zip Closure - 8"" (20.3cm) Spike Heel - 4"" (10.2cm) Platform MATERIALS: Made from Vegan Leather SIZING: Pleaser Shoes are listed in US Sizing. To convert from Australian to US Sizes the general rule is get 1/2 or 1 size larger than your Australian size. Please see sizing tab below for more information. 100% Vegan & Cruelty-Free! PLEASE NOTE | This is a PRE-ORDER Item. We do not keep these shoes in stock. Regular orders are placed with Pleaser in the USA which take approx. 12 BUSINESS DAYS to arrive at the Beserk Warehouse, from there your order will then be dispatched same day. Any other items purchased with your Pre-ordered shoes will be kept aside and sent together when they arrive. On the rare occasion Pleaser do not have your size in stock, we will contact you ASAP. PLEASER - Sexier Than Ever",Beserk,https://www.beserk.com.au/products/xtreme-1020-black-patent-platform-boots-preorder?variant=34743553805&country=AU,https://cdn.shopify.com/s/files/1/0836/9167/files/xtreme-1020-patent-black-or-platform-boots-preorder-beserk-all-black-boot-boots-boots-preorder-clickfrenzy15-2023-discountapp-fp-goth-gothic-heel-heels-heels-preorder-labelpreorder-la.jpg?v=1687777418,in_stock,"212.95 AUD",,Pleaser,,XTM1020/B/M-14,yes,new,HEELS,9438137549,,"US 14 [WOMENS]",,,,2.585,kg,,https://www.beserk.com.au/pages/privacy-policy,https://www.beserk.com.au/pages/terms-and-conditions,https://www.beserk.com.au/pages/beserk-returns,AU,AU
34743631181,"Daisy-03 [Black] | Flats [Preorder], US 06 [WOMENS]","Ballet Flats with Double Skull Buckles FEATURES: - Mary Jane Style - Skull Buckles - Eyelet Detailing MATERIALS: Made from Vegan Leather SIZING: Demonia Shoes are listed in US Sizing. To convert from Australian to US Sizes the general rule is get 1/2 or 1 size larger than your Australian size. Please see sizing chart below for more information. SIZE CONVERSION: US Women US Men UK EU 5 3 2 35 6 4 3 36 7 5 4 37 8 6 5 38 9 7 6 39 10 8 7 40 11 9 8 41 12 10 9 42 13 11 10 43 14 12 11 44 15 13 12 45 16 14 13 46 100% Vegan & Cruelty-Free! PLEASE NOTE | This is a PRE-ORDER Item. We do not keep these shoes in stock. Regular orders are placed with Demonia in the USA which take approx. 12 BUSINESS DAYS to arrive at the Beserk Warehouse, from there your order will then be dispatched same day. Any other items purchased with your Pre-ordered shoes will be kept aside and sent together when they arrive. On the rare occasion Demonia do not have your size in stock, we will contact you ASAP. DEMONIA - Defining Alternative Footwear",Beserk,https://www.beserk.com.au/products/daisy-03-black-flats-preorder?variant=34743631181&country=AU,https://cdn.shopify.com/s/files/1/0836/9167/files/daisy-03-black-or-flats-preorder-beserk-all-black-clickfrenzy15-2023-demonia-demonia-shoes-discountapp-flats-flats-preorder-fp-goth-gothic-halloween-labelpreorder-labelvegan-mary-jane.jpg?v=1687777418,in_stock,"137.95 AUD",,Demonia,,DAI03/B/PU-06,yes,new,FLATS,9438152141,,"US 06 [WOMENS]",,,,1.5,kg,,https://www.beserk.com.au/pages/privacy-policy,https://www.beserk.com.au/pages/terms-and-conditions,https://www.beserk.com.au/pages/beserk-returns,AU,AU
34743631437,"Daisy-03 [Black] | Flats [Preorder], US 07 [WOMENS]","Ballet Flats with Double Skull Buckles FEATURES: - Mary Jane Style - Skull Buckles - Eyelet Detailing MATERIALS: Made from Vegan Leather SIZING: Demonia Shoes are listed in US Sizing. To convert from Australian to US Sizes the general rule is get 1/2 or 1 size larger than your Australian size. Please see sizing chart below for more information. SIZE CONVERSION: US Women US Men UK EU 5 3 2 35 6 4 3 36 7 5 4 37 8 6 5 38 9 7 6 39 10 8 7 40 11 9 8 41 12 10 9 42 13 11 10 43 14 12 11 44 15 13 12 45 16 14 13 46 100% Vegan & Cruelty-Free! PLEASE NOTE | This is a PRE-ORDER Item. We do not keep these shoes in stock. Regular orders are placed with Demonia in the USA which take approx. 12 BUSINESS DAYS to arrive at the Beserk Warehouse, from there your order will then be dispatched same day. Any other items purchased with your Pre-ordered shoes will be kept aside and sent together when they arrive. On the rare occasion Demonia do not have your size in stock, we will contact you ASAP. DEMONIA - Defining Alternative Footwear",Beserk,https://www.beserk.com.au/products/daisy-03-black-flats-preorder?variant=34743631437&country=AU,https://cdn.shopify.com/s/files/1/0836/9167/files/daisy-03-black-or-flats-preorder-beserk-all-black-clickfrenzy15-2023-demonia-demonia-shoes-discountapp-flats-flats-preorder-fp-goth-gothic-halloween-labelpreorder-labelvegan-mary-jane.jpg?v=1687777418,in_stock,"137.95 AUD",,Demonia,,DAI03/B/PU-07,yes,new,FLATS,9438152141,,"US 07 [WOMENS]",,,,1.5,kg,,https://www.beserk.com.au/pages/privacy-policy,https://www.beserk.com.au/pages/terms-and-conditions,https://www.beserk.com.au/pages/beserk-returns,AU,AU
34743631629,"Daisy-03 [Black] | Flats [Preorder], US 08 [WOMENS]","Ballet Flats with Double Skull Buckles FEATURES: - Mary Jane Style - Skull Buckles - Eyelet Detailing MATERIALS: Made from Vegan Leather SIZING: Demonia Shoes are listed in US Sizing. To convert from Australian to US Sizes the general rule is get 1/2 or 1 size larger than your Australian size. Please see sizing chart below for more information. SIZE CONVERSION: US Women US Men UK EU 5 3 2 35 6 4 3 36 7 5 4 37 8 6 5 38 9 7 6 39 10 8 7 40 11 9 8 41 12 10 9 42 13 11 10 43 14 12 11 44 15 13 12 45 16 14 13 46 100% Vegan & Cruelty-Free! PLEASE NOTE | This is a PRE-ORDER Item. We do not keep these shoes in stock. Regular orders are placed with Demonia in the USA which take approx. 12 BUSINESS DAYS to arrive at the Beserk Warehouse, from there your order will then be dispatched same day. Any other items purchased with your Pre-ordered shoes will be kept aside and sent together when they arrive. On the rare occasion Demonia do not have your size in stock, we will contact you ASAP. DEMONIA - Defining Alternative Footwear",Beserk,https://www.beserk.com.au/products/daisy-03-black-flats-preorder?variant=34743631629&country=AU,https://cdn.shopify.com/s/files/1/0836/9167/files/daisy-03-black-or-flats-preorder-beserk-all-black-clickfrenzy15-2023-demonia-demonia-shoes-discountapp-flats-flats-preorder-fp-goth-gothic-halloween-labelpreorder-labelvegan-mary-jane.jpg?v=1687777418,in_stock,"137.95 AUD",,Demonia,,DAI03/B/PU-08,yes,new,FLATS,9438152141,,"US 08 [WOMENS]",,,,1.5,kg,,https://www.beserk.com.au/pages/privacy-policy,https://www.beserk.com.au/pages/terms-and-conditions,https://www.beserk.com.au/pages/beserk-returns,AU,AU
34743631821,"Daisy-03 [Black] | Flats [Preorder], US 09 [WOMENS]","Ballet Flats with Double Skull Buckles FEATURES: - Mary Jane Style - Skull Buckles - Eyelet Detailing MATERIALS: Made from Vegan Leather SIZING: Demonia Shoes are listed in US Sizing. To convert from Australian to US Sizes the general rule is get 1/2 or 1 size larger than your Australian size. Please see sizing chart below for more information. SIZE CONVERSION: US Women US Men UK EU 5 3 2 35 6 4 3 36 7 5 4 37 8 6 5 38 9 7 6 39 10 8 7 40 11 9 8 41 12 10 9 42 13 11 10 43 14 12 11 44 15 13 12 45 16 14 13 46 100% Vegan & Cruelty-Free! PLEASE NOTE | This is a PRE-ORDER Item. We do not keep these shoes in stock. Regular orders are placed with Demonia in the USA which take approx. 12 BUSINESS DAYS to arrive at the Beserk Warehouse, from there your order will then be dispatched same day. Any other items purchased with your Pre-ordered shoes will be kept aside and sent together when they arrive. On the rare occasion Demonia do not have your size in stock, we will contact you ASAP. DEMONIA - Defining Alternative Footwear",Beserk,https://www.beserk.com.au/products/daisy-03-black-flats-preorder?variant=34743631821&country=AU,https://cdn.shopify.com/s/files/1/0836/9167/files/daisy-03-black-or-flats-preorder-beserk-all-black-clickfrenzy15-2023-demonia-demonia-shoes-discountapp-flats-flats-preorder-fp-goth-gothic-halloween-labelpreorder-labelvegan-mary-jane.jpg?v=1687777418,in_stock,"137.95 AUD",,Demonia,,DAI03/B/PU-09,yes,new,FLATS,9438152141,,"US 09 [WOMENS]",,,,1.5,kg,,https://www.beserk.com.au/pages/privacy-policy,https://www.beserk.com.au/pages/terms-and-conditions,https://www.beserk.com.au/pages/beserk-returns,AU,AU
